{"type": "FeatureCollection", "features": [{"type": "Feature", "properties": {"state_name": "Assam"}, "geometry": {"type": "MultiPolygon", "coordinates": [[[[89.871, 25.537], [89.874, 25.514], [89.872, 25.479], [89.855, 25.476], [89.855, 25.488], [89.859, 25.496], [89.863, 25.505], [89.862, 25.521], [89.858, 25.535], [89.871, 25.537]]], [[[89.871, 25.537], [89.871, 25.539], [89.873, 25.54], [89.874, 25.542], [89.875, 25.542], [89.871, 25.537]]], [[[95.952, 27.942], [95.958, 27.933], [95.944, 27.913], [95.925, 27.901], [95.924, 27.89], [95.914, 27.881], [95.906, 27.877], [95.895, 27.867], [95.874, 27.84], [95.843, 27.821], [95.811, 27.794], [95.795, 27.773], [95.785, 27.74], [95.759, 27.727], [95.773, 27.711], [95.779, 27.694], [95.785, 27.683], [95.779, 27.661], [95.8, 27.643], [95.785, 27.627], [95.798, 27.608], [95.824, 27.603], [95.828, 27.582], [95.846, 27.568], [95.874, 27.551], [95.881, 27.523], [95.89, 27.506], [95.879, 27.493], [95.866, 27.469], [95.86, 27.449], [95.849, 27.43], [95.867, 27.417], [95.865, 27.429], [95.89, 27.44], [95.894, 27.414], [95.906, 27.423], [95.933, 27.447], [95.954, 27.441], [95.961, 27.429], [95.972, 27.43], [95.98, 27.43], [95.989, 27.422], [96.001, 27.403], [96.011, 27.381], [96.013, 27.364], [95.995, 27.36], [95.97, 27.337], [95.969, 27.332], [95.966, 27.322], [95.912, 27.293], [95.904, 27.28], [95.888, 27.263], [95.865, 27.277], [95.86, 27.294], [95.808, 27.285], [95.791, 27.285], [95.736, 27.267], [95.715, 27.259], [95.679, 27.256], [95.619, 27.237], [95.578, 27.242], [95.556, 27.254], [95.526, 27.266], [95.511, 27.259], [95.481, 27.232], [95.469, 27.218], [95.466, 27.197], [95.468, 27.172], [95.463, 27.16], [95.461, 27.14], [95.447, 27.138], [95.42, 27.131], [95.385, 27.105], [95.368, 27.107], [95.366, 27.113], [95.313, 27.087], [95.278, 27.057], [95.267, 27.04], [95.252, 27.032], [95.235, 27.044], [95.226, 27.042], [95.208, 27.035], [95.196, 27.043], [95.137, 26.994], [95.113, 26.972], [95.055, 26.941], [95.017, 26.924], [94.991, 26.923], [94.98, 26.925], [94.967, 26.936], [94.941, 26.939], [94.924, 26.95], [94.901, 26.94], [94.87, 26.915], [94.853, 26.885], [94.836, 26.868], [94.822, 26.849], [94.815, 26.83], [94.797, 26.819], [94.795, 26.804], [94.769, 26.791], [94.759, 26.774], [94.746, 26.782], [94.737, 26.767], [94.697, 26.74], [94.659, 26.725], [94.632, 26.72], [94.62, 26.727], [94.61, 26.74], [94.593, 26.726], [94.605, 26.717], [94.595, 26.712], [94.585, 26.703], [94.571, 26.69], [94.565, 26.706], [94.55, 26.71], [94.523, 26.704], [94.51, 26.683], [94.493, 26.672], [94.462, 26.663], [94.464, 26.64], [94.455, 26.639], [94.409, 26.61], [94.409, 26.569], [94.409, 26.557], [94.408, 26.55], [94.402, 26.539], [94.394, 26.533], [94.378, 26.517], [94.359, 26.509], [94.356, 26.503], [94.35, 26.493], [94.329, 26.484], [94.317, 26.463], [94.294, 26.481], [94.287, 26.515], [94.285, 26.54], [94.289, 26.56], [94.263, 26.544], [94.24, 26.511], [94.209, 26.484], [94.177, 26.428], [94.179, 26.389], [94.174, 26.368], [94.175, 26.355], [94.172, 26.344], [94.147, 26.335], [94.139, 26.342], [94.119, 26.33], [94.108, 26.326], [94.09, 26.297], [94.077, 26.285], [94.065, 26.262], [94.042, 26.234], [94.037, 26.21], [94.022, 26.191], [94.004, 26.169], [94.006, 26.147], [93.996, 26.137], [93.998, 26.131], [93.993, 26.12], [94.002, 26.115], [93.992, 26.098], [93.986, 26.084], [93.975, 26.052], [93.963, 26.022], [93.959, 26.002], [93.969, 25.961], [93.979, 25.92], [93.96, 25.905], [93.924, 25.89], [93.899, 25.864], [93.883, 25.846], [93.842, 25.863], [93.819, 25.826], [93.791, 25.816], [93.785, 25.836], [93.784, 25.85], [93.785, 25.863], [93.788, 25.876], [93.795, 25.898], [93.796, 25.918], [93.789, 25.933], [93.789, 25.946], [93.787, 25.954], [93.773, 25.966], [93.763, 25.955], [93.752, 25.936], [93.717, 25.922], [93.688, 25.909], [93.705, 25.849], [93.698, 25.851], [93.683, 25.841], [93.67, 25.829], [93.652, 25.823], [93.64, 25.813], [93.629, 25.804], [93.624, 25.79], [93.611, 25.776], [93.603, 25.771], [93.588, 25.768], [93.573, 25.761], [93.57, 25.752], [93.557, 25.738], [93.546, 25.722], [93.544, 25.706], [93.531, 25.693], [93.517, 25.688], [93.508, 25.667], [93.49, 25.656], [93.483, 25.646], [93.466, 25.644], [93.461, 25.637], [93.45, 25.635], [93.439, 25.634], [93.428, 25.631], [93.417, 25.615], [93.407, 25.606], [93.4, 25.596], [93.383, 25.583], [93.376, 25.577], [93.369, 25.57], [93.361, 25.56], [93.341, 25.555], [93.34, 25.537], [93.35, 25.534], [93.365, 25.516], [93.371, 25.505], [93.387, 25.49], [93.392, 25.474], [93.417, 25.453], [93.444, 25.451], [93.465, 25.416], [93.477, 25.386], [93.454, 25.348], [93.458, 25.33], [93.474, 25.309], [93.445, 25.292], [93.423, 25.272], [93.404, 25.263], [93.388, 25.232], [93.38, 25.221], [93.369, 25.2], [93.349, 25.167], [93.351, 25.145], [93.347, 25.127], [93.344, 25.116], [93.33, 25.095], [93.311, 25.073], [93.304, 25.056], [93.3, 25.053], [93.287, 25.047], [93.269, 25.047], [93.264, 25.036], [93.258, 25.022], [93.249, 25.013], [93.248, 25.003], [93.251, 25.003], [93.255, 25.004], [93.257, 25.003], [93.262, 25.006], [93.256, 25.002], [93.255, 24.992], [93.252, 24.981], [93.259, 24.973], [93.261, 24.954], [93.249, 24.955], [93.254, 24.943], [93.241, 24.941], [93.247, 24.94], [93.245, 24.93], [93.242, 24.915], [93.243, 24.908], [93.233, 24.899], [93.233, 24.885], [93.225, 24.875], [93.214, 24.862], [93.2, 24.858], [93.202, 24.844], [93.199, 24.84], [93.196, 24.838], [93.197, 24.834], [93.199, 24.815], [93.19, 24.806], [93.18, 24.799], [93.174, 24.804], [93.157, 24.792], [93.149, 24.799], [93.137, 24.811], [93.12, 24.811], [93.111, 24.812], [93.106, 24.788], [93.103, 24.773], [93.1, 24.751], [93.103, 24.743], [93.104, 24.737], [93.093, 24.724], [93.079, 24.714], [93.085, 24.698], [93.092, 24.68], [93.102, 24.68], [93.099, 24.667], [93.096, 24.653], [93.089, 24.634], [93.079, 24.621], [93.077, 24.604], [93.089, 24.59], [93.107, 24.584], [93.087, 24.571], [93.073, 24.561], [93.051, 24.537], [93.041, 24.515], [93.046, 24.482], [93.037, 24.444], [93.029, 24.406], [93.0, 24.403], [92.988, 24.408], [92.971, 24.401], [92.954, 24.405], [92.939, 24.399], [92.925, 24.402], [92.912, 24.413], [92.905, 24.394], [92.892, 24.402], [92.878, 24.399], [92.859, 24.398], [92.847, 24.382], [92.829, 24.378], [92.825, 24.39], [92.83, 24.402], [92.816, 24.412], [92.809, 24.417], [92.801, 24.419], [92.803, 24.427], [92.79, 24.456], [92.779, 24.486], [92.754, 24.507], [92.749, 24.489], [92.718, 24.416], [92.715, 24.409], [92.707, 24.387], [92.698, 24.375], [92.694, 24.365], [92.691, 24.355], [92.68, 24.348], [92.664, 24.347], [92.658, 24.343], [92.652, 24.335], [92.65, 24.329], [92.645, 24.328], [92.637, 24.333], [92.636, 24.336], [92.623, 24.331], [92.618, 24.304], [92.619, 24.288], [92.616, 24.271], [92.608, 24.25], [92.591, 24.246], [92.559, 24.248], [92.547, 24.235], [92.542, 24.214], [92.536, 24.2], [92.533, 24.181], [92.525, 24.173], [92.514, 24.174], [92.512, 24.165], [92.505, 24.167], [92.495, 24.16], [92.485, 24.159], [92.484, 24.154], [92.479, 24.149], [92.475, 24.143], [92.467, 24.135], [92.457, 24.144], [92.439, 24.151], [92.438, 24.169], [92.433, 24.183], [92.418, 24.211], [92.423, 24.248], [92.396, 24.253], [92.303, 24.253], [92.26, 24.25], [92.268, 24.367], [92.272, 24.379], [92.27, 24.391], [92.263, 24.408], [92.257, 24.433], [92.236, 24.454], [92.231, 24.465], [92.239, 24.49], [92.235, 24.498], [92.231, 24.509], [92.233, 24.541], [92.234, 24.562], [92.239, 24.6], [92.251, 24.636], [92.251, 24.654], [92.258, 24.669], [92.259, 24.681], [92.265, 24.691], [92.279, 24.71], [92.29, 24.724], [92.293, 24.739], [92.288, 24.755], [92.289, 24.766], [92.293, 24.784], [92.287, 24.792], [92.28, 24.828], [92.263, 24.833], [92.255, 24.842], [92.247, 24.845], [92.244, 24.86], [92.241, 24.87], [92.248, 24.873], [92.25, 24.885], [92.242, 24.897], [92.244, 24.903], [92.255, 24.914], [92.268, 24.906], [92.28, 24.91], [92.29, 24.912], [92.301, 24.914], [92.314, 24.908], [92.32, 24.895], [92.334, 24.893], [92.339, 24.88], [92.346, 24.884], [92.35, 24.89], [92.365, 24.882], [92.378, 24.868], [92.389, 24.861], [92.395, 24.855], [92.414, 24.858], [92.426, 24.86], [92.434, 24.854], [92.447, 24.863], [92.455, 24.877], [92.47, 24.871], [92.486, 24.874], [92.496, 24.879], [92.494, 24.894], [92.498, 24.904], [92.497, 24.915], [92.494, 24.927], [92.489, 24.942], [92.48, 24.945], [92.467, 24.944], [92.456, 24.948], [92.459, 24.96], [92.474, 24.957], [92.461, 24.976], [92.446, 24.967], [92.428, 24.973], [92.424, 24.996], [92.431, 25.016], [92.433, 25.031], [92.426, 25.032], [92.447, 25.042], [92.46, 25.035], [92.46, 25.05], [92.466, 25.057], [92.477, 25.078], [92.484, 25.108], [92.532, 25.104], [92.533, 25.112], [92.525, 25.14], [92.54, 25.137], [92.565, 25.131], [92.594, 25.128], [92.622, 25.118], [92.632, 25.138], [92.651, 25.152], [92.663, 25.173], [92.677, 25.182], [92.694, 25.181], [92.733, 25.203], [92.755, 25.205], [92.78, 25.203], [92.804, 25.217], [92.786, 25.231], [92.777, 25.261], [92.782, 25.276], [92.789, 25.292], [92.788, 25.318], [92.769, 25.34], [92.751, 25.348], [92.741, 25.364], [92.737, 25.381], [92.721, 25.375], [92.71, 25.386], [92.688, 25.404], [92.667, 25.414], [92.654, 25.424], [92.64, 25.42], [92.633, 25.433], [92.629, 25.425], [92.612, 25.416], [92.608, 25.43], [92.601, 25.452], [92.598, 25.472], [92.571, 25.464], [92.568, 25.481], [92.594, 25.503], [92.628, 25.522], [92.65, 25.56], [92.66, 25.585], [92.648, 25.592], [92.631, 25.571], [92.612, 25.566], [92.593, 25.554], [92.573, 25.56], [92.561, 25.583], [92.559, 25.609], [92.54, 25.618], [92.502, 25.623], [92.481, 25.664], [92.46, 25.683], [92.44, 25.689], [92.433, 25.695], [92.436, 25.716], [92.421, 25.729], [92.412, 25.737], [92.395, 25.741], [92.384, 25.747], [92.371, 25.746], [92.352, 25.735], [92.318, 25.724], [92.306, 25.723], [92.271, 25.711], [92.248, 25.711], [92.233, 25.715], [92.202, 25.69], [92.194, 25.686], [92.175, 25.67], [92.161, 25.672], [92.16, 25.691], [92.156, 25.709], [92.154, 25.723], [92.166, 25.734], [92.156, 25.765], [92.155, 25.78], [92.153, 25.813], [92.166, 25.833], [92.178, 25.848], [92.18, 25.87], [92.203, 25.89], [92.218, 25.9], [92.224, 25.91], [92.205, 25.909], [92.197, 25.918], [92.183, 25.911], [92.16, 25.915], [92.156, 25.943], [92.167, 25.959], [92.177, 25.973], [92.207, 25.988], [92.215, 25.996], [92.256, 26.029], [92.296, 26.079], [92.288, 26.07], [92.272, 26.067], [92.241, 26.063], [92.214, 26.07], [92.209, 26.069], [92.188, 26.069], [92.179, 26.069], [92.155, 26.068], [92.144, 26.058], [92.123, 26.045], [92.081, 26.044], [92.063, 26.035], [92.036, 26.039], [92.022, 26.039], [92.0, 26.039], [91.984, 26.031], [91.946, 26.015], [91.926, 26.0], [91.919, 26.007], [91.912, 26.024], [91.883, 26.03], [91.876, 26.098], [91.819, 26.119], [91.802, 26.105], [91.779, 26.091], [91.733, 26.051], [91.723, 26.02], [91.72, 25.954], [91.702, 25.938], [91.676, 25.912], [91.657, 25.908], [91.623, 25.931], [91.63, 25.945], [91.628, 25.977], [91.627, 25.998], [91.632, 26.014], [91.62, 26.027], [91.597, 26.017], [91.57, 26.027], [91.565, 26.008], [91.551, 25.975], [91.532, 25.962], [91.518, 25.953], [91.503, 25.914], [91.522, 25.925], [91.509, 25.91], [91.493, 25.896], [91.476, 25.878], [91.498, 25.867], [91.52, 25.878], [91.532, 25.888], [91.522, 25.874], [91.496, 25.862], [91.469, 25.859], [91.441, 25.842], [91.413, 25.854], [91.382, 25.847], [91.357, 25.841], [91.342, 25.836], [91.332, 25.832], [91.287, 25.764], [91.262, 25.749], [91.221, 25.726], [91.192, 25.736], [91.186, 25.77], [91.185, 25.795], [91.19, 25.821], [91.199, 25.848], [91.185, 25.85], [91.162, 25.849], [91.132, 25.842], [91.067, 25.826], [91.057, 25.832], [91.073, 25.842], [91.042, 25.839], [91.006, 25.821], [91.013, 25.849], [91.027, 25.867], [91.026, 25.888], [90.997, 25.889], [90.967, 25.887], [90.961, 25.928], [90.943, 25.948], [90.918, 25.943], [90.916, 25.915], [90.897, 25.935], [90.883, 25.952], [90.872, 25.947], [90.843, 25.945], [90.836, 25.947], [90.82, 25.948], [90.792, 25.936], [90.769, 25.909], [90.75, 25.919], [90.746, 25.922], [90.744, 25.933], [90.746, 25.953], [90.732, 25.953], [90.713, 25.952], [90.654, 25.93], [90.629, 25.907], [90.611, 25.907], [90.629, 25.937], [90.587, 25.954], [90.573, 25.944], [90.547, 25.92], [90.518, 25.896], [90.526, 25.928], [90.534, 25.958], [90.506, 25.996], [90.49, 26.01], [90.465, 26.007], [90.447, 25.997], [90.414, 26.001], [90.397, 26.012], [90.381, 26.012], [90.339, 25.997], [90.324, 25.974], [90.213, 25.954], [90.189, 25.953], [90.176, 25.957], [90.158, 25.958], [90.14, 25.958], [90.12, 25.958], [90.108, 25.951], [90.096, 25.94], [90.081, 25.925], [90.068, 25.916], [90.052, 25.899], [90.021, 25.893], [90.014, 25.872], [90.021, 25.862], [89.998, 25.847], [89.998, 25.84], [89.974, 25.828], [89.945, 25.824], [89.952, 25.811], [89.955, 25.774], [89.934, 25.753], [89.922, 25.739], [89.895, 25.744], [89.913, 25.707], [89.921, 25.694], [89.942, 25.674], [89.983, 25.627], [90.005, 25.624], [90.006, 25.588], [89.979, 25.591], [89.957, 25.57], [89.926, 25.564], [89.878, 25.549], [89.871, 25.557], [89.877, 25.566], [89.879, 25.575], [89.879, 25.588], [89.886, 25.608], [89.885, 25.63], [89.879, 25.645], [89.875, 25.656], [89.868, 25.661], [89.862, 25.675], [89.853, 25.687], [89.856, 25.703], [89.853, 25.71], [89.844, 25.71], [89.835, 25.717], [89.831, 25.733], [89.838, 25.743], [89.845, 25.757], [89.84, 25.778], [89.836, 25.79], [89.833, 25.797], [89.831, 25.806], [89.826, 25.81], [89.821, 25.814], [89.819, 25.821], [89.831, 25.853], [89.839, 25.859], [89.838, 25.87], [89.849, 25.883], [89.858, 25.895], [89.87, 25.909], [89.881, 25.919], [89.886, 25.934], [89.886, 25.944], [89.865, 25.941], [89.853, 25.939], [89.844, 25.937], [89.841, 25.942], [89.829, 25.942], [89.83, 25.949], [89.839, 25.951], [89.849, 25.946], [89.849, 25.951], [89.847, 25.958], [89.843, 25.962], [89.851, 25.968], [89.866, 25.968], [89.876, 25.973], [89.87, 25.978], [89.859, 25.985], [89.85, 25.992], [89.849, 26.003], [89.841, 26.01], [89.837, 26.006], [89.834, 25.997], [89.836, 25.989], [89.84, 25.981], [89.829, 25.981], [89.82, 25.988], [89.823, 25.996], [89.826, 26.009], [89.82, 26.021], [89.817, 26.033], [89.811, 26.043], [89.809, 26.036], [89.803, 26.025], [89.797, 26.017], [89.791, 26.018], [89.797, 26.023], [89.801, 26.029], [89.805, 26.038], [89.798, 26.04], [89.796, 26.034], [89.793, 26.035], [89.788, 26.04], [89.782, 26.035], [89.778, 26.036], [89.783, 26.043], [89.793, 26.047], [89.788, 26.054], [89.801, 26.057], [89.801, 26.063], [89.8, 26.071], [89.796, 26.074], [89.799, 26.081], [89.795, 26.087], [89.788, 26.081], [89.788, 26.092], [89.787, 26.098], [89.787, 26.105], [89.777, 26.103], [89.769, 26.108], [89.761, 26.107], [89.768, 26.12], [89.766, 26.136], [89.757, 26.144], [89.744, 26.159], [89.731, 26.157], [89.723, 26.156], [89.722, 26.165], [89.725, 26.172], [89.734, 26.175], [89.717, 26.177], [89.703, 26.177], [89.702, 26.188], [89.714, 26.189], [89.716, 26.203], [89.721, 26.206], [89.732, 26.212], [89.703, 26.213], [89.7, 26.219], [89.712, 26.228], [89.729, 26.238], [89.717, 26.252], [89.704, 26.257], [89.709, 26.271], [89.717, 26.259], [89.734, 26.266], [89.717, 26.293], [89.72, 26.308], [89.723, 26.295], [89.749, 26.289], [89.751, 26.306], [89.762, 26.317], [89.781, 26.336], [89.782, 26.353], [89.813, 26.367], [89.812, 26.361], [89.82, 26.35], [89.827, 26.367], [89.828, 26.381], [89.845, 26.384], [89.853, 26.396], [89.844, 26.394], [89.827, 26.396], [89.845, 26.41], [89.85, 26.422], [89.861, 26.44], [89.87, 26.464], [89.853, 26.488], [89.854, 26.521], [89.865, 26.548], [89.862, 26.575], [89.874, 26.589], [89.877, 26.606], [89.859, 26.617], [89.874, 26.644], [89.868, 26.657], [89.869, 26.671], [89.861, 26.7], [89.858, 26.72], [89.862, 26.737], [89.889, 26.724], [89.932, 26.723], [89.967, 26.725], [90.002, 26.734], [90.045, 26.729], [90.078, 26.735], [90.128, 26.749], [90.189, 26.771], [90.183, 26.804], [90.195, 26.833], [90.227, 26.858], [90.262, 26.855], [90.306, 26.849], [90.346, 26.876], [90.364, 26.898], [90.409, 26.902], [90.454, 26.872], [90.5, 26.842], [90.529, 26.824], [90.554, 26.806], [90.573, 26.799], [90.615, 26.795], [90.649, 26.774], [90.679, 26.78], [90.712, 26.768], [90.734, 26.769], [90.762, 26.774], [90.818, 26.775], [90.897, 26.779], [90.971, 26.785], [90.993, 26.788], [91.014, 26.785], [91.058, 26.782], [91.106, 26.814], [91.18, 26.811], [91.249, 26.806], [91.295, 26.785], [91.341, 26.782], [91.385, 26.809], [91.402, 26.835], [91.437, 26.817], [91.468, 26.798], [91.531, 26.796], [91.603, 26.81], [91.654, 26.815], [91.702, 26.812], [91.727, 26.813], [91.802, 26.852], [91.853, 26.912], [91.878, 26.916], [91.909, 26.91], [91.96, 26.878], [91.986, 26.858], [92.029, 26.85], [92.071, 26.857], [92.097, 26.869], [92.12, 26.89], [92.162, 26.893], [92.209, 26.897], [92.268, 26.905], [92.301, 26.908], [92.347, 26.933], [92.4, 26.926], [92.446, 26.961], [92.491, 26.965], [92.554, 26.959], [92.644, 27.003], [92.657, 27.038], [92.714, 27.026], [92.824, 27.018], [92.888, 27.0], [92.915, 26.97], [92.933, 26.957], [92.981, 26.936], [92.996, 26.93], [93.06, 26.921], [93.109, 26.927], [93.348, 26.963], [93.448, 26.954], [93.487, 26.943], [93.571, 26.954], [93.64, 26.965], [93.698, 26.995], [93.706, 27.008], [93.746, 27.032], [93.771, 27.055], [93.775, 27.056], [93.781, 27.061], [93.786, 27.055], [93.797, 27.071], [93.802, 27.062], [93.813, 27.071], [93.825, 27.072], [93.829, 27.072], [93.835, 27.082], [93.831, 27.092], [93.822, 27.122], [93.811, 27.126], [93.808, 27.133], [93.798, 27.134], [93.806, 27.138], [93.817, 27.158], [93.84, 27.173], [93.886, 27.224], [93.919, 27.257], [93.973, 27.308], [93.996, 27.328], [94.01, 27.339], [94.048, 27.359], [94.069, 27.374], [94.1, 27.414], [94.136, 27.446], [94.159, 27.47], [94.175, 27.484], [94.211, 27.498], [94.259, 27.523], [94.256, 27.551], [94.226, 27.576], [94.225, 27.599], [94.217, 27.609], [94.247, 27.636], [94.259, 27.637], [94.262, 27.625], [94.272, 27.603], [94.288, 27.595], [94.308, 27.596], [94.329, 27.588], [94.349, 27.579], [94.372, 27.579], [94.388, 27.589], [94.431, 27.603], [94.45, 27.575], [94.469, 27.564], [94.5, 27.577], [94.532, 27.597], [94.556, 27.603], [94.582, 27.617], [94.601, 27.622], [94.625, 27.63], [94.645, 27.637], [94.676, 27.651], [94.684, 27.663], [94.717, 27.662], [94.737, 27.666], [94.764, 27.675], [94.791, 27.689], [94.8, 27.697], [94.849, 27.711], [94.861, 27.739], [94.998, 27.777], [95.049, 27.786], [95.293, 27.865], [95.516, 27.882], [95.544, 27.906], [95.566, 27.932], [95.597, 27.951], [95.977, 27.968], [95.952, 27.942]]]]}}, {"type": "Feature", "properties": {"state_name": "Chhattisgarh"}, "geometry": {"type": "Polygon", "coordinates": [[[83.328, 24.1], [83.383, 24.1], [83.409, 24.08], [83.429, 24.08], [83.431, 24.058], [83.458, 24.042], [83.507, 24.028], [83.508, 24.001], [83.523, 23.952], [83.543, 23.898], [83.576, 23.884], [83.561, 23.863], [83.601, 23.853], [83.65, 23.848], [83.658, 23.828], [83.682, 23.826], [83.696, 23.808], [83.713, 23.781], [83.73, 23.744], [83.732, 23.705], [83.715, 23.683], [83.751, 23.653], [83.748, 23.627], [83.775, 23.6], [83.806, 23.582], [83.846, 23.581], [83.898, 23.571], [83.935, 23.563], [83.949, 23.624], [84.007, 23.632], [84.002, 23.62], [84.022, 23.592], [84.021, 23.55], [84.012, 23.508], [83.993, 23.485], [83.97, 23.455], [83.978, 23.421], [83.966, 23.381], [83.983, 23.36], [84.017, 23.372], [84.043, 23.374], [84.047, 23.364], [84.068, 23.334], [84.064, 23.292], [84.059, 23.274], [84.052, 23.221], [84.058, 23.204], [84.039, 23.179], [84.03, 23.149], [84.04, 23.132], [84.059, 23.113], [84.088, 23.109], [84.112, 23.087], [84.131, 23.077], [84.125, 23.053], [84.127, 23.026], [84.144, 22.988], [84.155, 22.964], [84.169, 22.995], [84.175, 23.012], [84.198, 23.019], [84.212, 22.986], [84.237, 22.98], [84.262, 22.98], [84.269, 22.979], [84.307, 22.968], [84.332, 22.979], [84.371, 22.975], [84.378, 22.952], [84.389, 22.939], [84.371, 22.902], [84.378, 22.888], [84.371, 22.872], [84.348, 22.863], [84.329, 22.86], [84.32, 22.836], [84.31, 22.799], [84.29, 22.787], [84.281, 22.76], [84.254, 22.763], [84.23, 22.74], [84.229, 22.705], [84.221, 22.669], [84.202, 22.665], [84.165, 22.645], [84.115, 22.635], [84.08, 22.637], [84.042, 22.592], [84.018, 22.579], [84.004, 22.555], [84.005, 22.53], [83.993, 22.527], [83.974, 22.514], [83.99, 22.494], [84.015, 22.482], [84.039, 22.469], [84.04, 22.433], [84.022, 22.41], [84.01, 22.396], [84.004, 22.368], [83.985, 22.366], [83.952, 22.361], [83.919, 22.36], [83.872, 22.339], [83.853, 22.339], [83.825, 22.32], [83.821, 22.296], [83.798, 22.29], [83.789, 22.28], [83.766, 22.256], [83.746, 22.241], [83.679, 22.241], [83.655, 22.224], [83.612, 22.177], [83.567, 22.114], [83.559, 22.095], [83.589, 22.076], [83.584, 22.055], [83.538, 22.055], [83.534, 22.022], [83.545, 21.999], [83.54, 21.985], [83.549, 21.95], [83.588, 21.926], [83.583, 21.899], [83.58, 21.889], [83.572, 21.872], [83.579, 21.837], [83.557, 21.834], [83.528, 21.823], [83.536, 21.799], [83.506, 21.8], [83.485, 21.803], [83.476, 21.774], [83.474, 21.75], [83.478, 21.728], [83.456, 21.694], [83.428, 21.692], [83.429, 21.669], [83.475, 21.641], [83.485, 21.626], [83.453, 21.605], [83.45, 21.617], [83.441, 21.632], [83.424, 21.638], [83.402, 21.627], [83.381, 21.613], [83.363, 21.568], [83.354, 21.535], [83.336, 21.5], [83.342, 21.474], [83.361, 21.442], [83.374, 21.422], [83.393, 21.383], [83.394, 21.361], [83.394, 21.342], [83.335, 21.356], [83.287, 21.371], [83.27, 21.367], [83.255, 21.332], [83.254, 21.312], [83.275, 21.286], [83.257, 21.276], [83.225, 21.267], [83.219, 21.224], [83.208, 21.201], [83.202, 21.177], [83.194, 21.158], [83.177, 21.131], [83.149, 21.12], [83.108, 21.108], [83.082, 21.107], [83.051, 21.117], [83.033, 21.124], [83.016, 21.14], [82.999, 21.148], [82.972, 21.156], [82.956, 21.175], [82.928, 21.161], [82.902, 21.163], [82.873, 21.151], [82.854, 21.157], [82.812, 21.159], [82.792, 21.145], [82.752, 21.16], [82.711, 21.156], [82.692, 21.157], [82.636, 21.149], [82.645, 21.129], [82.637, 21.112], [82.635, 21.092], [82.615, 21.075], [82.622, 21.037], [82.595, 20.997], [82.553, 20.941], [82.519, 20.925], [82.486, 20.904], [82.481, 20.861], [82.463, 20.84], [82.459, 20.824], [82.441, 20.824], [82.416, 20.826], [82.407, 20.848], [82.383, 20.87], [82.356, 20.87], [82.341, 20.868], [82.333, 20.82], [82.335, 20.759], [82.347, 20.714], [82.351, 20.678], [82.366, 20.661], [82.368, 20.624], [82.358, 20.609], [82.339, 20.594], [82.341, 20.57], [82.327, 20.558], [82.328, 20.549], [82.359, 20.516], [82.381, 20.502], [82.39, 20.465], [82.406, 20.466], [82.419, 20.446], [82.429, 20.426], [82.41, 20.403], [82.403, 20.365], [82.394, 20.34], [82.4, 20.325], [82.424, 20.297], [82.421, 20.273], [82.414, 20.242], [82.408, 20.221], [82.414, 20.202], [82.383, 20.16], [82.387, 20.133], [82.395, 20.089], [82.396, 20.049], [82.432, 20.039], [82.464, 20.032], [82.49, 20.019], [82.544, 20.012], [82.598, 19.986], [82.624, 19.998], [82.65, 19.999], [82.698, 19.993], [82.709, 19.947], [82.706, 19.927], [82.701, 19.901], [82.709, 19.87], [82.705, 19.845], [82.691, 19.826], [82.654, 19.826], [82.629, 19.804], [82.608, 19.785], [82.595, 19.773], [82.578, 19.78], [82.579, 19.797], [82.574, 19.824], [82.579, 19.837], [82.59, 19.848], [82.591, 19.866], [82.551, 19.875], [82.53, 19.882], [82.502, 19.882], [82.487, 19.897], [82.458, 19.895], [82.425, 19.898], [82.4, 19.889], [82.378, 19.869], [82.356, 19.855], [82.327, 19.838], [82.298, 19.883], [82.269, 19.958], [82.233, 19.996], [82.214, 19.993], [82.184, 19.981], [82.166, 19.998], [82.128, 20.013], [82.103, 20.021], [82.089, 20.035], [82.058, 20.05], [82.032, 20.017], [82.016, 20.027], [82.01, 20.045], [81.993, 20.048], [81.974, 20.076], [81.941, 20.102], [81.922, 20.087], [81.894, 20.048], [81.876, 20.044], [81.865, 20.034], [81.858, 20.009], [81.851, 19.99], [81.837, 19.95], [81.846, 19.923], [81.869, 19.893], [81.96, 19.855], [81.98, 19.796], [82.003, 19.799], [82.029, 19.792], [82.048, 19.788], [82.059, 19.775], [82.044, 19.738], [82.042, 19.708], [82.048, 19.663], [82.047, 19.638], [82.045, 19.611], [82.035, 19.583], [82.044, 19.565], [82.046, 19.539], [82.03, 19.514], [82.071, 19.516], [82.099, 19.49], [82.107, 19.453], [82.161, 19.43], [82.183, 19.418], [82.166, 19.366], [82.141, 19.362], [82.157, 19.343], [82.177, 19.332], [82.17, 19.302], [82.155, 19.275], [82.152, 19.224], [82.158, 19.193], [82.175, 19.174], [82.178, 19.161], [82.171, 19.154], [82.172, 19.148], [82.166, 19.143], [82.161, 19.13], [82.176, 19.125], [82.197, 19.101], [82.211, 19.092], [82.197, 19.068], [82.227, 18.994], [82.228, 18.907], [82.185, 18.897], [82.17, 18.878], [82.161, 18.858], [82.165, 18.83], [82.161, 18.804], [82.161, 18.791], [82.145, 18.773], [82.129, 18.758], [82.085, 18.758], [82.08, 18.723], [82.061, 18.718], [82.049, 18.718], [82.01, 18.711], [81.968, 18.691], [81.961, 18.668], [81.946, 18.64], [81.916, 18.636], [81.893, 18.654], [81.888, 18.637], [81.9, 18.62], [81.933, 18.595], [81.946, 18.575], [81.946, 18.558], [81.925, 18.558], [81.909, 18.564], [81.898, 18.538], [81.896, 18.528], [81.874, 18.52], [81.858, 18.513], [81.844, 18.482], [81.762, 18.411], [81.746, 18.352], [81.699, 18.344], [81.649, 18.331], [81.659, 18.311], [81.621, 18.304], [81.593, 18.301], [81.582, 18.288], [81.539, 18.262], [81.523, 18.227], [81.505, 18.178], [81.522, 18.148], [81.509, 18.092], [81.495, 18.063], [81.474, 18.029], [81.475, 17.989], [81.477, 17.97], [81.467, 17.955], [81.444, 17.922], [81.448, 17.905], [81.44, 17.879], [81.43, 17.875], [81.399, 17.888], [81.39, 17.862], [81.393, 17.836], [81.383, 17.817], [81.374, 17.805], [81.345, 17.812], [81.298, 17.81], [81.22, 17.829], [81.184, 17.849], [81.109, 17.823], [81.08, 17.795], [81.066, 17.784], [81.038, 17.786], [81.003, 17.849], [80.992, 17.919], [80.98, 17.943], [80.974, 17.977], [80.97, 18.003], [80.963, 18.028], [80.964, 18.05], [80.948, 18.091], [80.949, 18.123], [80.974, 18.158], [80.95, 18.164], [80.932, 18.149], [80.881, 18.133], [80.858, 18.139], [80.856, 18.149], [80.852, 18.183], [80.849, 18.199], [80.866, 18.201], [80.862, 18.222], [80.83, 18.234], [80.818, 18.219], [80.811, 18.183], [80.787, 18.164], [80.735, 18.172], [80.757, 18.23], [80.788, 18.25], [80.782, 18.26], [80.763, 18.282], [80.753, 18.291], [80.744, 18.317], [80.724, 18.357], [80.724, 18.372], [80.716, 18.386], [80.729, 18.404], [80.717, 18.409], [80.695, 18.435], [80.683, 18.445], [80.674, 18.456], [80.666, 18.463], [80.645, 18.484], [80.634, 18.503], [80.635, 18.515], [80.621, 18.523], [80.601, 18.545], [80.562, 18.57], [80.53, 18.589], [80.522, 18.601], [80.511, 18.616], [80.482, 18.628], [80.463, 18.623], [80.416, 18.609], [80.389, 18.599], [80.367, 18.605], [80.356, 18.594], [80.339, 18.588], [80.315, 18.636], [80.289, 18.695], [80.258, 18.731], [80.24, 18.752], [80.255, 18.766], [80.265, 18.763], [80.29, 18.786], [80.319, 18.796], [80.349, 18.824], [80.326, 18.87], [80.309, 18.886], [80.268, 18.929], [80.265, 18.947], [80.268, 18.984], [80.293, 19.022], [80.292, 19.05], [80.322, 19.075], [80.332, 19.101], [80.325, 19.142], [80.344, 19.162], [80.381, 19.181], [80.377, 19.217], [80.397, 19.246], [80.419, 19.25], [80.457, 19.299], [80.47, 19.329], [80.507, 19.344], [80.526, 19.367], [80.571, 19.399], [80.582, 19.368], [80.596, 19.331], [80.61, 19.307], [80.658, 19.324], [80.684, 19.32], [80.689, 19.283], [80.709, 19.283], [80.743, 19.286], [80.764, 19.305], [80.788, 19.324], [80.806, 19.335], [80.839, 19.355], [80.823, 19.375], [80.798, 19.412], [80.794, 19.429], [80.857, 19.443], [80.892, 19.466], [80.886, 19.509], [80.852, 19.524], [80.836, 19.549], [80.809, 19.565], [80.764, 19.585], [80.697, 19.611], [80.656, 19.617], [80.666, 19.686], [80.646, 19.706], [80.613, 19.729], [80.571, 19.755], [80.539, 19.781], [80.542, 19.819], [80.498, 19.829], [80.46, 19.811], [80.48, 19.795], [80.467, 19.785], [80.443, 19.791], [80.4, 19.794], [80.405, 19.815], [80.447, 19.82], [80.469, 19.838], [80.498, 19.869], [80.483, 19.899], [80.444, 19.894], [80.408, 19.906], [80.409, 19.935], [80.439, 19.947], [80.469, 19.94], [80.502, 19.925], [80.526, 19.949], [80.538, 19.974], [80.54, 19.998], [80.542, 20.037], [80.542, 20.077], [80.54, 20.11], [80.524, 20.124], [80.498, 20.139], [80.467, 20.143], [80.444, 20.13], [80.401, 20.14], [80.386, 20.163], [80.395, 20.182], [80.414, 20.19], [80.388, 20.231], [80.409, 20.249], [80.437, 20.258], [80.476, 20.274], [80.536, 20.295], [80.584, 20.319], [80.618, 20.334], [80.606, 20.356], [80.601, 20.373], [80.587, 20.388], [80.59, 20.413], [80.603, 20.433], [80.602, 20.457], [80.607, 20.504], [80.613, 20.537], [80.61, 20.556], [80.614, 20.577], [80.619, 20.598], [80.603, 20.607], [80.567, 20.612], [80.52, 20.585], [80.493, 20.604], [80.482, 20.63], [80.508, 20.655], [80.547, 20.671], [80.578, 20.679], [80.575, 20.698], [80.555, 20.747], [80.545, 20.782], [80.551, 20.815], [80.551, 20.86], [80.539, 20.921], [80.526, 20.932], [80.483, 20.928], [80.456, 20.932], [80.444, 20.961], [80.433, 21.0], [80.424, 21.01], [80.432, 21.017], [80.439, 21.027], [80.447, 21.034], [80.447, 21.044], [80.448, 21.054], [80.444, 21.063], [80.443, 21.072], [80.441, 21.083], [80.436, 21.095], [80.436, 21.101], [80.439, 21.109], [80.446, 21.111], [80.449, 21.115], [80.44, 21.12], [80.444, 21.131], [80.449, 21.144], [80.454, 21.159], [80.457, 21.173], [80.473, 21.171], [80.482, 21.177], [80.495, 21.183], [80.505, 21.183], [80.511, 21.189], [80.516, 21.198], [80.528, 21.202], [80.539, 21.199], [80.549, 21.201], [80.561, 21.206], [80.568, 21.214], [80.582, 21.222], [80.596, 21.225], [80.605, 21.229], [80.61, 21.233], [80.62, 21.242], [80.635, 21.25], [80.641, 21.261], [80.645, 21.276], [80.652, 21.283], [80.661, 21.29], [80.671, 21.296], [80.674, 21.309], [80.667, 21.316], [80.662, 21.326], [80.66, 21.334], [80.666, 21.344], [80.675, 21.364], [80.686, 21.377], [80.693, 21.394], [80.697, 21.409], [80.698, 21.423], [80.704, 21.434], [80.718, 21.445], [80.728, 21.463], [80.728, 21.477], [80.722, 21.491], [80.724, 21.506], [80.725, 21.518], [80.73, 21.531], [80.728, 21.542], [80.719, 21.552], [80.715, 21.562], [80.72, 21.572], [80.716, 21.58], [80.71, 21.585], [80.709, 21.594], [80.711, 21.606], [80.72, 21.615], [80.722, 21.625], [80.72, 21.636], [80.717, 21.644], [80.71, 21.652], [80.708, 21.661], [80.71, 21.668], [80.711, 21.674], [80.715, 21.679], [80.72, 21.688], [80.725, 21.698], [80.722, 21.707], [80.723, 21.714], [80.724, 21.722], [80.729, 21.735], [80.738, 21.754], [80.75, 21.758], [80.766, 21.755], [80.777, 21.741], [80.796, 21.744], [80.811, 21.747], [80.811, 21.761], [80.817, 21.774], [80.821, 21.785], [80.828, 21.797], [80.832, 21.811], [80.836, 21.825], [80.836, 21.832], [80.832, 21.846], [80.84, 21.853], [80.837, 21.867], [80.837, 21.879], [80.825, 21.887], [80.824, 21.898], [80.827, 21.914], [80.835, 21.926], [80.836, 21.937], [80.831, 21.947], [80.822, 21.948], [80.818, 21.957], [80.829, 21.957], [80.843, 21.958], [80.849, 21.97], [80.853, 21.981], [80.856, 21.992], [80.859, 22.0], [80.87, 22.039], [80.885, 22.061], [80.898, 22.101], [80.925, 22.121], [80.958, 22.097], [80.963, 22.058], [80.983, 22.049], [80.991, 22.058], [80.997, 22.081], [81.0, 22.101], [80.98, 22.113], [80.971, 22.115], [80.993, 22.132], [81.018, 22.154], [81.012, 22.184], [81.025, 22.193], [81.016, 22.214], [81.04, 22.241], [81.069, 22.246], [81.097, 22.277], [81.11, 22.321], [81.111, 22.353], [81.105, 22.411], [81.123, 22.448], [81.164, 22.482], [81.193, 22.482], [81.202, 22.457], [81.233, 22.455], [81.26, 22.494], [81.28, 22.499], [81.316, 22.49], [81.323, 22.524], [81.362, 22.515], [81.38, 22.498], [81.383, 22.463], [81.414, 22.449], [81.418, 22.474], [81.436, 22.469], [81.443, 22.472], [81.444, 22.487], [81.453, 22.491], [81.48, 22.493], [81.493, 22.52], [81.515, 22.529], [81.528, 22.54], [81.557, 22.532], [81.563, 22.551], [81.593, 22.538], [81.622, 22.544], [81.624, 22.564], [81.649, 22.569], [81.642, 22.592], [81.655, 22.622], [81.688, 22.647], [81.718, 22.664], [81.737, 22.669], [81.763, 22.664], [81.756, 22.698], [81.762, 22.735], [81.784, 22.767], [81.773, 22.809], [81.769, 22.851], [81.796, 22.88], [81.836, 22.886], [81.86, 22.915], [81.887, 22.925], [81.914, 22.948], [81.94, 22.957], [81.938, 22.992], [81.932, 23.017], [81.919, 23.037], [81.926, 23.062], [81.938, 23.078], [81.969, 23.079], [81.982, 23.086], [81.997, 23.08], [82.016, 23.079], [82.046, 23.099], [82.069, 23.115], [82.086, 23.109], [82.119, 23.107], [82.131, 23.129], [82.154, 23.158], [82.137, 23.165], [82.137, 23.18], [82.141, 23.198], [82.142, 23.228], [82.16, 23.253], [82.174, 23.272], [82.187, 23.29], [82.189, 23.309], [82.184, 23.327], [82.156, 23.335], [82.143, 23.354], [82.118, 23.354], [82.105, 23.363], [82.101, 23.391], [82.085, 23.393], [82.063, 23.392], [82.049, 23.379], [82.029, 23.388], [82.015, 23.388], [82.02, 23.401], [82.018, 23.421], [81.995, 23.416], [81.976, 23.413], [81.971, 23.424], [81.972, 23.445], [81.961, 23.46], [81.947, 23.475], [81.928, 23.513], [81.909, 23.535], [81.884, 23.522], [81.855, 23.516], [81.817, 23.515], [81.812, 23.531], [81.798, 23.549], [81.751, 23.563], [81.729, 23.565], [81.717, 23.548], [81.693, 23.523], [81.662, 23.532], [81.654, 23.514], [81.635, 23.498], [81.617, 23.495], [81.606, 23.521], [81.602, 23.554], [81.576, 23.559], [81.571, 23.591], [81.6, 23.597], [81.607, 23.624], [81.635, 23.659], [81.649, 23.683], [81.687, 23.723], [81.673, 23.743], [81.662, 23.76], [81.638, 23.775], [81.643, 23.805], [81.626, 23.836], [81.606, 23.838], [81.597, 23.857], [81.611, 23.867], [81.598, 23.886], [81.608, 23.903], [81.629, 23.908], [81.652, 23.918], [81.668, 23.916], [81.687, 23.885], [81.703, 23.873], [81.715, 23.862], [81.724, 23.851], [81.727, 23.841], [81.773, 23.814], [81.801, 23.814], [81.824, 23.816], [81.858, 23.829], [81.894, 23.844], [81.91, 23.864], [81.933, 23.867], [81.939, 23.861], [81.962, 23.857], [82.001, 23.863], [82.028, 23.848], [82.031, 23.832], [82.045, 23.821], [82.089, 23.818], [82.117, 23.823], [82.156, 23.822], [82.17, 23.825], [82.189, 23.844], [82.207, 23.841], [82.201, 23.828], [82.226, 23.807], [82.255, 23.822], [82.284, 23.813], [82.307, 23.811], [82.328, 23.804], [82.347, 23.804], [82.384, 23.805], [82.423, 23.806], [82.449, 23.812], [82.483, 23.798], [82.497, 23.785], [82.536, 23.792], [82.544, 23.803], [82.534, 23.815], [82.534, 23.825], [82.561, 23.823], [82.59, 23.825], [82.631, 23.842], [82.641, 23.858], [82.653, 23.858], [82.66, 23.875], [82.655, 23.906], [82.668, 23.908], [82.687, 23.918], [82.707, 23.925], [82.75, 23.927], [82.79, 23.951], [82.808, 23.963], [82.855, 23.939], [82.881, 23.91], [82.923, 23.893], [82.939, 23.876], [82.992, 23.879], [83.043, 23.879], [83.134, 23.895], [83.156, 23.911], [83.173, 23.918], [83.193, 23.927], [83.206, 23.954], [83.211, 23.977], [83.223, 23.992], [83.235, 24.007], [83.253, 24.012], [83.271, 24.02], [83.28, 24.035], [83.284, 24.065], [83.313, 24.097], [83.324, 24.101], [83.328, 24.1]]]}}, {"type": "Feature", "properties": {"state_name": "Delhi"}, "geometry": {"type": "Polygon", "coordinates": [[[77.217, 28.835], [77.197, 28.795], [77.218, 28.788], [77.221, 28.778], [77.248, 28.758], [77.26, 28.738], [77.281, 28.73], [77.293, 28.71], [77.317, 28.717], [77.321, 28.7], [77.318, 28.679], [77.313, 28.647], [77.33, 28.631], [77.336, 28.609], [77.31, 28.599], [77.294, 28.567], [77.315, 28.541], [77.337, 28.516], [77.327, 28.503], [77.301, 28.49], [77.271, 28.497], [77.237, 28.48], [77.226, 28.46], [77.244, 28.442], [77.215, 28.416], [77.166, 28.408], [77.131, 28.439], [77.109, 28.457], [77.103, 28.483], [77.086, 28.511], [77.049, 28.515], [77.016, 28.533], [76.998, 28.532], [77.006, 28.514], [76.945, 28.514], [76.897, 28.518], [76.874, 28.514], [76.857, 28.548], [76.85, 28.59], [76.894, 28.633], [76.924, 28.629], [76.917, 28.657], [76.947, 28.677], [76.954, 28.701], [76.951, 28.736], [76.938, 28.76], [76.943, 28.795], [76.948, 28.818], [76.971, 28.825], [76.99, 28.839], [77.032, 28.837], [77.07, 28.88], [77.107, 28.868], [77.136, 28.853], [77.151, 28.848], [77.187, 28.867], [77.208, 28.86], [77.217, 28.835]]]}}, {"type": "Feature", "properties": {"state_name": "Jharkhand"}, "geometry": {"type": "Polygon", "coordinates": [[[87.6, 25.315], [87.626, 25.316], [87.652, 25.307], [87.681, 25.308], [87.691, 25.299], [87.691, 25.281], [87.708, 25.271], [87.731, 25.253], [87.784, 25.243], [87.788, 25.22], [87.779, 25.177], [87.769, 25.127], [87.78, 25.087], [87.835, 25.057], [87.877, 25.028], [87.902, 24.999], [87.919, 24.973], [87.946, 24.949], [87.966, 24.93], [87.972, 24.903], [87.967, 24.881], [87.936, 24.87], [87.897, 24.854], [87.898, 24.843], [87.894, 24.829], [87.891, 24.823], [87.869, 24.823], [87.87, 24.815], [87.876, 24.803], [87.875, 24.79], [87.868, 24.787], [87.865, 24.774], [87.85, 24.761], [87.835, 24.763], [87.837, 24.777], [87.834, 24.788], [87.826, 24.769], [87.814, 24.753], [87.84, 24.738], [87.871, 24.73], [87.884, 24.733], [87.896, 24.723], [87.903, 24.712], [87.898, 24.706], [87.897, 24.691], [87.887, 24.674], [87.903, 24.667], [87.91, 24.655], [87.908, 24.637], [87.9, 24.629], [87.887, 24.629], [87.895, 24.624], [87.901, 24.62], [87.896, 24.612], [87.886, 24.612], [87.875, 24.616], [87.875, 24.61], [87.886, 24.605], [87.899, 24.608], [87.908, 24.599], [87.907, 24.587], [87.897, 24.582], [87.89, 24.572], [87.869, 24.561], [87.86, 24.555], [87.849, 24.557], [87.841, 24.554], [87.824, 24.563], [87.814, 24.573], [87.802, 24.578], [87.785, 24.582], [87.768, 24.572], [87.792, 24.566], [87.805, 24.549], [87.8, 24.541], [87.798, 24.525], [87.8, 24.512], [87.798, 24.502], [87.795, 24.491], [87.803, 24.502], [87.807, 24.511], [87.81, 24.502], [87.81, 24.492], [87.82, 24.493], [87.822, 24.492], [87.817, 24.486], [87.811, 24.475], [87.817, 24.465], [87.815, 24.454], [87.803, 24.45], [87.797, 24.442], [87.79, 24.435], [87.792, 24.424], [87.788, 24.412], [87.805, 24.418], [87.81, 24.407], [87.798, 24.4], [87.795, 24.392], [87.798, 24.382], [87.785, 24.368], [87.773, 24.349], [87.761, 24.333], [87.762, 24.321], [87.758, 24.308], [87.746, 24.3], [87.736, 24.289], [87.724, 24.287], [87.71, 24.287], [87.705, 24.275], [87.703, 24.26], [87.685, 24.253], [87.674, 24.247], [87.662, 24.245], [87.654, 24.237], [87.647, 24.249], [87.637, 24.238], [87.642, 24.22], [87.653, 24.206], [87.674, 24.2], [87.689, 24.185], [87.697, 24.175], [87.694, 24.159], [87.68, 24.148], [87.657, 24.156], [87.636, 24.157], [87.616, 24.165], [87.596, 24.16], [87.577, 24.159], [87.581, 24.15], [87.598, 24.138], [87.605, 24.127], [87.582, 24.123], [87.575, 24.109], [87.571, 24.095], [87.573, 24.086], [87.56, 24.083], [87.544, 24.087], [87.531, 24.099], [87.521, 24.104], [87.514, 24.111], [87.5, 24.115], [87.494, 24.108], [87.496, 24.097], [87.49, 24.09], [87.498, 24.084], [87.504, 24.078], [87.497, 24.074], [87.491, 24.067], [87.492, 24.056], [87.504, 24.046], [87.509, 24.035], [87.501, 24.026], [87.491, 24.023], [87.479, 24.014], [87.469, 24.012], [87.459, 24.013], [87.449, 24.016], [87.437, 24.011], [87.438, 24.009], [87.446, 24.007], [87.443, 24.001], [87.455, 23.997], [87.454, 23.983], [87.437, 23.979], [87.427, 23.988], [87.415, 23.991], [87.39, 24.002], [87.365, 24.007], [87.353, 24.002], [87.337, 23.995], [87.318, 24.002], [87.321, 24.009], [87.332, 24.018], [87.326, 24.03], [87.304, 24.029], [87.283, 24.027], [87.264, 24.035], [87.244, 24.042], [87.233, 24.025], [87.241, 24.006], [87.246, 23.998], [87.248, 23.996], [87.25, 23.996], [87.252, 23.996], [87.254, 23.996], [87.256, 23.998], [87.257, 24.0], [87.267, 23.988], [87.26, 23.97], [87.278, 23.958], [87.292, 23.939], [87.295, 23.899], [87.281, 23.884], [87.262, 23.878], [87.26, 23.902], [87.248, 23.907], [87.245, 23.881], [87.246, 23.857], [87.255, 23.839], [87.234, 23.825], [87.222, 23.835], [87.235, 23.848], [87.217, 23.851], [87.199, 23.848], [87.189, 23.846], [87.184, 23.853], [87.169, 23.858], [87.148, 23.863], [87.131, 23.867], [87.13, 23.851], [87.159, 23.828], [87.154, 23.798], [87.134, 23.796], [87.115, 23.8], [87.108, 23.802], [87.088, 23.808], [87.064, 23.813], [87.013, 23.847], [86.972, 23.863], [86.958, 23.859], [86.936, 23.845], [86.907, 23.88], [86.885, 23.873], [86.882, 23.857], [86.887, 23.827], [86.877, 23.813], [86.871, 23.844], [86.844, 23.822], [86.814, 23.812], [86.806, 23.828], [86.793, 23.831], [86.798, 23.798], [86.819, 23.752], [86.805, 23.74], [86.793, 23.695], [86.759, 23.678], [86.732, 23.694], [86.669, 23.686], [86.616, 23.672], [86.591, 23.662], [86.537, 23.635], [86.502, 23.632], [86.445, 23.632], [86.44, 23.617], [86.427, 23.61], [86.41, 23.598], [86.387, 23.585], [86.383, 23.572], [86.368, 23.559], [86.36, 23.546], [86.36, 23.531], [86.367, 23.519], [86.354, 23.496], [86.372, 23.486], [86.364, 23.482], [86.352, 23.464], [86.34, 23.452], [86.326, 23.458], [86.306, 23.448], [86.31, 23.438], [86.313, 23.426], [86.281, 23.435], [86.267, 23.44], [86.252, 23.437], [86.253, 23.425], [86.24, 23.423], [86.225, 23.436], [86.239, 23.47], [86.224, 23.457], [86.2, 23.464], [86.181, 23.467], [86.168, 23.476], [86.143, 23.481], [86.153, 23.51], [86.15, 23.541], [86.146, 23.559], [86.139, 23.57], [86.119, 23.574], [86.098, 23.571], [86.073, 23.568], [86.047, 23.584], [86.025, 23.572], [86.021, 23.545], [86.032, 23.521], [86.051, 23.502], [86.036, 23.49], [86.015, 23.485], [85.995, 23.476], [85.957, 23.462], [85.938, 23.455], [85.891, 23.476], [85.866, 23.47], [85.86, 23.442], [85.874, 23.411], [85.877, 23.4], [85.891, 23.381], [85.893, 23.37], [85.867, 23.361], [85.872, 23.33], [85.875, 23.321], [85.858, 23.301], [85.839, 23.282], [85.832, 23.218], [85.834, 23.202], [85.844, 23.194], [85.877, 23.173], [85.886, 23.153], [85.912, 23.134], [85.921, 23.126], [85.944, 23.129], [85.956, 23.139], [85.99, 23.146], [86.01, 23.145], [86.028, 23.146], [86.048, 23.129], [86.048, 23.109], [86.083, 23.101], [86.105, 23.089], [86.127, 23.089], [86.134, 23.07], [86.148, 23.053], [86.162, 23.034], [86.178, 23.012], [86.2, 23.01], [86.217, 22.992], [86.239, 22.995], [86.264, 22.998], [86.274, 23.007], [86.292, 23.01], [86.296, 23.01], [86.301, 23.01], [86.306, 23.002], [86.315, 22.996], [86.341, 22.993], [86.36, 22.997], [86.381, 22.984], [86.397, 22.978], [86.432, 22.99], [86.448, 22.987], [86.475, 22.986], [86.504, 22.978], [86.519, 22.968], [86.54, 22.987], [86.532, 22.962], [86.518, 22.944], [86.497, 22.948], [86.492, 22.944], [86.484, 22.938], [86.47, 22.949], [86.458, 22.933], [86.431, 22.92], [86.463, 22.897], [86.447, 22.869], [86.431, 22.846], [86.422, 22.809], [86.422, 22.774], [86.454, 22.76], [86.479, 22.722], [86.497, 22.715], [86.508, 22.708], [86.534, 22.717], [86.555, 22.708], [86.597, 22.685], [86.622, 22.666], [86.637, 22.631], [86.634, 22.597], [86.649, 22.582], [86.673, 22.572], [86.728, 22.575], [86.767, 22.561], [86.771, 22.548], [86.784, 22.544], [86.785, 22.529], [86.792, 22.513], [86.791, 22.494], [86.798, 22.484], [86.783, 22.477], [86.753, 22.48], [86.749, 22.46], [86.758, 22.436], [86.779, 22.421], [86.831, 22.406], [86.844, 22.388], [86.836, 22.361], [86.829, 22.325], [86.863, 22.304], [86.881, 22.296], [86.888, 22.281], [86.886, 22.263], [86.869, 22.255], [86.851, 22.26], [86.834, 22.26], [86.819, 22.254], [86.812, 22.264], [86.809, 22.246], [86.802, 22.242], [86.798, 22.245], [86.791, 22.253], [86.8, 22.235], [86.8, 22.214], [86.779, 22.212], [86.791, 22.22], [86.776, 22.232], [86.775, 22.215], [86.748, 22.208], [86.723, 22.215], [86.682, 22.22], [86.665, 22.239], [86.648, 22.236], [86.646, 22.261], [86.637, 22.266], [86.616, 22.276], [86.591, 22.275], [86.582, 22.291], [86.574, 22.294], [86.552, 22.295], [86.525, 22.303], [86.524, 22.319], [86.5, 22.341], [86.475, 22.334], [86.46, 22.326], [86.438, 22.323], [86.433, 22.302], [86.411, 22.316], [86.363, 22.34], [86.339, 22.366], [86.31, 22.397], [86.288, 22.425], [86.26, 22.441], [86.22, 22.449], [86.218, 22.468], [86.197, 22.468], [86.145, 22.475], [86.107, 22.485], [86.092, 22.509], [86.058, 22.553], [86.018, 22.544], [86.009, 22.519], [85.993, 22.509], [85.966, 22.494], [85.961, 22.479], [85.954, 22.456], [85.982, 22.429], [86.003, 22.425], [86.01, 22.419], [86.015, 22.397], [86.018, 22.386], [86.021, 22.375], [86.015, 22.366], [85.996, 22.333], [86.02, 22.329], [86.008, 22.313], [86.018, 22.305], [86.032, 22.305], [86.043, 22.306], [86.027, 22.299], [86.008, 22.293], [85.998, 22.275], [85.982, 22.252], [85.985, 22.224], [86.027, 22.185], [86.011, 22.158], [85.999, 22.137], [86.003, 22.113], [85.979, 22.083], [85.971, 22.067], [85.954, 22.036], [85.939, 22.017], [85.923, 22.014], [85.909, 21.99], [85.904, 21.973], [85.894, 21.978], [85.871, 21.975], [85.822, 21.97], [85.815, 21.98], [85.784, 21.979], [85.761, 21.99], [85.762, 22.018], [85.773, 22.043], [85.788, 22.077], [85.831, 22.077], [85.815, 22.093], [85.802, 22.111], [85.784, 22.099], [85.758, 22.085], [85.734, 22.065], [85.708, 22.056], [85.682, 22.049], [85.665, 22.067], [85.648, 22.087], [85.631, 22.082], [85.609, 22.079], [85.597, 22.075], [85.571, 22.086], [85.549, 22.089], [85.534, 22.097], [85.506, 22.111], [85.465, 22.131], [85.41, 22.156], [85.385, 22.152], [85.363, 22.155], [85.359, 22.133], [85.354, 22.121], [85.315, 22.116], [85.281, 22.088], [85.26, 22.053], [85.231, 22.0], [85.214, 22.016], [85.192, 22.051], [85.177, 22.067], [85.17, 22.053], [85.159, 22.062], [85.141, 22.074], [85.113, 22.071], [85.1, 22.085], [85.076, 22.103], [85.031, 22.102], [85.009, 22.091], [84.987, 22.077], [84.983, 22.091], [85.024, 22.112], [85.03, 22.142], [85.033, 22.161], [85.047, 22.186], [85.068, 22.243], [85.069, 22.268], [85.105, 22.291], [85.112, 22.305], [85.095, 22.312], [85.093, 22.341], [85.075, 22.356], [85.081, 22.395], [85.068, 22.418], [85.057, 22.445], [85.074, 22.467], [85.047, 22.477], [85.033, 22.477], [85.0, 22.458], [84.957, 22.442], [84.952, 22.453], [84.925, 22.437], [84.916, 22.423], [84.882, 22.426], [84.877, 22.443], [84.855, 22.432], [84.836, 22.428], [84.813, 22.432], [84.801, 22.444], [84.744, 22.415], [84.682, 22.415], [84.632, 22.429], [84.594, 22.429], [84.541, 22.421], [84.502, 22.415], [84.476, 22.394], [84.473, 22.383], [84.427, 22.365], [84.426, 22.349], [84.378, 22.346], [84.359, 22.345], [84.334, 22.343], [84.289, 22.337], [84.261, 22.354], [84.226, 22.374], [84.152, 22.401], [84.135, 22.449], [84.131, 22.47], [84.106, 22.474], [84.1, 22.48], [84.067, 22.498], [84.058, 22.51], [84.019, 22.521], [84.005, 22.525], [84.002, 22.547], [84.011, 22.575], [84.034, 22.591], [84.059, 22.607], [84.107, 22.637], [84.157, 22.641], [84.197, 22.664], [84.215, 22.665], [84.228, 22.698], [84.225, 22.735], [84.254, 22.761], [84.279, 22.761], [84.287, 22.777], [84.303, 22.798], [84.318, 22.817], [84.32, 22.849], [84.342, 22.859], [84.37, 22.869], [84.376, 22.881], [84.373, 22.898], [84.39, 22.924], [84.379, 22.949], [84.373, 22.972], [84.344, 22.974], [84.314, 22.972], [84.272, 22.971], [84.268, 22.988], [84.242, 22.973], [84.215, 22.977], [84.2, 23.015], [84.177, 23.021], [84.173, 22.999], [84.168, 22.971], [84.145, 22.983], [84.132, 23.018], [84.123, 23.045], [84.132, 23.067], [84.116, 23.086], [84.097, 23.105], [84.061, 23.11], [84.045, 23.131], [84.033, 23.143], [84.034, 23.168], [84.056, 23.196], [84.052, 23.216], [84.051, 23.247], [84.063, 23.29], [84.07, 23.33], [84.049, 23.354], [84.047, 23.371], [84.021, 23.375], [83.993, 23.356], [83.967, 23.374], [83.978, 23.414], [83.97, 23.448], [83.989, 23.482], [84.009, 23.5], [84.023, 23.544], [84.024, 23.588], [84.013, 23.605], [84.008, 23.629], [83.963, 23.626], [83.93, 23.594], [83.905, 23.57], [83.86, 23.578], [83.811, 23.589], [83.786, 23.598], [83.765, 23.621], [83.752, 23.649], [83.721, 23.674], [83.724, 23.697], [83.729, 23.732], [83.712, 23.772], [83.7, 23.802], [83.688, 23.824], [83.666, 23.826], [83.656, 23.844], [83.611, 23.853], [83.572, 23.863], [83.573, 23.877], [83.549, 23.893], [83.534, 23.942], [83.507, 23.991], [83.51, 24.025], [83.468, 24.041], [83.433, 24.055], [83.43, 24.074], [83.415, 24.081], [83.392, 24.095], [83.346, 24.097], [83.343, 24.114], [83.353, 24.14], [83.369, 24.181], [83.376, 24.21], [83.377, 24.231], [83.393, 24.247], [83.401, 24.285], [83.382, 24.3], [83.376, 24.315], [83.403, 24.337], [83.427, 24.34], [83.446, 24.363], [83.443, 24.373], [83.439, 24.389], [83.43, 24.404], [83.4, 24.409], [83.39, 24.438], [83.388, 24.468], [83.394, 24.489], [83.395, 24.504], [83.453, 24.517], [83.498, 24.527], [83.542, 24.526], [83.6, 24.513], [83.682, 24.516], [83.731, 24.509], [83.794, 24.529], [83.827, 24.533], [83.868, 24.533], [83.924, 24.546], [83.948, 24.567], [83.979, 24.615], [84.016, 24.628], [84.029, 24.623], [84.047, 24.612], [84.051, 24.592], [84.063, 24.584], [84.072, 24.57], [84.078, 24.545], [84.087, 24.515], [84.11, 24.481], [84.137, 24.503], [84.146, 24.54], [84.156, 24.524], [84.171, 24.51], [84.186, 24.522], [84.182, 24.547], [84.201, 24.549], [84.221, 24.55], [84.248, 24.539], [84.258, 24.538], [84.269, 24.547], [84.269, 24.564], [84.302, 24.547], [84.319, 24.522], [84.322, 24.49], [84.29, 24.458], [84.331, 24.428], [84.318, 24.42], [84.326, 24.411], [84.347, 24.392], [84.374, 24.391], [84.398, 24.377], [84.418, 24.342], [84.455, 24.339], [84.475, 24.303], [84.488, 24.299], [84.502, 24.295], [84.511, 24.317], [84.519, 24.346], [84.524, 24.369], [84.556, 24.38], [84.561, 24.402], [84.582, 24.401], [84.613, 24.401], [84.629, 24.4], [84.663, 24.411], [84.666, 24.431], [84.694, 24.462], [84.725, 24.473], [84.78, 24.505], [84.802, 24.521], [84.827, 24.47], [84.834, 24.453], [84.857, 24.458], [84.873, 24.466], [84.88, 24.432], [84.898, 24.394], [84.903, 24.372], [84.948, 24.372], [85.015, 24.419], [85.04, 24.424], [85.06, 24.425], [85.076, 24.422], [85.07, 24.405], [85.081, 24.381], [85.099, 24.394], [85.121, 24.408], [85.158, 24.424], [85.166, 24.433], [85.159, 24.451], [85.151, 24.463], [85.17, 24.466], [85.199, 24.467], [85.229, 24.479], [85.254, 24.498], [85.282, 24.504], [85.283, 24.527], [85.319, 24.525], [85.346, 24.528], [85.383, 24.535], [85.407, 24.546], [85.442, 24.539], [85.472, 24.548], [85.494, 24.551], [85.503, 24.543], [85.515, 24.528], [85.54, 24.55], [85.537, 24.565], [85.555, 24.556], [85.568, 24.565], [85.561, 24.584], [85.577, 24.603], [85.608, 24.591], [85.633, 24.581], [85.673, 24.593], [85.672, 24.619], [85.664, 24.644], [85.663, 24.665], [85.65, 24.679], [85.687, 24.701], [85.703, 24.725], [85.706, 24.752], [85.709, 24.776], [85.723, 24.799], [85.735, 24.821], [85.761, 24.815], [85.769, 24.803], [85.811, 24.794], [85.827, 24.81], [85.878, 24.8], [85.905, 24.761], [85.943, 24.734], [85.97, 24.734], [86.0, 24.751], [86.02, 24.768], [86.034, 24.776], [86.051, 24.78], [86.05, 24.756], [86.037, 24.744], [86.06, 24.748], [86.109, 24.732], [86.124, 24.705], [86.13, 24.671], [86.123, 24.648], [86.123, 24.62], [86.145, 24.603], [86.195, 24.585], [86.23, 24.602], [86.257, 24.583], [86.27, 24.578], [86.274, 24.583], [86.302, 24.583], [86.323, 24.581], [86.308, 24.566], [86.308, 24.541], [86.311, 24.514], [86.302, 24.494], [86.286, 24.477], [86.299, 24.454], [86.319, 24.44], [86.353, 24.442], [86.381, 24.412], [86.425, 24.378], [86.452, 24.369], [86.467, 24.395], [86.466, 24.422], [86.488, 24.434], [86.484, 24.459], [86.49, 24.484], [86.506, 24.518], [86.541, 24.537], [86.555, 24.559], [86.578, 24.568], [86.595, 24.597], [86.61, 24.603], [86.619, 24.595], [86.641, 24.576], [86.678, 24.566], [86.71, 24.574], [86.74, 24.586], [86.754, 24.615], [86.777, 24.62], [86.787, 24.599], [86.79, 24.608], [86.792, 24.615], [86.798, 24.603], [86.806, 24.595], [86.808, 24.577], [86.8, 24.566], [86.814, 24.568], [86.832, 24.568], [86.839, 24.554], [86.862, 24.56], [86.879, 24.563], [86.893, 24.555], [86.911, 24.539], [86.906, 24.56], [86.901, 24.576], [86.905, 24.595], [86.919, 24.613], [86.934, 24.627], [86.939, 24.643], [86.946, 24.627], [86.971, 24.63], [86.99, 24.62], [87.013, 24.609], [87.024, 24.621], [87.028, 24.609], [87.036, 24.612], [87.043, 24.609], [87.047, 24.614], [87.046, 24.631], [87.052, 24.656], [87.059, 24.672], [87.067, 24.688], [87.071, 24.703], [87.077, 24.715], [87.082, 24.727], [87.08, 24.737], [87.076, 24.738], [87.075, 24.745], [87.081, 24.751], [87.086, 24.758], [87.083, 24.773], [87.091, 24.788], [87.097, 24.804], [87.086, 24.806], [87.077, 24.808], [87.079, 24.822], [87.091, 24.824], [87.102, 24.839], [87.114, 24.856], [87.13, 24.857], [87.151, 24.858], [87.15, 24.872], [87.158, 24.89], [87.149, 24.905], [87.15, 24.921], [87.152, 24.937], [87.153, 24.963], [87.154, 24.991], [87.144, 25.011], [87.152, 25.027], [87.168, 25.049], [87.184, 25.067], [87.208, 25.083], [87.218, 25.089], [87.241, 25.101], [87.259, 25.105], [87.275, 25.092], [87.293, 25.105], [87.298, 25.135], [87.303, 25.143], [87.31, 25.154], [87.314, 25.167], [87.317, 25.189], [87.323, 25.223], [87.355, 25.213], [87.374, 25.219], [87.392, 25.228], [87.409, 25.215], [87.462, 25.195], [87.472, 25.222], [87.495, 25.26], [87.494, 25.275], [87.49, 25.305], [87.529, 25.28], [87.541, 25.304], [87.567, 25.334], [87.58, 25.348], [87.589, 25.324], [87.6, 25.315]]]}}, {"type": "Feature", "properties": {"state_name": "Madhya Pradesh"}, "geometry": {"type": "Polygon", "coordinates": [[[78.365, 26.869], [78.381, 26.836], [78.413, 26.83], [78.446, 26.803], [78.476, 26.792], [78.534, 26.772], [78.566, 26.758], [78.609, 26.761], [78.629, 26.775], [78.673, 26.788], [78.715, 26.8], [78.718, 26.782], [78.736, 26.789], [78.754, 26.776], [78.774, 26.766], [78.841, 26.726], [78.871, 26.704], [78.908, 26.713], [78.95, 26.694], [78.936, 26.665], [78.964, 26.677], [78.987, 26.686], [79.0, 26.677], [78.991, 26.655], [78.991, 26.641], [79.003, 26.619], [78.991, 26.605], [78.98, 26.582], [78.998, 26.574], [79.004, 26.559], [78.996, 26.554], [79.008, 26.548], [79.019, 26.543], [79.031, 26.525], [79.04, 26.52], [79.05, 26.503], [79.061, 26.503], [79.063, 26.485], [79.053, 26.456], [79.061, 26.449], [79.069, 26.447], [79.081, 26.444], [79.089, 26.451], [79.095, 26.457], [79.121, 26.448], [79.119, 26.433], [79.101, 26.412], [79.087, 26.418], [79.088, 26.383], [79.077, 26.366], [79.093, 26.36], [79.1, 26.355], [79.117, 26.354], [79.134, 26.345], [79.127, 26.333], [79.116, 26.335], [79.127, 26.321], [79.109, 26.309], [79.091, 26.308], [79.083, 26.294], [79.077, 26.274], [79.079, 26.284], [79.069, 26.288], [79.053, 26.28], [79.037, 26.267], [79.047, 26.255], [79.058, 26.254], [79.056, 26.24], [79.046, 26.234], [79.027, 26.233], [79.017, 26.228], [79.018, 26.213], [79.01, 26.203], [79.013, 26.197], [78.992, 26.204], [78.976, 26.193], [79.002, 26.165], [78.992, 26.152], [78.965, 26.156], [78.943, 26.139], [78.967, 26.126], [78.972, 26.109], [79.004, 26.094], [79.001, 26.078], [78.986, 26.076], [78.968, 26.059], [78.944, 26.037], [78.945, 26.014], [78.946, 26.002], [78.939, 25.986], [78.925, 25.984], [78.93, 25.972], [78.93, 25.952], [78.922, 25.95], [78.91, 25.946], [78.894, 25.926], [78.88, 25.91], [78.881, 25.888], [78.877, 25.87], [78.864, 25.875], [78.847, 25.86], [78.866, 25.834], [78.862, 25.799], [78.841, 25.805], [78.835, 25.824], [78.799, 25.818], [78.814, 25.817], [78.824, 25.811], [78.812, 25.799], [78.796, 25.796], [78.776, 25.761], [78.751, 25.753], [78.748, 25.733], [78.791, 25.711], [78.796, 25.696], [78.811, 25.645], [78.798, 25.619], [78.755, 25.61], [78.724, 25.608], [78.696, 25.6], [78.665, 25.585], [78.623, 25.571], [78.609, 25.589], [78.598, 25.576], [78.584, 25.566], [78.565, 25.568], [78.536, 25.567], [78.491, 25.582], [78.462, 25.567], [78.449, 25.553], [78.437, 25.564], [78.412, 25.542], [78.415, 25.521], [78.411, 25.519], [78.412, 25.498], [78.416, 25.478], [78.394, 25.471], [78.383, 25.452], [78.366, 25.446], [78.348, 25.455], [78.334, 25.418], [78.317, 25.391], [78.3, 25.384], [78.302, 25.364], [78.328, 25.346], [78.327, 25.327], [78.312, 25.308], [78.345, 25.298], [78.36, 25.259], [78.365, 25.244], [78.381, 25.224], [78.395, 25.215], [78.384, 25.202], [78.391, 25.191], [78.417, 25.173], [78.439, 25.172], [78.443, 25.158], [78.418, 25.154], [78.443, 25.129], [78.411, 25.129], [78.379, 25.113], [78.348, 25.1], [78.327, 25.087], [78.331, 25.045], [78.33, 25.004], [78.303, 24.984], [78.26, 24.949], [78.229, 24.924], [78.2, 24.896], [78.165, 24.882], [78.164, 24.857], [78.187, 24.843], [78.209, 24.813], [78.225, 24.766], [78.22, 24.747], [78.253, 24.701], [78.268, 24.667], [78.258, 24.638], [78.269, 24.605], [78.259, 24.558], [78.224, 24.541], [78.228, 24.516], [78.238, 24.496], [78.255, 24.486], [78.27, 24.473], [78.281, 24.437], [78.315, 24.413], [78.345, 24.392], [78.363, 24.382], [78.335, 24.345], [78.326, 24.33], [78.339, 24.317], [78.345, 24.303], [78.366, 24.29], [78.38, 24.276], [78.403, 24.275], [78.419, 24.289], [78.433, 24.309], [78.455, 24.333], [78.472, 24.357], [78.49, 24.386], [78.515, 24.391], [78.528, 24.374], [78.567, 24.357], [78.581, 24.35], [78.599, 24.323], [78.62, 24.312], [78.617, 24.296], [78.631, 24.29], [78.654, 24.274], [78.669, 24.245], [78.693, 24.237], [78.719, 24.239], [78.735, 24.252], [78.744, 24.239], [78.754, 24.247], [78.761, 24.239], [78.77, 24.215], [78.782, 24.192], [78.802, 24.182], [78.811, 24.209], [78.82, 24.201], [78.839, 24.215], [78.874, 24.219], [78.878, 24.249], [78.912, 24.277], [78.907, 24.296], [78.932, 24.319], [78.961, 24.347], [78.968, 24.36], [78.974, 24.399], [78.988, 24.428], [78.972, 24.445], [78.944, 24.443], [78.913, 24.464], [78.901, 24.488], [78.922, 24.501], [78.923, 24.488], [78.949, 24.486], [78.965, 24.5], [78.944, 24.51], [78.94, 24.531], [78.945, 24.556], [78.909, 24.589], [78.892, 24.617], [78.867, 24.645], [78.852, 24.621], [78.836, 24.626], [78.82, 24.608], [78.802, 24.608], [78.767, 24.598], [78.749, 24.625], [78.741, 24.656], [78.755, 24.674], [78.765, 24.695], [78.773, 24.712], [78.769, 24.751], [78.767, 24.799], [78.781, 24.815], [78.767, 24.856], [78.751, 24.869], [78.732, 24.872], [78.703, 24.884], [78.68, 24.897], [78.659, 24.918], [78.641, 24.94], [78.625, 24.962], [78.635, 25.004], [78.644, 25.035], [78.635, 25.074], [78.618, 25.093], [78.598, 25.108], [78.57, 25.202], [78.563, 25.239], [78.564, 25.265], [78.536, 25.272], [78.521, 25.288], [78.497, 25.294], [78.436, 25.273], [78.435, 25.303], [78.459, 25.297], [78.478, 25.309], [78.495, 25.321], [78.516, 25.304], [78.534, 25.319], [78.538, 25.329], [78.531, 25.349], [78.525, 25.363], [78.556, 25.349], [78.58, 25.361], [78.565, 25.384], [78.563, 25.398], [78.584, 25.39], [78.599, 25.415], [78.619, 25.407], [78.637, 25.414], [78.639, 25.44], [78.658, 25.444], [78.679, 25.444], [78.693, 25.439], [78.684, 25.416], [78.657, 25.42], [78.657, 25.396], [78.665, 25.388], [78.672, 25.385], [78.691, 25.387], [78.7, 25.382], [78.704, 25.362], [78.718, 25.353], [78.75, 25.352], [78.766, 25.365], [78.753, 25.39], [78.759, 25.394], [78.755, 25.406], [78.742, 25.399], [78.745, 25.416], [78.788, 25.424], [78.811, 25.427], [78.795, 25.441], [78.772, 25.433], [78.752, 25.438], [78.728, 25.459], [78.736, 25.504], [78.749, 25.482], [78.773, 25.483], [78.81, 25.475], [78.833, 25.462], [78.846, 25.454], [78.83, 25.447], [78.82, 25.438], [78.845, 25.445], [78.852, 25.478], [78.827, 25.504], [78.841, 25.518], [78.878, 25.529], [78.874, 25.557], [78.897, 25.559], [78.917, 25.541], [78.926, 25.56], [78.944, 25.541], [78.92, 25.527], [78.919, 25.514], [78.936, 25.488], [78.92, 25.462], [78.913, 25.439], [78.943, 25.442], [78.969, 25.425], [78.971, 25.392], [78.974, 25.373], [78.929, 25.352], [78.893, 25.369], [78.926, 25.377], [78.951, 25.396], [78.923, 25.4], [78.901, 25.389], [78.861, 25.377], [78.843, 25.342], [78.84, 25.332], [78.822, 25.319], [78.798, 25.315], [78.783, 25.298], [78.804, 25.302], [78.812, 25.294], [78.824, 25.251], [78.846, 25.234], [78.862, 25.283], [78.868, 25.301], [78.858, 25.321], [78.877, 25.339], [78.896, 25.344], [78.915, 25.346], [78.925, 25.335], [78.943, 25.345], [78.956, 25.348], [78.97, 25.285], [78.944, 25.28], [78.946, 25.264], [78.926, 25.268], [78.909, 25.274], [78.88, 25.254], [78.867, 25.233], [78.88, 25.206], [78.868, 25.186], [78.872, 25.166], [78.901, 25.181], [78.919, 25.206], [78.953, 25.221], [78.982, 25.199], [78.997, 25.198], [78.995, 25.225], [78.987, 25.236], [78.977, 25.262], [79.012, 25.274], [79.012, 25.249], [79.031, 25.246], [79.052, 25.228], [79.048, 25.21], [79.028, 25.18], [79.022, 25.147], [79.039, 25.137], [79.058, 25.151], [79.084, 25.193], [79.091, 25.176], [79.12, 25.164], [79.125, 25.129], [79.129, 25.111], [79.157, 25.112], [79.179, 25.118], [79.167, 25.142], [79.185, 25.151], [79.194, 25.144], [79.198, 25.128], [79.214, 25.116], [79.226, 25.122], [79.24, 25.12], [79.242, 25.141], [79.224, 25.141], [79.22, 25.155], [79.251, 25.161], [79.258, 25.144], [79.258, 25.124], [79.274, 25.122], [79.301, 25.131], [79.315, 25.152], [79.291, 25.184], [79.278, 25.204], [79.281, 25.227], [79.274, 25.248], [79.298, 25.234], [79.313, 25.22], [79.325, 25.222], [79.333, 25.201], [79.329, 25.23], [79.341, 25.23], [79.341, 25.259], [79.335, 25.276], [79.315, 25.261], [79.288, 25.29], [79.271, 25.267], [79.259, 25.271], [79.257, 25.285], [79.268, 25.319], [79.291, 25.329], [79.304, 25.34], [79.334, 25.333], [79.334, 25.317], [79.331, 25.294], [79.343, 25.29], [79.353, 25.265], [79.367, 25.272], [79.37, 25.294], [79.384, 25.284], [79.402, 25.279], [79.431, 25.26], [79.457, 25.284], [79.475, 25.277], [79.484, 25.273], [79.484, 25.265], [79.461, 25.27], [79.448, 25.251], [79.439, 25.248], [79.432, 25.222], [79.432, 25.203], [79.421, 25.203], [79.405, 25.199], [79.384, 25.17], [79.384, 25.14], [79.391, 25.118], [79.409, 25.116], [79.418, 25.135], [79.426, 25.138], [79.434, 25.122], [79.43, 25.111], [79.436, 25.108], [79.468, 25.134], [79.461, 25.096], [79.491, 25.083], [79.5, 25.099], [79.517, 25.102], [79.514, 25.126], [79.529, 25.138], [79.535, 25.148], [79.56, 25.176], [79.576, 25.157], [79.591, 25.146], [79.603, 25.155], [79.597, 25.14], [79.602, 25.131], [79.633, 25.133], [79.654, 25.13], [79.671, 25.132], [79.707, 25.133], [79.74, 25.143], [79.758, 25.135], [79.793, 25.118], [79.823, 25.106], [79.841, 25.096], [79.846, 25.11], [79.848, 25.133], [79.872, 25.149], [79.86, 25.162], [79.859, 25.19], [79.856, 25.214], [79.847, 25.232], [79.851, 25.242], [79.872, 25.254], [79.896, 25.248], [79.902, 25.257], [79.911, 25.236], [79.924, 25.252], [79.934, 25.265], [79.963, 25.268], [79.992, 25.269], [79.996, 25.277], [79.994, 25.289], [80.01, 25.325], [80.024, 25.345], [80.062, 25.342], [80.083, 25.356], [80.119, 25.343], [80.137, 25.356], [80.158, 25.373], [80.183, 25.382], [80.191, 25.409], [80.198, 25.413], [80.214, 25.404], [80.247, 25.407], [80.256, 25.429], [80.29, 25.413], [80.311, 25.387], [80.305, 25.362], [80.312, 25.334], [80.303, 25.291], [80.338, 25.279], [80.352, 25.26], [80.378, 25.238], [80.399, 25.243], [80.412, 25.199], [80.423, 25.172], [80.381, 25.161], [80.351, 25.145], [80.338, 25.121], [80.313, 25.089], [80.288, 25.067], [80.279, 25.053], [80.273, 25.037], [80.267, 25.03], [80.312, 25.006], [80.315, 25.003], [80.317, 25.003], [80.319, 25.003], [80.321, 25.003], [80.323, 25.003], [80.326, 25.003], [80.345, 25.019], [80.359, 25.026], [80.373, 25.008], [80.383, 25.019], [80.372, 25.033], [80.38, 25.039], [80.368, 25.046], [80.367, 25.059], [80.386, 25.067], [80.397, 25.066], [80.41, 25.077], [80.431, 25.074], [80.442, 25.081], [80.442, 25.076], [80.446, 25.066], [80.461, 25.058], [80.479, 25.044], [80.493, 25.054], [80.502, 25.067], [80.498, 25.083], [80.487, 25.092], [80.476, 25.102], [80.495, 25.105], [80.514, 25.096], [80.528, 25.077], [80.547, 25.068], [80.558, 25.073], [80.562, 25.091], [80.579, 25.088], [80.593, 25.082], [80.607, 25.073], [80.594, 25.093], [80.591, 25.118], [80.598, 25.128], [80.595, 25.155], [80.606, 25.143], [80.622, 25.136], [80.631, 25.12], [80.618, 25.116], [80.607, 25.107], [80.618, 25.094], [80.624, 25.095], [80.634, 25.097], [80.641, 25.093], [80.656, 25.074], [80.667, 25.084], [80.678, 25.073], [80.675, 25.063], [80.687, 25.059], [80.709, 25.066], [80.729, 25.066], [80.756, 25.063], [80.781, 25.07], [80.751, 25.091], [80.746, 25.099], [80.72, 25.101], [80.722, 25.126], [80.698, 25.131], [80.715, 25.143], [80.728, 25.147], [80.735, 25.135], [80.76, 25.141], [80.782, 25.137], [80.794, 25.142], [80.808, 25.141], [80.821, 25.126], [80.824, 25.115], [80.835, 25.133], [80.842, 25.168], [80.835, 25.19], [80.86, 25.191], [80.878, 25.196], [80.906, 25.164], [80.888, 25.141], [80.869, 25.128], [80.872, 25.109], [80.864, 25.088], [80.856, 25.062], [80.827, 25.039], [80.85, 25.003], [80.825, 24.986], [80.807, 24.975], [80.79, 24.967], [80.815, 24.938], [80.841, 24.936], [80.881, 24.948], [80.898, 24.942], [80.893, 24.95], [80.916, 24.965], [80.937, 24.973], [80.947, 24.957], [80.952, 24.943], [80.958, 24.932], [80.978, 24.933], [80.997, 24.94], [81.015, 24.932], [81.021, 24.938], [81.01, 24.954], [81.021, 24.948], [81.043, 24.953], [81.076, 24.952], [81.082, 24.936], [81.097, 24.923], [81.111, 24.911], [81.128, 24.894], [81.133, 24.906], [81.152, 24.916], [81.152, 24.929], [81.157, 24.946], [81.17, 24.957], [81.188, 24.945], [81.184, 24.929], [81.207, 24.931], [81.207, 24.937], [81.206, 24.958], [81.212, 24.978], [81.202, 24.996], [81.206, 25.003], [81.209, 25.003], [81.211, 25.002], [81.231, 25.018], [81.248, 25.041], [81.255, 25.061], [81.253, 25.079], [81.249, 25.101], [81.256, 25.115], [81.262, 25.131], [81.266, 25.145], [81.269, 25.165], [81.281, 25.165], [81.305, 25.167], [81.305, 25.143], [81.309, 25.132], [81.313, 25.117], [81.319, 25.119], [81.317, 25.128], [81.311, 25.149], [81.33, 25.172], [81.349, 25.167], [81.357, 25.152], [81.365, 25.139], [81.379, 25.134], [81.387, 25.129], [81.401, 25.122], [81.402, 25.131], [81.418, 25.135], [81.429, 25.13], [81.438, 25.11], [81.407, 25.112], [81.403, 25.106], [81.436, 25.096], [81.465, 25.082], [81.484, 25.075], [81.495, 25.082], [81.503, 25.102], [81.493, 25.111], [81.478, 25.128], [81.475, 25.138], [81.49, 25.134], [81.495, 25.152], [81.516, 25.145], [81.519, 25.152], [81.527, 25.167], [81.508, 25.185], [81.523, 25.186], [81.54, 25.188], [81.566, 25.196], [81.588, 25.184], [81.6, 25.166], [81.607, 25.168], [81.613, 25.171], [81.62, 25.156], [81.612, 25.147], [81.594, 25.138], [81.591, 25.123], [81.601, 25.1], [81.613, 25.113], [81.625, 25.12], [81.632, 25.101], [81.621, 25.095], [81.596, 25.082], [81.604, 25.07], [81.606, 25.065], [81.609, 25.059], [81.632, 25.061], [81.647, 25.075], [81.66, 25.078], [81.671, 25.066], [81.684, 25.051], [81.71, 25.039], [81.732, 25.049], [81.738, 25.039], [81.75, 25.032], [81.789, 25.01], [81.84, 25.015], [81.865, 25.0], [81.881, 24.999], [81.891, 24.996], [81.889, 25.01], [81.898, 25.01], [81.895, 24.991], [81.898, 24.977], [81.91, 24.937], [81.898, 24.905], [81.906, 24.884], [81.924, 24.876], [81.935, 24.851], [81.955, 24.839], [81.965, 24.841], [81.998, 24.847], [82.042, 24.834], [82.082, 24.822], [82.105, 24.806], [82.126, 24.794], [82.159, 24.792], [82.172, 24.809], [82.196, 24.825], [82.181, 24.801], [82.209, 24.798], [82.202, 24.781], [82.191, 24.77], [82.189, 24.744], [82.214, 24.729], [82.199, 24.752], [82.219, 24.765], [82.232, 24.758], [82.244, 24.776], [82.241, 24.738], [82.243, 24.702], [82.23, 24.67], [82.248, 24.676], [82.258, 24.682], [82.282, 24.672], [82.292, 24.665], [82.296, 24.636], [82.298, 24.612], [82.324, 24.623], [82.351, 24.608], [82.394, 24.598], [82.406, 24.618], [82.409, 24.643], [82.407, 24.674], [82.432, 24.706], [82.449, 24.678], [82.501, 24.678], [82.529, 24.652], [82.603, 24.679], [82.658, 24.7], [82.696, 24.676], [82.695, 24.644], [82.727, 24.646], [82.767, 24.629], [82.768, 24.598], [82.801, 24.553], [82.741, 24.555], [82.715, 24.548], [82.734, 24.487], [82.725, 24.445], [82.72, 24.43], [82.707, 24.385], [82.747, 24.373], [82.759, 24.369], [82.763, 24.342], [82.766, 24.312], [82.751, 24.268], [82.743, 24.232], [82.732, 24.201], [82.721, 24.15], [82.671, 24.158], [82.664, 24.124], [82.726, 24.083], [82.752, 24.08], [82.762, 24.06], [82.742, 24.021], [82.783, 24.007], [82.801, 23.997], [82.8, 23.967], [82.792, 23.956], [82.75, 23.93], [82.718, 23.921], [82.689, 23.92], [82.671, 23.91], [82.657, 23.908], [82.657, 23.878], [82.655, 23.863], [82.644, 23.86], [82.631, 23.846], [82.601, 23.834], [82.566, 23.825], [82.539, 23.824], [82.532, 23.82], [82.541, 23.81], [82.54, 23.791], [82.507, 23.785], [82.484, 23.791], [82.46, 23.811], [82.436, 23.805], [82.388, 23.801], [82.357, 23.808], [82.331, 23.805], [82.311, 23.811], [82.295, 23.809], [82.265, 23.819], [82.229, 23.807], [82.212, 23.824], [82.204, 23.837], [82.196, 23.85], [82.172, 23.838], [82.162, 23.82], [82.126, 23.82], [82.1, 23.82], [82.063, 23.819], [82.032, 23.829], [82.033, 23.845], [82.006, 23.859], [81.972, 23.858], [81.94, 23.858], [81.932, 23.863], [81.915, 23.872], [81.898, 23.848], [81.862, 23.835], [81.829, 23.817], [81.806, 23.81], [81.783, 23.812], [81.731, 23.839], [81.721, 23.849], [81.721, 23.861], [81.702, 23.869], [81.697, 23.886], [81.677, 23.91], [81.657, 23.925], [81.637, 23.914], [81.611, 23.907], [81.597, 23.889], [81.615, 23.873], [81.597, 23.862], [81.605, 23.841], [81.62, 23.837], [81.636, 23.816], [81.638, 23.778], [81.654, 23.764], [81.678, 23.749], [81.682, 23.726], [81.673, 23.693], [81.643, 23.66], [81.61, 23.633], [81.603, 23.6], [81.575, 23.592], [81.574, 23.567], [81.587, 23.555], [81.605, 23.525], [81.614, 23.498], [81.631, 23.492], [81.648, 23.502], [81.655, 23.532], [81.687, 23.524], [81.713, 23.543], [81.726, 23.562], [81.748, 23.565], [81.763, 23.551], [81.811, 23.534], [81.813, 23.518], [81.851, 23.516], [81.879, 23.518], [81.904, 23.535], [81.928, 23.518], [81.949, 23.497], [81.957, 23.463], [81.971, 23.447], [81.973, 23.426], [81.976, 23.416], [81.992, 23.419], [82.016, 23.424], [82.018, 23.406], [82.014, 23.39], [82.026, 23.386], [82.046, 23.378], [82.057, 23.394], [82.084, 23.397], [82.099, 23.395], [82.105, 23.369], [82.114, 23.354], [82.138, 23.362], [82.154, 23.342], [82.179, 23.327], [82.19, 23.312], [82.187, 23.295], [82.184, 23.275], [82.167, 23.261], [82.147, 23.232], [82.147, 23.209], [82.137, 23.183], [82.138, 23.168], [82.151, 23.161], [82.133, 23.132], [82.128, 23.112], [82.102, 23.109], [82.072, 23.114], [82.048, 23.103], [82.024, 23.08], [82.002, 23.078], [81.985, 23.086], [81.972, 23.081], [81.953, 23.076], [81.935, 23.067], [81.918, 23.041], [81.927, 23.022], [81.939, 23.001], [81.943, 22.965], [81.923, 22.951], [81.895, 22.928], [81.871, 22.912], [81.856, 22.891], [81.821, 22.883], [81.77, 22.86], [81.762, 22.829], [81.781, 22.775], [81.763, 22.742], [81.748, 22.72], [81.765, 22.669], [81.739, 22.661], [81.72, 22.67], [81.699, 22.646], [81.657, 22.632], [81.641, 22.608], [81.649, 22.576], [81.633, 22.562], [81.621, 22.548], [81.6, 22.536], [81.57, 22.55], [81.563, 22.534], [81.536, 22.533], [81.515, 22.534], [81.503, 22.527], [81.486, 22.503], [81.461, 22.494], [81.439, 22.491], [81.444, 22.479], [81.442, 22.466], [81.424, 22.479], [81.419, 22.454], [81.386, 22.451], [81.379, 22.493], [81.367, 22.514], [81.332, 22.522], [81.314, 22.5], [81.292, 22.489], [81.267, 22.494], [81.24, 22.459], [81.21, 22.454], [81.193, 22.474], [81.171, 22.488], [81.134, 22.452], [81.103, 22.422], [81.107, 22.362], [81.109, 22.33], [81.114, 22.294], [81.073, 22.242], [81.049, 22.244], [81.016, 22.22], [81.026, 22.198], [81.016, 22.188], [81.019, 22.165], [81.005, 22.133], [80.972, 22.121], [80.977, 22.113], [80.993, 22.105], [81.0, 22.09], [80.993, 22.058], [80.988, 22.048], [80.972, 22.054], [80.966, 22.082], [80.939, 22.119], [80.906, 22.114], [80.888, 22.062], [80.877, 22.051], [80.869, 22.011], [80.857, 21.993], [80.853, 21.983], [80.85, 21.973], [80.846, 21.961], [80.832, 21.958], [80.82, 21.958], [80.821, 21.951], [80.829, 21.947], [80.835, 21.941], [80.836, 21.928], [80.83, 21.918], [80.825, 21.904], [80.824, 21.889], [80.834, 21.883], [80.838, 21.869], [80.841, 21.856], [80.833, 21.849], [80.834, 21.835], [80.837, 21.827], [80.832, 21.814], [80.83, 21.801], [80.821, 21.787], [80.818, 21.776], [80.812, 21.764], [80.812, 21.751], [80.799, 21.745], [80.783, 21.74], [80.77, 21.752], [80.755, 21.757], [80.74, 21.756], [80.731, 21.739], [80.726, 21.726], [80.723, 21.716], [80.72, 21.71], [80.725, 21.701], [80.722, 21.691], [80.716, 21.681], [80.712, 21.675], [80.709, 21.669], [80.708, 21.662], [80.711, 21.654], [80.715, 21.645], [80.72, 21.637], [80.721, 21.628], [80.722, 21.617], [80.714, 21.607], [80.709, 21.598], [80.709, 21.587], [80.714, 21.581], [80.719, 21.574], [80.716, 21.563], [80.715, 21.555], [80.726, 21.544], [80.731, 21.535], [80.726, 21.522], [80.724, 21.509], [80.722, 21.496], [80.727, 21.481], [80.729, 21.468], [80.721, 21.449], [80.708, 21.436], [80.698, 21.427], [80.698, 21.411], [80.693, 21.398], [80.688, 21.38], [80.678, 21.366], [80.668, 21.349], [80.661, 21.335], [80.65, 21.33], [80.634, 21.324], [80.623, 21.321], [80.611, 21.322], [80.602, 21.324], [80.591, 21.327], [80.582, 21.334], [80.578, 21.343], [80.566, 21.343], [80.56, 21.349], [80.564, 21.356], [80.558, 21.361], [80.544, 21.367], [80.534, 21.372], [80.527, 21.382], [80.519, 21.39], [80.509, 21.391], [80.496, 21.393], [80.484, 21.397], [80.475, 21.396], [80.467, 21.396], [80.456, 21.399], [80.448, 21.402], [80.444, 21.391], [80.444, 21.376], [80.436, 21.371], [80.427, 21.373], [80.418, 21.376], [80.407, 21.376], [80.401, 21.378], [80.394, 21.392], [80.389, 21.407], [80.399, 21.418], [80.402, 21.428], [80.41, 21.436], [80.408, 21.447], [80.405, 21.459], [80.399, 21.466], [80.39, 21.471], [80.383, 21.482], [80.378, 21.49], [80.375, 21.495], [80.374, 21.503], [80.371, 21.515], [80.369, 21.523], [80.357, 21.531], [80.34, 21.538], [80.331, 21.544], [80.326, 21.55], [80.33, 21.556], [80.325, 21.564], [80.319, 21.575], [80.308, 21.577], [80.292, 21.578], [80.289, 21.59], [80.28, 21.596], [80.271, 21.611], [80.255, 21.621], [80.24, 21.621], [80.221, 21.62], [80.21, 21.626], [80.195, 21.635], [80.186, 21.633], [80.18, 21.626], [80.171, 21.624], [80.16, 21.617], [80.15, 21.607], [80.138, 21.605], [80.121, 21.609], [80.112, 21.601], [80.108, 21.592], [80.099, 21.589], [80.091, 21.584], [80.082, 21.572], [80.073, 21.564], [80.067, 21.557], [80.06, 21.554], [80.05, 21.554], [80.042, 21.556], [80.028, 21.557], [80.017, 21.549], [80.007, 21.543], [79.997, 21.535], [79.966, 21.557], [79.931, 21.556], [79.916, 21.524], [79.886, 21.53], [79.855, 21.533], [79.818, 21.559], [79.769, 21.59], [79.706, 21.591], [79.689, 21.584], [79.654, 21.563], [79.634, 21.555], [79.599, 21.551], [79.571, 21.544], [79.534, 21.548], [79.538, 21.569], [79.511, 21.583], [79.498, 21.612], [79.509, 21.623], [79.503, 21.635], [79.497, 21.652], [79.489, 21.674], [79.432, 21.683], [79.411, 21.691], [79.395, 21.675], [79.348, 21.684], [79.317, 21.686], [79.272, 21.709], [79.228, 21.722], [79.221, 21.697], [79.227, 21.674], [79.22, 21.651], [79.147, 21.657], [79.111, 21.626], [79.104, 21.609], [79.082, 21.607], [79.043, 21.605], [79.0, 21.61], [78.975, 21.618], [78.929, 21.595], [78.912, 21.571], [78.928, 21.56], [78.904, 21.555], [78.923, 21.524], [78.941, 21.514], [78.921, 21.488], [78.89, 21.498], [78.852, 21.496], [78.823, 21.491], [78.793, 21.49], [78.777, 21.479], [78.761, 21.485], [78.74, 21.484], [78.724, 21.464], [78.702, 21.475], [78.688, 21.479], [78.659, 21.479], [78.63, 21.481], [78.605, 21.488], [78.585, 21.487], [78.565, 21.509], [78.552, 21.519], [78.525, 21.526], [78.502, 21.527], [78.486, 21.512], [78.471, 21.505], [78.456, 21.504], [78.439, 21.504], [78.428, 21.527], [78.422, 21.546], [78.419, 21.572], [78.423, 21.602], [78.399, 21.611], [78.38, 21.619], [78.378, 21.596], [78.355, 21.577], [78.328, 21.581], [78.304, 21.571], [78.282, 21.587], [78.258, 21.592], [78.269, 21.575], [78.239, 21.565], [78.177, 21.557], [78.171, 21.529], [78.171, 21.502], [78.109, 21.464], [78.064, 21.439], [78.02, 21.421], [77.996, 21.414], [77.96, 21.401], [77.932, 21.386], [77.906, 21.38], [77.887, 21.38], [77.863, 21.388], [77.818, 21.409], [77.796, 21.406], [77.79, 21.389], [77.761, 21.384], [77.743, 21.38], [77.705, 21.359], [77.696, 21.378], [77.691, 21.397], [77.67, 21.373], [77.663, 21.377], [77.651, 21.393], [77.639, 21.388], [77.611, 21.394], [77.599, 21.392], [77.606, 21.37], [77.584, 21.364], [77.571, 21.373], [77.54, 21.381], [77.518, 21.378], [77.487, 21.378], [77.477, 21.421], [77.47, 21.449], [77.454, 21.467], [77.438, 21.473], [77.437, 21.484], [77.419, 21.521], [77.429, 21.546], [77.45, 21.548], [77.465, 21.556], [77.507, 21.551], [77.541, 21.539], [77.589, 21.53], [77.591, 21.562], [77.571, 21.563], [77.57, 21.611], [77.571, 21.627], [77.559, 21.669], [77.545, 21.692], [77.526, 21.715], [77.519, 21.721], [77.506, 21.741], [77.489, 21.75], [77.477, 21.768], [77.459, 21.768], [77.439, 21.763], [77.401, 21.756], [77.339, 21.762], [77.309, 21.76], [77.277, 21.76], [77.284, 21.746], [77.287, 21.736], [77.263, 21.724], [77.225, 21.718], [77.218, 21.698], [77.184, 21.704], [77.171, 21.727], [77.16, 21.714], [77.121, 21.725], [77.094, 21.72], [77.074, 21.723], [77.059, 21.709], [77.018, 21.691], [76.979, 21.666], [76.892, 21.601], [76.839, 21.601], [76.795, 21.598], [76.78, 21.562], [76.786, 21.535], [76.77, 21.511], [76.785, 21.477], [76.743, 21.443], [76.719, 21.401], [76.626, 21.33], [76.66, 21.274], [76.65, 21.249], [76.631, 21.216], [76.62, 21.195], [76.587, 21.199], [76.541, 21.196], [76.491, 21.198], [76.477, 21.161], [76.467, 21.147], [76.456, 21.132], [76.441, 21.112], [76.409, 21.094], [76.381, 21.079], [76.369, 21.079], [76.335, 21.077], [76.278, 21.078], [76.235, 21.094], [76.184, 21.09], [76.169, 21.086], [76.169, 21.101], [76.162, 21.11], [76.134, 21.13], [76.132, 21.153], [76.114, 21.165], [76.131, 21.176], [76.167, 21.171], [76.169, 21.192], [76.168, 21.206], [76.163, 21.222], [76.148, 21.232], [76.144, 21.243], [76.159, 21.259], [76.147, 21.281], [76.129, 21.298], [76.107, 21.36], [76.077, 21.364], [76.042, 21.359], [76.0, 21.375], [75.959, 21.396], [75.917, 21.39], [75.896, 21.399], [75.872, 21.395], [75.851, 21.389], [75.812, 21.387], [75.774, 21.387], [75.746, 21.392], [75.733, 21.393], [75.707, 21.391], [75.685, 21.382], [75.659, 21.383], [75.633, 21.382], [75.621, 21.388], [75.591, 21.392], [75.582, 21.381], [75.564, 21.378], [75.555, 21.377], [75.545, 21.376], [75.516, 21.387], [75.485, 21.391], [75.454, 21.392], [75.436, 21.391], [75.409, 21.39], [75.395, 21.385], [75.379, 21.392], [75.354, 21.393], [75.312, 21.395], [75.303, 21.395], [75.289, 21.412], [75.254, 21.406], [75.232, 21.417], [75.204, 21.417], [75.147, 21.443], [75.107, 21.47], [75.09, 21.514], [75.072, 21.542], [75.058, 21.565], [75.016, 21.578], [75.003, 21.587], [74.999, 21.589], [74.996, 21.591], [74.992, 21.592], [74.988, 21.594], [74.984, 21.595], [74.981, 21.596], [74.977, 21.597], [74.973, 21.598], [74.969, 21.598], [74.965, 21.599], [74.961, 21.6], [74.957, 21.601], [74.953, 21.602], [74.95, 21.603], [74.946, 21.604], [74.942, 21.605], [74.938, 21.607], [74.934, 21.608], [74.931, 21.609], [74.927, 21.61], [74.923, 21.612], [74.919, 21.613], [74.916, 21.615], [74.913, 21.617], [74.91, 21.619], [74.908, 21.623], [74.906, 21.626], [74.904, 21.629], [74.9, 21.631], [74.896, 21.631], [74.892, 21.632], [74.888, 21.632], [74.884, 21.632], [74.88, 21.631], [74.876, 21.63], [74.872, 21.63], [74.868, 21.631], [74.865, 21.633], [74.863, 21.633], [74.86, 21.631], [74.856, 21.628], [74.853, 21.626], [74.85, 21.624], [74.846, 21.622], [74.842, 21.621], [74.838, 21.62], [74.835, 21.618], [74.833, 21.615], [74.833, 21.611], [74.829, 21.61], [74.825, 21.61], [74.821, 21.611], [74.817, 21.611], [74.813, 21.612], [74.81, 21.613], [74.806, 21.615], [74.802, 21.616], [74.803, 21.613], [74.801, 21.61], [74.797, 21.61], [74.793, 21.61], [74.789, 21.611], [74.785, 21.612], [74.781, 21.613], [74.778, 21.614], [74.774, 21.616], [74.77, 21.615], [74.766, 21.616], [74.762, 21.616], [74.758, 21.617], [74.754, 21.618], [74.75, 21.618], [74.746, 21.619], [74.742, 21.62], [74.739, 21.621], [74.735, 21.622], [74.731, 21.622], [74.727, 21.623], [74.723, 21.624], [74.719, 21.625], [74.715, 21.626], [74.711, 21.627], [74.708, 21.628], [74.704, 21.629], [74.7, 21.631], [74.697, 21.632], [74.693, 21.634], [74.69, 21.637], [74.687, 21.639], [74.684, 21.641], [74.68, 21.644], [74.677, 21.646], [74.674, 21.648], [74.671, 21.65], [74.667, 21.652], [74.663, 21.653], [74.659, 21.654], [74.655, 21.654], [74.651, 21.655], [74.647, 21.655], [74.644, 21.656], [74.64, 21.657], [74.636, 21.657], [74.632, 21.658], [74.628, 21.659], [74.624, 21.66], [74.62, 21.661], [74.616, 21.662], [74.612, 21.662], [74.608, 21.663], [74.604, 21.663], [74.6, 21.663], [74.596, 21.663], [74.592, 21.664], [74.589, 21.665], [74.587, 21.669], [74.585, 21.672], [74.587, 21.676], [74.586, 21.68], [74.585, 21.683], [74.582, 21.685], [74.578, 21.685], [74.574, 21.684], [74.57, 21.684], [74.567, 21.683], [74.565, 21.68], [74.561, 21.681], [74.557, 21.684], [74.558, 21.686], [74.561, 21.689], [74.561, 21.692], [74.561, 21.696], [74.561, 21.7], [74.561, 21.704], [74.559, 21.707], [74.557, 21.711], [74.555, 21.714], [74.553, 21.718], [74.55, 21.72], [74.547, 21.72], [74.543, 21.719], [74.538, 21.718], [74.534, 21.718], [74.53, 21.717], [74.526, 21.718], [74.522, 21.718], [74.519, 21.719], [74.515, 21.721], [74.512, 21.724], [74.511, 21.728], [74.512, 21.731], [74.513, 21.735], [74.514, 21.739], [74.515, 21.742], [74.514, 21.746], [74.513, 21.75], [74.515, 21.753], [74.517, 21.756], [74.518, 21.76], [74.518, 21.764], [74.517, 21.767], [74.515, 21.77], [74.512, 21.773], [74.509, 21.776], [74.507, 21.779], [74.506, 21.783], [74.512, 21.821], [74.518, 21.89], [74.524, 21.913], [74.516, 21.934], [74.493, 21.954], [74.483, 21.962], [74.467, 21.965], [74.449, 21.971], [74.441, 21.996], [74.446, 22.007], [74.452, 22.009], [74.446, 22.027], [74.407, 22.024], [74.378, 22.002], [74.376, 21.998], [74.373, 21.995], [74.37, 21.994], [74.366, 21.992], [74.363, 21.989], [74.361, 21.986], [74.359, 21.983], [74.356, 21.98], [74.353, 21.978], [74.349, 21.976], [74.346, 21.975], [74.342, 21.975], [74.338, 21.975], [74.334, 21.974], [74.33, 21.974], [74.326, 21.974], [74.322, 21.974], [74.318, 21.973], [74.314, 21.973], [74.31, 21.972], [74.306, 21.97], [74.303, 21.968], [74.3, 21.965], [74.299, 21.962], [74.297, 21.958], [74.297, 21.954], [74.296, 21.951], [74.296, 21.947], [74.295, 21.943], [74.294, 21.94], [74.291, 21.937], [74.288, 21.935], [74.284, 21.935], [74.28, 21.935], [74.276, 21.934], [74.272, 21.934], [74.268, 21.934], [74.264, 21.933], [74.26, 21.933], [74.256, 21.932], [74.252, 21.932], [74.248, 21.931], [74.244, 21.931], [74.24, 21.93], [74.236, 21.93], [74.232, 21.93], [74.228, 21.93], [74.224, 21.929], [74.22, 21.929], [74.216, 21.928], [74.212, 21.927], [74.209, 21.926], [74.205, 21.925], [74.201, 21.926], [74.197, 21.926], [74.193, 21.927], [74.189, 21.928], [74.186, 21.93], [74.183, 21.933], [74.18, 21.936], [74.178, 21.939], [74.176, 21.942], [74.173, 21.945], [74.169, 21.947], [74.166, 21.948], [74.162, 21.95], [74.159, 21.952], [74.155, 21.953], [74.151, 21.954], [74.147, 21.954], [74.145, 21.965], [74.153, 21.976], [74.142, 21.991], [74.105, 21.999], [74.101, 22.018], [74.125, 22.036], [74.144, 22.048], [74.154, 22.058], [74.165, 22.074], [74.176, 22.084], [74.172, 22.094], [74.166, 22.103], [74.155, 22.106], [74.133, 22.096], [74.13, 22.114], [74.127, 22.132], [74.133, 22.153], [74.126, 22.167], [74.122, 22.188], [74.122, 22.209], [74.108, 22.221], [74.082, 22.221], [74.078, 22.237], [74.089, 22.247], [74.08, 22.258], [74.069, 22.272], [74.06, 22.291], [74.063, 22.307], [74.068, 22.326], [74.074, 22.346], [74.077, 22.362], [74.098, 22.369], [74.115, 22.367], [74.129, 22.353], [74.144, 22.33], [74.184, 22.323], [74.195, 22.344], [74.198, 22.343], [74.206, 22.36], [74.211, 22.363], [74.227, 22.359], [74.226, 22.375], [74.24, 22.377], [74.253, 22.384], [74.258, 22.4], [74.281, 22.394], [74.288, 22.398], [74.271, 22.405], [74.264, 22.425], [74.237, 22.439], [74.219, 22.443], [74.205, 22.437], [74.205, 22.461], [74.191, 22.478], [74.184, 22.456], [74.183, 22.443], [74.167, 22.432], [74.156, 22.445], [74.144, 22.457], [74.131, 22.436], [74.127, 22.42], [74.105, 22.433], [74.106, 22.456], [74.095, 22.469], [74.078, 22.473], [74.085, 22.482], [74.087, 22.494], [74.081, 22.509], [74.065, 22.511], [74.055, 22.501], [74.043, 22.491], [74.035, 22.508], [74.041, 22.53], [74.056, 22.548], [74.093, 22.545], [74.114, 22.541], [74.128, 22.524], [74.143, 22.519], [74.158, 22.527], [74.168, 22.541], [74.192, 22.553], [74.19, 22.567], [74.214, 22.567], [74.226, 22.585], [74.237, 22.614], [74.254, 22.623], [74.256, 22.636], [74.265, 22.645], [74.275, 22.643], [74.299, 22.641], [74.317, 22.636], [74.328, 22.644], [74.344, 22.642], [74.381, 22.639], [74.385, 22.67], [74.397, 22.701], [74.403, 22.731], [74.421, 22.757], [74.439, 22.786], [74.439, 22.809], [74.465, 22.815], [74.475, 22.865], [74.469, 22.887], [74.463, 22.913], [74.444, 22.923], [74.428, 22.92], [74.408, 22.904], [74.382, 22.91], [74.366, 22.93], [74.348, 22.953], [74.355, 22.975], [74.371, 22.977], [74.358, 23.0], [74.347, 23.034], [74.325, 23.048], [74.355, 23.076], [74.388, 23.11], [74.419, 23.108], [74.445, 23.093], [74.512, 23.089], [74.543, 23.107], [74.566, 23.135], [74.597, 23.142], [74.626, 23.163], [74.665, 23.198], [74.721, 23.197], [74.751, 23.23], [74.74, 23.229], [74.713, 23.221], [74.696, 23.229], [74.719, 23.246], [74.702, 23.267], [74.666, 23.271], [74.63, 23.266], [74.607, 23.285], [74.577, 23.297], [74.558, 23.285], [74.541, 23.305], [74.534, 23.323], [74.518, 23.329], [74.544, 23.359], [74.565, 23.375], [74.574, 23.423], [74.613, 23.452], [74.652, 23.463], [74.669, 23.484], [74.688, 23.492], [74.719, 23.504], [74.742, 23.519], [74.774, 23.543], [74.799, 23.54], [74.819, 23.541], [74.851, 23.557], [74.873, 23.578], [74.879, 23.596], [74.906, 23.623], [74.94, 23.63], [74.928, 23.653], [74.91, 23.688], [74.924, 23.719], [74.932, 23.756], [74.938, 23.777], [74.91, 23.801], [74.913, 23.85], [74.906, 23.874], [74.915, 23.912], [74.921, 23.936], [74.932, 23.947], [74.969, 23.98], [74.988, 24.014], [74.981, 24.041], [74.965, 24.083], [74.96, 24.11], [74.939, 24.128], [74.928, 24.157], [74.899, 24.178], [74.88, 24.216], [74.903, 24.231], [74.904, 24.246], [74.885, 24.269], [74.863, 24.274], [74.844, 24.27], [74.82, 24.276], [74.773, 24.272], [74.753, 24.289], [74.785, 24.321], [74.786, 24.349], [74.787, 24.372], [74.802, 24.387], [74.825, 24.408], [74.835, 24.43], [74.857, 24.452], [74.854, 24.47], [74.841, 24.467], [74.82, 24.473], [74.817, 24.491], [74.802, 24.492], [74.782, 24.485], [74.761, 24.489], [74.731, 24.51], [74.713, 24.509], [74.729, 24.535], [74.749, 24.552], [74.756, 24.56], [74.752, 24.586], [74.756, 24.601], [74.782, 24.607], [74.787, 24.618], [74.791, 24.645], [74.799, 24.657], [74.811, 24.672], [74.818, 24.68], [74.792, 24.682], [74.775, 24.688], [74.781, 24.705], [74.788, 24.722], [74.781, 24.741], [74.8, 24.752], [74.798, 24.791], [74.819, 24.765], [74.85, 24.706], [74.855, 24.699], [74.86, 24.694], [74.87, 24.679], [74.878, 24.666], [74.895, 24.658], [74.902, 24.656], [74.913, 24.66], [74.935, 24.662], [74.944, 24.662], [74.953, 24.674], [74.961, 24.679], [74.96, 24.687], [74.964, 24.7], [75.0, 24.708], [74.995, 24.716], [74.993, 24.753], [75.021, 24.77], [75.016, 24.786], [74.99, 24.794], [74.946, 24.792], [74.917, 24.787], [74.892, 24.799], [74.878, 24.813], [74.859, 24.8], [74.841, 24.803], [74.857, 24.818], [74.856, 24.847], [74.842, 24.875], [74.835, 24.897], [74.824, 24.929], [74.826, 24.952], [74.846, 24.974], [74.864, 24.957], [74.871, 24.937], [74.89, 24.941], [74.904, 24.93], [74.912, 24.919], [74.92, 24.895], [74.93, 24.888], [74.946, 24.894], [74.945, 24.878], [74.972, 24.875], [74.991, 24.875], [75.019, 24.867], [75.043, 24.859], [75.059, 24.878], [75.063, 24.877], [75.082, 24.889], [75.088, 24.881], [75.119, 24.896], [75.118, 24.946], [75.119, 24.975], [75.137, 24.979], [75.134, 24.983], [75.146, 24.986], [75.163, 24.992], [75.169, 25.013], [75.156, 25.035], [75.182, 25.048], [75.195, 25.038], [75.218, 25.041], [75.256, 25.04], [75.3, 25.044], [75.346, 25.043], [75.354, 25.029], [75.329, 25.018], [75.322, 24.996], [75.331, 24.976], [75.334, 24.951], [75.314, 24.9], [75.306, 24.929], [75.303, 24.943], [75.29, 24.956], [75.285, 24.977], [75.266, 24.962], [75.276, 24.94], [75.293, 24.923], [75.282, 24.923], [75.274, 24.917], [75.261, 24.905], [75.273, 24.887], [75.299, 24.87], [75.326, 24.887], [75.399, 24.888], [75.421, 24.882], [75.411, 24.861], [75.344, 24.833], [75.32, 24.818], [75.298, 24.82], [75.284, 24.85], [75.252, 24.86], [75.23, 24.857], [75.25, 24.896], [75.236, 24.899], [75.221, 24.903], [75.207, 24.905], [75.201, 24.884], [75.222, 24.858], [75.234, 24.847], [75.252, 24.837], [75.241, 24.819], [75.206, 24.81], [75.203, 24.789], [75.188, 24.77], [75.196, 24.76], [75.219, 24.723], [75.242, 24.73], [75.286, 24.726], [75.378, 24.706], [75.452, 24.693], [75.535, 24.72], [75.569, 24.72], [75.613, 24.688], [75.712, 24.745], [75.76, 24.765], [75.805, 24.756], [75.834, 24.686], [75.837, 24.67], [75.844, 24.639], [75.838, 24.624], [75.839, 24.609], [75.845, 24.61], [75.866, 24.607], [75.884, 24.582], [75.911, 24.577], [75.913, 24.565], [75.907, 24.552], [75.925, 24.538], [75.903, 24.52], [75.891, 24.51], [75.912, 24.486], [75.909, 24.456], [75.886, 24.437], [75.829, 24.423], [75.814, 24.448], [75.796, 24.473], [75.786, 24.458], [75.776, 24.454], [75.749, 24.428], [75.745, 24.407], [75.728, 24.407], [75.739, 24.395], [75.742, 24.361], [75.756, 24.327], [75.79, 24.311], [75.813, 24.301], [75.813, 24.277], [75.813, 24.257], [75.826, 24.243], [75.811, 24.242], [75.795, 24.227], [75.768, 24.208], [75.759, 24.18], [75.743, 24.14], [75.773, 24.139], [75.783, 24.123], [75.808, 24.113], [75.836, 24.104], [75.834, 24.075], [75.807, 24.068], [75.78, 24.036], [75.768, 24.012], [75.764, 24.005], [75.755, 23.995], [75.737, 23.994], [75.736, 23.981], [75.725, 23.975], [75.698, 23.97], [75.696, 23.99], [75.684, 23.993], [75.686, 24.018], [75.669, 24.034], [75.648, 24.021], [75.638, 24.003], [75.625, 23.999], [75.597, 23.999], [75.584, 23.992], [75.574, 23.998], [75.572, 24.017], [75.543, 24.026], [75.489, 24.0], [75.467, 23.985], [75.461, 23.948], [75.456, 23.921], [75.5, 23.901], [75.517, 23.889], [75.557, 23.863], [75.567, 23.848], [75.575, 23.838], [75.56, 23.837], [75.563, 23.817], [75.584, 23.814], [75.592, 23.802], [75.617, 23.806], [75.641, 23.802], [75.657, 23.792], [75.671, 23.787], [75.684, 23.761], [75.697, 23.785], [75.694, 23.805], [75.69, 23.82], [75.716, 23.817], [75.721, 23.824], [75.716, 23.846], [75.726, 23.853], [75.718, 23.865], [75.701, 23.875], [75.701, 23.895], [75.711, 23.9], [75.728, 23.902], [75.74, 23.894], [75.76, 23.862], [75.78, 23.855], [75.791, 23.872], [75.818, 23.879], [75.841, 23.888], [75.864, 23.895], [75.886, 23.889], [75.901, 23.895], [75.932, 23.902], [75.948, 23.922], [75.976, 23.939], [75.98, 23.969], [75.964, 23.992], [75.959, 24.01], [75.98, 24.031], [76.002, 24.035], [76.033, 24.064], [76.057, 24.078], [76.091, 24.086], [76.112, 24.097], [76.131, 24.107], [76.137, 24.131], [76.131, 24.169], [76.12, 24.18], [76.132, 24.212], [76.154, 24.244], [76.142, 24.281], [76.163, 24.293], [76.171, 24.31], [76.19, 24.33], [76.205, 24.306], [76.202, 24.277], [76.206, 24.233], [76.223, 24.223], [76.252, 24.225], [76.287, 24.218], [76.303, 24.244], [76.335, 24.254], [76.361, 24.244], [76.4, 24.223], [76.423, 24.214], [76.429, 24.227], [76.453, 24.217], [76.47, 24.231], [76.497, 24.212], [76.51, 24.179], [76.531, 24.163], [76.555, 24.168], [76.58, 24.181], [76.566, 24.201], [76.593, 24.224], [76.588, 24.25], [76.614, 24.242], [76.635, 24.264], [76.647, 24.272], [76.679, 24.271], [76.693, 24.274], [76.701, 24.254], [76.688, 24.232], [76.684, 24.189], [76.712, 24.167], [76.729, 24.171], [76.757, 24.17], [76.773, 24.159], [76.801, 24.12], [76.835, 24.131], [76.866, 24.139], [76.886, 24.132], [76.915, 24.183], [76.944, 24.199], [76.937, 24.21], [76.919, 24.221], [76.904, 24.242], [76.867, 24.281], [76.86, 24.305], [76.839, 24.343], [76.849, 24.368], [76.85, 24.389], [76.838, 24.418], [76.851, 24.435], [76.839, 24.454], [76.851, 24.469], [76.845, 24.491], [76.828, 24.51], [76.815, 24.534], [76.838, 24.548], [76.872, 24.546], [76.876, 24.526], [76.893, 24.54], [76.913, 24.544], [76.919, 24.524], [76.923, 24.481], [76.953, 24.464], [76.978, 24.472], [77.002, 24.478], [77.005, 24.492], [77.016, 24.495], [77.027, 24.521], [77.039, 24.527], [77.053, 24.544], [77.064, 24.585], [77.061, 24.611], [77.054, 24.654], [77.034, 24.698], [77.019, 24.715], [76.982, 24.725], [76.964, 24.75], [76.946, 24.764], [76.898, 24.748], [76.861, 24.749], [76.847, 24.77], [76.809, 24.815], [76.802, 24.827], [76.827, 24.838], [76.851, 24.84], [76.895, 24.84], [76.927, 24.85], [76.947, 24.868], [76.942, 24.875], [76.918, 24.885], [76.916, 24.901], [76.921, 24.917], [76.892, 24.929], [76.872, 24.955], [76.866, 24.972], [76.86, 25.007], [76.874, 25.013], [76.878, 25.026], [76.918, 25.04], [76.969, 25.056], [76.984, 25.078], [77.012, 25.075], [77.029, 25.072], [77.061, 25.061], [77.09, 25.066], [77.14, 25.096], [77.163, 25.11], [77.197, 25.117], [77.262, 25.119], [77.296, 25.087], [77.314, 25.088], [77.349, 25.098], [77.368, 25.114], [77.393, 25.115], [77.394, 25.123], [77.389, 25.151], [77.391, 25.18], [77.415, 25.189], [77.41, 25.212], [77.38, 25.245], [77.362, 25.256], [77.36, 25.28], [77.373, 25.294], [77.375, 25.311], [77.366, 25.329], [77.336, 25.326], [77.354, 25.37], [77.345, 25.383], [77.354, 25.404], [77.344, 25.422], [77.305, 25.436], [77.26, 25.399], [77.226, 25.379], [77.217, 25.337], [77.209, 25.329], [77.198, 25.331], [77.197, 25.311], [77.168, 25.316], [77.136, 25.324], [77.108, 25.335], [77.075, 25.34], [77.058, 25.322], [77.039, 25.325], [77.018, 25.302], [76.959, 25.297], [76.948, 25.277], [76.933, 25.287], [76.905, 25.318], [76.867, 25.325], [76.833, 25.327], [76.773, 25.316], [76.766, 25.332], [76.754, 25.339], [76.715, 25.342], [76.665, 25.358], [76.625, 25.375], [76.615, 25.384], [76.599, 25.405], [76.564, 25.442], [76.551, 25.484], [76.538, 25.51], [76.52, 25.53], [76.516, 25.566], [76.516, 25.607], [76.501, 25.643], [76.489, 25.683], [76.482, 25.718], [76.531, 25.734], [76.529, 25.798], [76.567, 25.84], [76.617, 25.871], [76.638, 25.902], [76.674, 25.912], [76.715, 25.901], [76.756, 25.916], [76.753, 25.932], [76.761, 25.943], [76.806, 25.953], [76.82, 25.989], [76.84, 26.011], [76.852, 26.044], [76.873, 26.064], [76.888, 26.093], [76.929, 26.103], [76.969, 26.124], [77.0, 26.153], [77.024, 26.176], [77.059, 26.185], [77.096, 26.195], [77.109, 26.225], [77.143, 26.238], [77.165, 26.245], [77.194, 26.236], [77.251, 26.267], [77.308, 26.322], [77.327, 26.347], [77.36, 26.37], [77.386, 26.362], [77.415, 26.368], [77.44, 26.379], [77.428, 26.407], [77.494, 26.414], [77.537, 26.423], [77.559, 26.441], [77.609, 26.459], [77.627, 26.483], [77.668, 26.508], [77.695, 26.501], [77.731, 26.53], [77.758, 26.551], [77.804, 26.551], [77.824, 26.584], [77.834, 26.612], [77.879, 26.62], [77.895, 26.662], [77.948, 26.665], [77.976, 26.683], [78.019, 26.698], [78.056, 26.686], [78.075, 26.678], [78.089, 26.701], [78.096, 26.744], [78.111, 26.762], [78.094, 26.783], [78.113, 26.803], [78.146, 26.792], [78.18, 26.797], [78.164, 26.83], [78.192, 26.83], [78.223, 26.837], [78.261, 26.821], [78.268, 26.85], [78.295, 26.868], [78.341, 26.874], [78.365, 26.869]]]}}, {"type": "Feature", "properties": {"state_name": "Sikkim"}, "geometry": {"type": "Polygon", "coordinates": [[[88.645, 28.099], [88.673, 28.073], [88.677, 28.077], [88.704, 28.078], [88.74, 28.076], [88.754, 28.072], [88.769, 28.061], [88.771, 28.058], [88.783, 28.048], [88.787, 28.044], [88.795, 28.036], [88.799, 28.031], [88.805, 28.026], [88.819, 28.02], [88.833, 28.012], [88.836, 27.999], [88.841, 27.991], [88.843, 27.962], [88.836, 27.945], [88.854, 27.927], [88.865, 27.913], [88.871, 27.902], [88.88, 27.895], [88.881, 27.893], [88.88, 27.88], [88.885, 27.865], [88.883, 27.857], [88.881, 27.839], [88.877, 27.834], [88.873, 27.827], [88.862, 27.822], [88.854, 27.815], [88.857, 27.811], [88.853, 27.768], [88.857, 27.756], [88.861, 27.749], [88.854, 27.729], [88.841, 27.712], [88.839, 27.706], [88.846, 27.7], [88.845, 27.682], [88.847, 27.669], [88.838, 27.659], [88.826, 27.645], [88.816, 27.643], [88.81, 27.642], [88.809, 27.614], [88.801, 27.6], [88.798, 27.596], [88.794, 27.594], [88.787, 27.586], [88.782, 27.573], [88.767, 27.567], [88.769, 27.56], [88.776, 27.537], [88.784, 27.53], [88.789, 27.529], [88.787, 27.521], [88.786, 27.511], [88.784, 27.494], [88.785, 27.487], [88.783, 27.48], [88.781, 27.468], [88.787, 27.452], [88.795, 27.447], [88.795, 27.433], [88.804, 27.425], [88.808, 27.409], [88.811, 27.403], [88.819, 27.399], [88.822, 27.396], [88.825, 27.391], [88.833, 27.387], [88.835, 27.383], [88.841, 27.378], [88.847, 27.381], [88.853, 27.386], [88.862, 27.383], [88.869, 27.367], [88.879, 27.364], [88.886, 27.346], [88.894, 27.334], [88.901, 27.334], [88.912, 27.331], [88.922, 27.326], [88.915, 27.319], [88.909, 27.306], [88.91, 27.298], [88.907, 27.282], [88.898, 27.275], [88.894, 27.274], [88.88, 27.266], [88.873, 27.259], [88.847, 27.262], [88.831, 27.262], [88.824, 27.26], [88.82, 27.256], [88.81, 27.252], [88.8, 27.235], [88.795, 27.208], [88.789, 27.2], [88.787, 27.184], [88.775, 27.18], [88.762, 27.176], [88.761, 27.174], [88.758, 27.168], [88.76, 27.155], [88.733, 27.137], [88.712, 27.165], [88.68, 27.18], [88.656, 27.162], [88.619, 27.188], [88.598, 27.193], [88.585, 27.193], [88.529, 27.178], [88.527, 27.16], [88.522, 27.15], [88.508, 27.136], [88.496, 27.125], [88.474, 27.121], [88.46, 27.096], [88.432, 27.082], [88.388, 27.098], [88.348, 27.103], [88.324, 27.105], [88.311, 27.125], [88.278, 27.131], [88.252, 27.125], [88.222, 27.125], [88.189, 27.134], [88.158, 27.114], [88.137, 27.117], [88.093, 27.136], [88.083, 27.149], [88.073, 27.174], [88.069, 27.194], [88.064, 27.208], [88.033, 27.221], [88.022, 27.229], [88.024, 27.237], [88.027, 27.242], [88.033, 27.263], [88.034, 27.286], [88.044, 27.301], [88.052, 27.318], [88.063, 27.328], [88.067, 27.341], [88.06, 27.355], [88.047, 27.384], [88.051, 27.401], [88.053, 27.413], [88.069, 27.425], [88.082, 27.431], [88.075, 27.434], [88.075, 27.445], [88.068, 27.453], [88.059, 27.467], [88.047, 27.478], [88.047, 27.493], [88.057, 27.504], [88.064, 27.525], [88.062, 27.531], [88.063, 27.54], [88.072, 27.556], [88.082, 27.568], [88.108, 27.602], [88.122, 27.627], [88.123, 27.645], [88.147, 27.665], [88.151, 27.684], [88.151, 27.702], [88.152, 27.708], [88.161, 27.741], [88.179, 27.758], [88.186, 27.766], [88.184, 27.775], [88.198, 27.786], [88.19, 27.801], [88.176, 27.817], [88.199, 27.836], [88.2, 27.848], [88.191, 27.854], [88.177, 27.861], [88.169, 27.867], [88.156, 27.871], [88.138, 27.881], [88.127, 27.891], [88.123, 27.898], [88.119, 27.903], [88.114, 27.912], [88.126, 27.934], [88.124, 27.948], [88.133, 27.962], [88.14, 27.963], [88.167, 27.948], [88.189, 27.944], [88.196, 27.947], [88.2, 27.961], [88.21, 27.968], [88.216, 27.965], [88.222, 27.964], [88.23, 27.968], [88.233, 27.965], [88.238, 27.951], [88.248, 27.95], [88.259, 27.956], [88.271, 27.958], [88.272, 27.958], [88.277, 27.965], [88.286, 27.968], [88.309, 27.973], [88.323, 27.981], [88.332, 27.985], [88.345, 27.989], [88.364, 27.988], [88.389, 27.978], [88.401, 27.983], [88.409, 27.992], [88.424, 28.006], [88.427, 28.008], [88.462, 28.02], [88.478, 28.043], [88.501, 28.049], [88.503, 28.047], [88.521, 28.04], [88.528, 28.037], [88.538, 28.039], [88.543, 28.05], [88.55, 28.061], [88.554, 28.085], [88.571, 28.087], [88.588, 28.091], [88.596, 28.097], [88.616, 28.104], [88.611, 28.119], [88.607, 28.128], [88.627, 28.127], [88.63, 28.124], [88.632, 28.121], [88.638, 28.104], [88.645, 28.099]]]}}, {"type": "Feature", "properties": {"state_name": "Uttar Pradesh"}, "geometry": {"type": "Polygon", "coordinates": [[[77.585, 30.409], [77.591, 30.409], [77.603, 30.408], [77.608, 30.41], [77.617, 30.405], [77.626, 30.407], [77.636, 30.41], [77.641, 30.405], [77.648, 30.398], [77.66, 30.394], [77.662, 30.392], [77.663, 30.385], [77.669, 30.384], [77.677, 30.381], [77.683, 30.371], [77.687, 30.365], [77.693, 30.356], [77.701, 30.347], [77.711, 30.339], [77.721, 30.335], [77.732, 30.33], [77.743, 30.328], [77.759, 30.32], [77.773, 30.313], [77.784, 30.305], [77.807, 30.294], [77.824, 30.286], [77.84, 30.281], [77.856, 30.274], [77.867, 30.271], [77.88, 30.272], [77.896, 30.266], [77.91, 30.259], [77.922, 30.252], [77.931, 30.247], [77.927, 30.236], [77.915, 30.222], [77.903, 30.213], [77.899, 30.195], [77.893, 30.183], [77.878, 30.169], [77.869, 30.159], [77.861, 30.144], [77.855, 30.134], [77.847, 30.123], [77.839, 30.112], [77.831, 30.107], [77.824, 30.101], [77.818, 30.092], [77.808, 30.09], [77.801, 30.096], [77.794, 30.101], [77.786, 30.099], [77.78, 30.089], [77.775, 30.076], [77.769, 30.068], [77.761, 30.055], [77.76, 30.045], [77.77, 30.037], [77.774, 30.03], [77.763, 30.022], [77.749, 30.014], [77.741, 29.994], [77.744, 29.972], [77.733, 29.955], [77.721, 29.939], [77.729, 29.929], [77.727, 29.909], [77.713, 29.892], [77.703, 29.878], [77.71, 29.859], [77.729, 29.838], [77.744, 29.816], [77.753, 29.797], [77.765, 29.776], [77.761, 29.753], [77.768, 29.731], [77.762, 29.712], [77.797, 29.698], [77.811, 29.672], [77.838, 29.676], [77.849, 29.684], [77.87, 29.694], [77.882, 29.7], [77.905, 29.703], [77.908, 29.705], [77.92, 29.714], [77.937, 29.714], [77.949, 29.708], [77.941, 29.7], [77.943, 29.692], [77.945, 29.687], [77.957, 29.679], [77.963, 29.67], [77.972, 29.675], [77.969, 29.667], [77.967, 29.66], [77.974, 29.644], [77.973, 29.632], [77.977, 29.614], [77.962, 29.61], [77.952, 29.616], [77.952, 29.604], [77.949, 29.593], [77.95, 29.588], [77.96, 29.586], [77.967, 29.586], [77.977, 29.583], [77.984, 29.588], [77.979, 29.568], [77.988, 29.546], [78.019, 29.554], [78.037, 29.565], [78.037, 29.581], [78.059, 29.602], [78.082, 29.602], [78.097, 29.631], [78.115, 29.645], [78.182, 29.692], [78.231, 29.704], [78.332, 29.796], [78.386, 29.774], [78.424, 29.762], [78.474, 29.748], [78.502, 29.712], [78.508, 29.673], [78.518, 29.639], [78.561, 29.594], [78.621, 29.553], [78.685, 29.514], [78.732, 29.506], [78.775, 29.481], [78.817, 29.469], [78.866, 29.46], [78.896, 29.456], [78.907, 29.452], [78.887, 29.409], [78.866, 29.393], [78.86, 29.389], [78.836, 29.381], [78.836, 29.372], [78.824, 29.368], [78.815, 29.385], [78.807, 29.373], [78.792, 29.348], [78.791, 29.335], [78.782, 29.346], [78.766, 29.341], [78.757, 29.35], [78.742, 29.333], [78.728, 29.331], [78.727, 29.317], [78.714, 29.317], [78.739, 29.306], [78.767, 29.286], [78.787, 29.265], [78.814, 29.252], [78.831, 29.261], [78.845, 29.258], [78.854, 29.259], [78.871, 29.241], [78.87, 29.229], [78.891, 29.216], [78.894, 29.205], [78.899, 29.191], [78.902, 29.174], [78.905, 29.163], [78.898, 29.155], [78.924, 29.157], [78.951, 29.16], [78.96, 29.165], [78.973, 29.161], [78.988, 29.135], [78.998, 29.123], [79.022, 29.119], [79.028, 29.133], [79.009, 29.136], [79.01, 29.153], [79.021, 29.151], [79.028, 29.161], [79.026, 29.172], [79.046, 29.155], [79.092, 29.137], [79.118, 29.134], [79.144, 29.107], [79.137, 29.069], [79.16, 29.043], [79.158, 29.023], [79.178, 29.02], [79.199, 29.025], [79.238, 29.007], [79.258, 28.987], [79.274, 28.973], [79.299, 28.953], [79.312, 28.958], [79.334, 28.955], [79.352, 28.952], [79.353, 28.961], [79.363, 28.967], [79.371, 28.955], [79.375, 28.939], [79.389, 28.938], [79.403, 28.929], [79.401, 28.902], [79.398, 28.881], [79.405, 28.867], [79.417, 28.856], [79.43, 28.86], [79.455, 28.86], [79.468, 28.865], [79.491, 28.863], [79.51, 28.865], [79.523, 28.876], [79.536, 28.893], [79.553, 28.882], [79.551, 28.866], [79.548, 28.85], [79.559, 28.847], [79.572, 28.849], [79.582, 28.856], [79.609, 28.867], [79.631, 28.859], [79.644, 28.853], [79.667, 28.85], [79.686, 28.867], [79.702, 28.87], [79.71, 28.879], [79.728, 28.885], [79.741, 28.885], [79.76, 28.89], [79.791, 28.874], [79.803, 28.872], [79.809, 28.859], [79.797, 28.85], [79.794, 28.839], [79.8, 28.825], [79.792, 28.815], [79.783, 28.805], [79.801, 28.805], [79.809, 28.811], [79.815, 28.815], [79.813, 28.83], [79.83, 28.847], [79.849, 28.845], [79.861, 28.834], [79.876, 28.818], [79.85, 28.822], [79.846, 28.805], [79.873, 28.796], [79.901, 28.802], [79.889, 28.786], [79.906, 28.772], [79.918, 28.752], [79.93, 28.727], [79.975, 28.717], [80.006, 28.73], [80.031, 28.761], [80.035, 28.769], [80.033, 28.794], [80.034, 28.805], [80.07, 28.83], [80.077, 28.824], [80.12, 28.829], [80.133, 28.819], [80.162, 28.792], [80.183, 28.776], [80.235, 28.759], [80.238, 28.757], [80.254, 28.756], [80.266, 28.738], [80.258, 28.729], [80.277, 28.711], [80.299, 28.71], [80.31, 28.705], [80.324, 28.689], [80.328, 28.668], [80.355, 28.65], [80.36, 28.64], [80.37, 28.635], [80.373, 28.629], [80.388, 28.63], [80.416, 28.639], [80.434, 28.637], [80.451, 28.629], [80.463, 28.621], [80.466, 28.615], [80.463, 28.615], [80.468, 28.601], [80.472, 28.584], [80.48, 28.585], [80.483, 28.585], [80.508, 28.568], [80.522, 28.554], [80.527, 28.573], [80.513, 28.624], [80.505, 28.665], [80.552, 28.692], [80.579, 28.685], [80.584, 28.661], [80.591, 28.648], [80.611, 28.646], [80.65, 28.636], [80.672, 28.628], [80.679, 28.604], [80.706, 28.579], [80.726, 28.575], [80.751, 28.571], [80.771, 28.55], [80.792, 28.543], [80.801, 28.521], [80.817, 28.521], [80.845, 28.5], [80.867, 28.489], [80.898, 28.506], [80.91, 28.498], [80.903, 28.486], [80.915, 28.46], [80.921, 28.464], [80.927, 28.459], [80.944, 28.468], [80.945, 28.455], [80.953, 28.447], [80.969, 28.457], [80.967, 28.445], [80.967, 28.438], [80.991, 28.442], [81.001, 28.454], [81.015, 28.439], [81.031, 28.438], [81.023, 28.41], [81.037, 28.413], [81.048, 28.41], [81.075, 28.39], [81.195, 28.364], [81.215, 28.358], [81.236, 28.325], [81.236, 28.288], [81.294, 28.223], [81.326, 28.175], [81.316, 28.168], [81.304, 28.167], [81.309, 28.161], [81.316, 28.157], [81.319, 28.143], [81.344, 28.14], [81.38, 28.155], [81.37, 28.161], [81.369, 28.166], [81.375, 28.175], [81.412, 28.175], [81.449, 28.16], [81.452, 28.142], [81.475, 28.125], [81.508, 28.07], [81.581, 28.029], [81.599, 28.02], [81.626, 28.001], [81.641, 27.997], [81.676, 27.991], [81.7, 27.988], [81.759, 27.942], [81.815, 27.904], [81.835, 27.897], [81.862, 27.878], [81.899, 27.855], [81.932, 27.883], [81.953, 27.91], [81.993, 27.929], [82.069, 27.922], [82.082, 27.909], [82.093, 27.895], [82.125, 27.865], [82.156, 27.866], [82.179, 27.855], [82.21, 27.843], [82.255, 27.81], [82.338, 27.755], [82.384, 27.72], [82.405, 27.702], [82.429, 27.688], [82.467, 27.677], [82.484, 27.683], [82.502, 27.685], [82.533, 27.686], [82.551, 27.689], [82.587, 27.698], [82.606, 27.705], [82.63, 27.709], [82.657, 27.713], [82.668, 27.715], [82.701, 27.722], [82.71, 27.722], [82.718, 27.692], [82.717, 27.681], [82.718, 27.672], [82.718, 27.668], [82.717, 27.666], [82.722, 27.662], [82.726, 27.659], [82.732, 27.653], [82.733, 27.648], [82.736, 27.646], [82.739, 27.637], [82.736, 27.628], [82.733, 27.624], [82.737, 27.615], [82.737, 27.609], [82.747, 27.595], [82.758, 27.588], [82.753, 27.577], [82.75, 27.572], [82.746, 27.561], [82.749, 27.555], [82.74, 27.55], [82.742, 27.545], [82.743, 27.543], [82.745, 27.541], [82.744, 27.537], [82.746, 27.536], [82.744, 27.532], [82.748, 27.532], [82.747, 27.529], [82.748, 27.526], [82.751, 27.524], [82.749, 27.519], [82.744, 27.521], [82.74, 27.509], [82.76, 27.501], [82.804, 27.496], [82.85, 27.499], [82.928, 27.501], [82.942, 27.491], [82.956, 27.468], [83.025, 27.452], [83.096, 27.454], [83.148, 27.456], [83.176, 27.456], [83.206, 27.435], [83.228, 27.412], [83.274, 27.383], [83.295, 27.336], [83.296, 27.335], [83.302, 27.334], [83.31, 27.333], [83.318, 27.333], [83.326, 27.337], [83.33, 27.334], [83.334, 27.332], [83.338, 27.333], [83.355, 27.34], [83.353, 27.342], [83.36, 27.35], [83.372, 27.358], [83.374, 27.365], [83.39, 27.376], [83.388, 27.385], [83.395, 27.395], [83.408, 27.405], [83.412, 27.413], [83.409, 27.415], [83.398, 27.422], [83.387, 27.436], [83.388, 27.439], [83.386, 27.442], [83.394, 27.447], [83.404, 27.457], [83.405, 27.466], [83.398, 27.467], [83.391, 27.471], [83.409, 27.479], [83.553, 27.472], [83.641, 27.459], [83.695, 27.434], [83.762, 27.402], [83.799, 27.385], [83.859, 27.351], [83.849, 27.336], [83.829, 27.323], [83.845, 27.32], [83.855, 27.311], [83.894, 27.329], [83.924, 27.316], [83.919, 27.293], [83.896, 27.277], [83.908, 27.248], [83.954, 27.235], [83.964, 27.225], [83.962, 27.214], [83.985, 27.182], [83.967, 27.161], [83.954, 27.132], [83.941, 27.12], [83.94, 27.102], [83.948, 27.086], [83.981, 27.094], [84.003, 27.1], [84.021, 27.095], [84.017, 27.084], [83.991, 27.069], [84.031, 27.046], [84.036, 27.029], [84.043, 27.003], [84.046, 26.987], [84.043, 26.98], [84.044, 26.961], [84.035, 26.949], [84.029, 26.941], [84.037, 26.933], [84.049, 26.915], [84.047, 26.906], [84.059, 26.891], [84.086, 26.885], [84.093, 26.878], [84.099, 26.895], [84.112, 26.892], [84.141, 26.888], [84.139, 26.874], [84.157, 26.836], [84.175, 26.846], [84.185, 26.86], [84.221, 26.872], [84.241, 26.862], [84.251, 26.831], [84.247, 26.815], [84.241, 26.775], [84.234, 26.74], [84.254, 26.734], [84.271, 26.745], [84.307, 26.74], [84.323, 26.688], [84.35, 26.681], [84.405, 26.643], [84.395, 26.626], [84.351, 26.62], [84.307, 26.617], [84.293, 26.606], [84.277, 26.601], [84.259, 26.607], [84.229, 26.613], [84.207, 26.621], [84.177, 26.625], [84.153, 26.634], [84.129, 26.639], [84.116, 26.637], [84.099, 26.636], [84.082, 26.643], [84.084, 26.631], [84.083, 26.615], [84.079, 26.594], [84.063, 26.58], [84.048, 26.558], [84.031, 26.536], [83.999, 26.525], [83.974, 26.532], [83.965, 26.512], [83.943, 26.513], [83.935, 26.524], [83.901, 26.514], [83.905, 26.494], [83.902, 26.45], [83.946, 26.438], [83.99, 26.448], [84.011, 26.448], [84.021, 26.429], [84.036, 26.408], [84.045, 26.405], [84.062, 26.394], [84.077, 26.384], [84.088, 26.39], [84.115, 26.388], [84.154, 26.376], [84.167, 26.36], [84.179, 26.312], [84.17, 26.277], [84.168, 26.264], [84.156, 26.253], [84.145, 26.262], [84.113, 26.262], [84.11, 26.242], [84.091, 26.234], [84.08, 26.224], [84.058, 26.227], [84.034, 26.232], [84.02, 26.242], [84.01, 26.239], [84.009, 26.224], [84.021, 26.214], [84.024, 26.201], [84.002, 26.19], [84.02, 26.164], [84.027, 26.153], [84.042, 26.132], [84.042, 26.112], [84.069, 26.099], [84.116, 26.075], [84.167, 26.025], [84.172, 25.999], [84.202, 26.001], [84.24, 25.983], [84.275, 25.961], [84.303, 25.946], [84.349, 25.96], [84.408, 25.931], [84.424, 25.898], [84.444, 25.89], [84.479, 25.888], [84.532, 25.873], [84.52, 25.861], [84.544, 25.83], [84.587, 25.82], [84.62, 25.794], [84.615, 25.772], [84.603, 25.758], [84.63, 25.733], [84.596, 25.739], [84.556, 25.689], [84.53, 25.725], [84.506, 25.682], [84.467, 25.686], [84.459, 25.698], [84.449, 25.714], [84.424, 25.695], [84.4, 25.717], [84.381, 25.734], [84.373, 25.742], [84.37, 25.736], [84.331, 25.745], [84.324, 25.704], [84.312, 25.672], [84.288, 25.676], [84.29, 25.663], [84.248, 25.663], [84.2, 25.672], [84.168, 25.722], [84.148, 25.726], [84.127, 25.719], [84.135, 25.732], [84.083, 25.713], [84.08, 25.653], [84.014, 25.616], [83.944, 25.567], [83.917, 25.558], [83.893, 25.525], [83.873, 25.52], [83.864, 25.491], [83.848, 25.471], [83.823, 25.462], [83.807, 25.459], [83.814, 25.454], [83.833, 25.45], [83.838, 25.437], [83.818, 25.437], [83.793, 25.43], [83.799, 25.411], [83.765, 25.4], [83.75, 25.392], [83.758, 25.401], [83.742, 25.401], [83.733, 25.411], [83.718, 25.4], [83.701, 25.386], [83.693, 25.394], [83.677, 25.377], [83.679, 25.367], [83.66, 25.371], [83.656, 25.364], [83.65, 25.359], [83.644, 25.345], [83.63, 25.343], [83.625, 25.335], [83.611, 25.333], [83.584, 25.325], [83.572, 25.318], [83.564, 25.316], [83.547, 25.316], [83.544, 25.313], [83.531, 25.305], [83.52, 25.303], [83.518, 25.293], [83.498, 25.283], [83.491, 25.287], [83.48, 25.282], [83.47, 25.263], [83.454, 25.251], [83.431, 25.25], [83.419, 25.253], [83.409, 25.249], [83.402, 25.23], [83.391, 25.216], [83.385, 25.206], [83.375, 25.203], [83.356, 25.199], [83.341, 25.186], [83.342, 25.179], [83.343, 25.159], [83.354, 25.14], [83.354, 25.11], [83.34, 25.099], [83.332, 25.082], [83.334, 25.058], [83.327, 25.053], [83.321, 25.052], [83.316, 25.027], [83.339, 25.012], [83.346, 24.996], [83.338, 24.964], [83.357, 24.955], [83.357, 24.919], [83.352, 24.908], [83.36, 24.89], [83.356, 24.884], [83.363, 24.877], [83.368, 24.863], [83.383, 24.84], [83.39, 24.827], [83.396, 24.811], [83.388, 24.792], [83.403, 24.777], [83.434, 24.757], [83.462, 24.735], [83.48, 24.738], [83.48, 24.716], [83.486, 24.703], [83.496, 24.696], [83.514, 24.681], [83.497, 24.659], [83.507, 24.649], [83.524, 24.642], [83.542, 24.625], [83.517, 24.603], [83.525, 24.585], [83.518, 24.555], [83.493, 24.536], [83.481, 24.524], [83.426, 24.513], [83.392, 24.497], [83.393, 24.48], [83.384, 24.461], [83.401, 24.437], [83.417, 24.409], [83.433, 24.394], [83.44, 24.38], [83.451, 24.367], [83.434, 24.347], [83.411, 24.34], [83.385, 24.32], [83.38, 24.305], [83.391, 24.297], [83.402, 24.266], [83.381, 24.24], [83.378, 24.217], [83.378, 24.201], [83.357, 24.157], [83.349, 24.126], [83.324, 24.101], [83.313, 24.097], [83.284, 24.065], [83.28, 24.035], [83.271, 24.02], [83.253, 24.012], [83.235, 24.007], [83.223, 23.992], [83.211, 23.977], [83.206, 23.954], [83.193, 23.927], [83.173, 23.918], [83.156, 23.911], [83.134, 23.895], [83.043, 23.879], [82.992, 23.879], [82.939, 23.876], [82.923, 23.893], [82.881, 23.91], [82.855, 23.939], [82.808, 23.963], [82.801, 23.985], [82.79, 24.007], [82.746, 24.013], [82.756, 24.044], [82.755, 24.073], [82.738, 24.079], [82.701, 24.097], [82.665, 24.151], [82.72, 24.139], [82.735, 24.183], [82.737, 24.23], [82.749, 24.257], [82.764, 24.292], [82.763, 24.33], [82.759, 24.363], [82.754, 24.38], [82.713, 24.375], [82.719, 24.422], [82.727, 24.434], [82.724, 24.476], [82.714, 24.536], [82.734, 24.552], [82.781, 24.546], [82.785, 24.6], [82.768, 24.611], [82.743, 24.644], [82.702, 24.642], [82.696, 24.669], [82.666, 24.7], [82.63, 24.687], [82.544, 24.655], [82.509, 24.679], [82.464, 24.68], [82.445, 24.696], [82.402, 24.684], [82.409, 24.65], [82.408, 24.623], [82.401, 24.599], [82.354, 24.604], [82.33, 24.624], [82.309, 24.613], [82.298, 24.628], [82.298, 24.657], [82.285, 24.67], [82.263, 24.686], [82.25, 24.668], [82.235, 24.666], [82.234, 24.697], [82.241, 24.727], [82.247, 24.76], [82.238, 24.754], [82.221, 24.767], [82.209, 24.76], [82.216, 24.736], [82.195, 24.74], [82.196, 24.764], [82.194, 24.783], [82.205, 24.791], [82.189, 24.798], [82.191, 24.818], [82.174, 24.814], [82.163, 24.796], [82.129, 24.8], [82.108, 24.801], [82.09, 24.816], [82.056, 24.828], [82.005, 24.851], [81.968, 24.844], [81.957, 24.832], [81.937, 24.85], [81.928, 24.873], [81.91, 24.88], [81.899, 24.899], [81.912, 24.931], [81.898, 24.975], [81.895, 24.987], [81.9, 25.007], [81.888, 25.011], [81.893, 25.0], [81.883, 24.994], [81.867, 25.0], [81.846, 25.007], [81.792, 25.01], [81.771, 25.023], [81.742, 25.037], [81.735, 25.045], [81.713, 25.04], [81.682, 25.044], [81.676, 25.066], [81.66, 25.071], [81.653, 25.075], [81.636, 25.062], [81.617, 25.057], [81.603, 25.064], [81.608, 25.067], [81.594, 25.08], [81.615, 25.094], [81.629, 25.1], [81.625, 25.118], [81.615, 25.12], [81.604, 25.1], [81.602, 25.118], [81.592, 25.136], [81.61, 25.147], [81.619, 25.149], [81.614, 25.165], [81.607, 25.171], [81.601, 25.167], [81.582, 25.17], [81.572, 25.193], [81.549, 25.189], [81.533, 25.185], [81.51, 25.187], [81.511, 25.174], [81.52, 25.154], [81.518, 25.143], [81.501, 25.153], [81.491, 25.135], [81.477, 25.138], [81.472, 25.133], [81.486, 25.116], [81.507, 25.105], [81.497, 25.096], [81.485, 25.078], [81.473, 25.081], [81.459, 25.093], [81.413, 25.104], [81.403, 25.112], [81.435, 25.111], [81.434, 25.122], [81.42, 25.136], [81.4, 25.134], [81.404, 25.122], [81.389, 25.124], [81.384, 25.135], [81.365, 25.138], [81.363, 25.146], [81.351, 25.164], [81.331, 25.17], [81.311, 25.153], [81.316, 25.135], [81.323, 25.118], [81.315, 25.116], [81.308, 25.126], [81.308, 25.139], [81.306, 25.166], [81.285, 25.165], [81.269, 25.168], [81.271, 25.148], [81.26, 25.141], [81.258, 25.117], [81.246, 25.103], [81.259, 25.087], [81.262, 25.068], [81.252, 25.053], [81.236, 25.029], [81.217, 25.004], [81.21, 25.002], [81.206, 25.004], [81.204, 24.998], [81.213, 24.982], [81.204, 24.963], [81.206, 24.939], [81.211, 24.933], [81.196, 24.929], [81.199, 24.935], [81.172, 24.954], [81.16, 24.955], [81.155, 24.932], [81.152, 24.92], [81.14, 24.916], [81.132, 24.892], [81.113, 24.906], [81.099, 24.918], [81.085, 24.934], [81.081, 24.95], [81.047, 24.955], [81.02, 24.952], [81.017, 24.946], [81.015, 24.94], [81.017, 24.932], [81.0, 24.94], [80.981, 24.93], [80.966, 24.939], [80.953, 24.939], [80.944, 24.951], [80.942, 24.971], [80.922, 24.967], [80.894, 24.954], [80.9, 24.94], [80.885, 24.949], [80.857, 24.936], [80.821, 24.937], [80.792, 24.964], [80.799, 24.975], [80.821, 24.983], [80.848, 24.998], [80.829, 25.03], [80.847, 25.053], [80.865, 25.084], [80.873, 25.103], [80.866, 25.126], [80.885, 25.14], [80.905, 25.16], [80.886, 25.177], [80.863, 25.189], [80.836, 25.193], [80.842, 25.171], [80.832, 25.141], [80.828, 25.11], [80.822, 25.123], [80.808, 25.133], [80.798, 25.146], [80.784, 25.138], [80.766, 25.141], [80.738, 25.135], [80.729, 25.143], [80.715, 25.147], [80.7, 25.137], [80.717, 25.129], [80.719, 25.104], [80.733, 25.101], [80.751, 25.094], [80.78, 25.078], [80.766, 25.061], [80.734, 25.062], [80.711, 25.067], [80.698, 25.062], [80.675, 25.06], [80.674, 25.068], [80.668, 25.087], [80.664, 25.078], [80.646, 25.091], [80.635, 25.098], [80.625, 25.096], [80.62, 25.09], [80.601, 25.104], [80.615, 25.114], [80.622, 25.122], [80.625, 25.138], [80.605, 25.136], [80.6, 25.155], [80.591, 25.132], [80.596, 25.122], [80.593, 25.094], [80.607, 25.073], [80.596, 25.078], [80.58, 25.087], [80.566, 25.087], [80.56, 25.075], [80.549, 25.069], [80.532, 25.076], [80.515, 25.088], [80.502, 25.104], [80.48, 25.102], [80.478, 25.096], [80.5, 25.09], [80.5, 25.071], [80.497, 25.056], [80.483, 25.047], [80.47, 25.045], [80.453, 25.069], [80.442, 25.073], [80.444, 25.081], [80.433, 25.078], [80.423, 25.071], [80.403, 25.061], [80.389, 25.068], [80.379, 25.056], [80.364, 25.048], [80.38, 25.042], [80.373, 25.035], [80.381, 25.028], [80.382, 25.01], [80.368, 25.025], [80.348, 25.016], [80.327, 25.004], [80.324, 25.003], [80.322, 25.003], [80.32, 25.003], [80.318, 25.003], [80.316, 25.003], [80.313, 25.004], [80.278, 25.022], [80.271, 25.034], [80.278, 25.044], [80.282, 25.063], [80.311, 25.082], [80.323, 25.107], [80.349, 25.141], [80.373, 25.155], [80.415, 25.165], [80.418, 25.192], [80.402, 25.221], [80.381, 25.238], [80.354, 25.256], [80.341, 25.279], [80.304, 25.289], [80.311, 25.311], [80.303, 25.358], [80.311, 25.381], [80.295, 25.408], [80.261, 25.426], [80.247, 25.411], [80.227, 25.411], [80.198, 25.411], [80.191, 25.413], [80.188, 25.384], [80.159, 25.378], [80.145, 25.36], [80.123, 25.338], [80.093, 25.354], [80.07, 25.343], [80.037, 25.341], [80.013, 25.33], [79.999, 25.294], [79.992, 25.281], [79.997, 25.269], [79.967, 25.268], [79.941, 25.27], [79.933, 25.25], [79.912, 25.234], [79.905, 25.255], [79.897, 25.25], [79.875, 25.253], [79.858, 25.242], [79.845, 25.237], [79.863, 25.219], [79.855, 25.199], [79.863, 25.177], [79.872, 25.15], [79.852, 25.14], [79.843, 25.116], [79.849, 25.097], [79.824, 25.104], [79.805, 25.111], [79.763, 25.13], [79.746, 25.144], [79.718, 25.134], [79.674, 25.136], [79.657, 25.13], [79.638, 25.131], [79.605, 25.132], [79.595, 25.136], [79.603, 25.154], [79.592, 25.146], [79.586, 25.153], [79.566, 25.178], [79.538, 25.153], [79.527, 25.143], [79.518, 25.131], [79.518, 25.104], [79.505, 25.101], [79.491, 25.085], [79.472, 25.087], [79.47, 25.134], [79.445, 25.113], [79.43, 25.109], [79.433, 25.12], [79.431, 25.135], [79.415, 25.137], [79.415, 25.123], [79.393, 25.116], [79.387, 25.136], [79.38, 25.154], [79.404, 25.194], [79.417, 25.204], [79.428, 25.204], [79.442, 25.221], [79.434, 25.242], [79.445, 25.248], [79.459, 25.269], [79.479, 25.265], [79.49, 25.27], [79.475, 25.275], [79.473, 25.282], [79.452, 25.274], [79.401, 25.262], [79.386, 25.284], [79.373, 25.293], [79.367, 25.276], [79.358, 25.264], [79.35, 25.288], [79.331, 25.293], [79.338, 25.311], [79.345, 25.334], [79.309, 25.339], [79.294, 25.332], [79.277, 25.327], [79.256, 25.292], [79.259, 25.274], [79.269, 25.266], [79.286, 25.281], [79.31, 25.262], [79.332, 25.276], [79.345, 25.264], [79.341, 25.239], [79.331, 25.232], [79.343, 25.21], [79.325, 25.214], [79.315, 25.22], [79.3, 25.227], [79.279, 25.248], [79.278, 25.238], [79.278, 25.211], [79.289, 25.186], [79.311, 25.161], [79.303, 25.133], [79.277, 25.12], [79.26, 25.122], [79.262, 25.142], [79.256, 25.157], [79.225, 25.158], [79.224, 25.143], [79.24, 25.143], [79.238, 25.127], [79.235, 25.117], [79.218, 25.118], [79.207, 25.124], [79.197, 25.143], [79.188, 25.151], [79.168, 25.145], [79.18, 25.129], [79.169, 25.112], [79.133, 25.111], [79.115, 25.118], [79.119, 25.158], [79.103, 25.171], [79.087, 25.188], [79.063, 25.163], [79.043, 25.138], [79.022, 25.143], [79.031, 25.179], [79.043, 25.21], [79.056, 25.226], [79.028, 25.241], [79.012, 25.248], [79.014, 25.271], [78.987, 25.275], [78.972, 25.243], [78.995, 25.232], [78.997, 25.208], [78.988, 25.197], [78.964, 25.219], [78.924, 25.211], [78.902, 25.183], [78.874, 25.163], [78.87, 25.183], [78.876, 25.2], [78.873, 25.226], [78.876, 25.256], [78.896, 25.25], [78.923, 25.271], [78.941, 25.263], [78.944, 25.275], [78.965, 25.284], [78.952, 25.317], [78.946, 25.347], [78.928, 25.332], [78.919, 25.346], [78.903, 25.34], [78.877, 25.344], [78.862, 25.325], [78.867, 25.311], [78.871, 25.285], [78.85, 25.253], [78.835, 25.233], [78.806, 25.279], [78.807, 25.303], [78.787, 25.295], [78.792, 25.315], [78.817, 25.317], [78.836, 25.333], [78.845, 25.339], [78.845, 25.361], [78.891, 25.389], [78.915, 25.4], [78.949, 25.4], [78.931, 25.377], [78.892, 25.375], [78.917, 25.36], [78.955, 25.373], [78.976, 25.389], [78.97, 25.42], [78.947, 25.443], [78.929, 25.428], [78.913, 25.452], [78.936, 25.48], [78.926, 25.508], [78.917, 25.525], [78.942, 25.531], [78.931, 25.56], [78.919, 25.543], [78.906, 25.561], [78.881, 25.56], [78.878, 25.533], [78.847, 25.519], [78.828, 25.51], [78.849, 25.488], [78.854, 25.452], [78.831, 25.432], [78.816, 25.449], [78.842, 25.45], [78.836, 25.46], [78.815, 25.472], [78.777, 25.483], [78.757, 25.476], [78.739, 25.5], [78.725, 25.463], [78.748, 25.448], [78.765, 25.43], [78.789, 25.442], [78.813, 25.43], [78.79, 25.426], [78.749, 25.418], [78.74, 25.403], [78.751, 25.405], [78.76, 25.398], [78.753, 25.392], [78.762, 25.374], [78.756, 25.358], [78.721, 25.354], [78.704, 25.359], [78.709, 25.379], [78.693, 25.388], [78.684, 25.38], [78.669, 25.393], [78.656, 25.392], [78.654, 25.417], [78.669, 25.404], [78.7, 25.432], [78.682, 25.447], [78.67, 25.439], [78.645, 25.438], [78.637, 25.42], [78.624, 25.406], [78.603, 25.417], [78.588, 25.392], [78.569, 25.396], [78.56, 25.382], [78.578, 25.377], [78.562, 25.348], [78.528, 25.366], [78.53, 25.352], [78.534, 25.331], [78.539, 25.32], [78.519, 25.306], [78.496, 25.31], [78.483, 25.314], [78.467, 25.293], [78.441, 25.304], [78.429, 25.281], [78.489, 25.292], [78.505, 25.282], [78.528, 25.275], [78.557, 25.269], [78.566, 25.249], [78.565, 25.221], [78.598, 25.127], [78.606, 25.094], [78.629, 25.082], [78.642, 25.061], [78.636, 25.011], [78.622, 24.965], [78.64, 24.945], [78.657, 24.925], [78.675, 24.899], [78.701, 24.886], [78.723, 24.881], [78.747, 24.871], [78.764, 24.861], [78.773, 24.83], [78.778, 24.805], [78.769, 24.755], [78.77, 24.719], [78.768, 24.697], [78.758, 24.677], [78.74, 24.66], [78.748, 24.637], [78.752, 24.602], [78.798, 24.605], [78.814, 24.606], [78.833, 24.621], [78.849, 24.622], [78.863, 24.641], [78.891, 24.622], [78.906, 24.602], [78.943, 24.558], [78.94, 24.534], [78.943, 24.517], [78.963, 24.502], [78.955, 24.489], [78.925, 24.486], [78.924, 24.499], [78.908, 24.493], [78.909, 24.467], [78.941, 24.446], [78.962, 24.444], [78.987, 24.434], [78.976, 24.403], [78.967, 24.37], [78.965, 24.35], [78.945, 24.331], [78.908, 24.301], [78.913, 24.286], [78.879, 24.254], [78.879, 24.223], [78.847, 24.217], [78.824, 24.201], [78.814, 24.21], [78.806, 24.184], [78.785, 24.185], [78.775, 24.212], [78.76, 24.237], [78.757, 24.26], [78.746, 24.239], [78.736, 24.245], [78.721, 24.241], [78.699, 24.234], [78.673, 24.244], [78.658, 24.268], [78.634, 24.289], [78.619, 24.289], [78.623, 24.31], [78.602, 24.318], [78.585, 24.343], [78.575, 24.359], [78.553, 24.361], [78.519, 24.387], [78.498, 24.393], [78.473, 24.362], [78.459, 24.336], [78.434, 24.313], [78.423, 24.289], [78.407, 24.277], [78.382, 24.274], [78.37, 24.289], [78.351, 24.299], [78.341, 24.312], [78.329, 24.326], [78.331, 24.343], [78.363, 24.378], [78.35, 24.39], [78.318, 24.41], [78.29, 24.433], [78.26, 24.46], [78.263, 24.483], [78.238, 24.494], [78.238, 24.512], [78.218, 24.536], [78.255, 24.552], [78.268, 24.597], [78.263, 24.628], [78.268, 24.664], [78.255, 24.692], [78.226, 24.736], [78.224, 24.764], [78.218, 24.792], [78.192, 24.84], [78.165, 24.848], [78.165, 24.878], [78.189, 24.893], [78.214, 24.916], [78.256, 24.942], [78.29, 24.968], [78.328, 25.0], [78.338, 25.027], [78.325, 25.084], [78.333, 25.093], [78.374, 25.109], [78.402, 25.131], [78.431, 25.124], [78.419, 25.151], [78.442, 25.157], [78.444, 25.173], [78.428, 25.17], [78.404, 25.189], [78.384, 25.199], [78.386, 25.209], [78.392, 25.222], [78.369, 25.242], [78.355, 25.25], [78.345, 25.283], [78.316, 25.305], [78.315, 25.321], [78.331, 25.337], [78.316, 25.36], [78.296, 25.375], [78.311, 25.385], [78.332, 25.405], [78.344, 25.446], [78.361, 25.447], [78.381, 25.45], [78.393, 25.47], [78.407, 25.479], [78.419, 25.491], [78.41, 25.519], [78.417, 25.518], [78.41, 25.538], [78.434, 25.565], [78.445, 25.555], [78.46, 25.565], [78.486, 25.582], [78.532, 25.57], [78.56, 25.568], [78.581, 25.564], [78.595, 25.575], [78.606, 25.589], [78.62, 25.574], [78.649, 25.566], [78.688, 25.595], [78.711, 25.607], [78.749, 25.608], [78.795, 25.618], [78.81, 25.638], [78.809, 25.678], [78.793, 25.707], [78.752, 25.727], [78.747, 25.749], [78.766, 25.759], [78.794, 25.794], [78.805, 25.8], [78.824, 25.808], [78.816, 25.818], [78.8, 25.813], [78.816, 25.831], [78.841, 25.812], [78.856, 25.794], [78.866, 25.83], [78.844, 25.845], [78.861, 25.873], [78.873, 25.873], [78.884, 25.876], [78.883, 25.906], [78.876, 25.916], [78.904, 25.941], [78.921, 25.951], [78.93, 25.949], [78.925, 25.965], [78.924, 25.981], [78.936, 25.985], [78.943, 25.998], [78.944, 26.009], [78.946, 26.031], [78.961, 26.051], [78.982, 26.074], [78.999, 26.077], [79.004, 26.09], [78.99, 26.096], [78.969, 26.123], [78.944, 26.138], [78.96, 26.154], [78.99, 26.151], [79.001, 26.16], [78.992, 26.177], [78.984, 26.201], [79.002, 26.197], [79.013, 26.201], [79.021, 26.21], [79.018, 26.223], [79.025, 26.234], [79.041, 26.229], [79.057, 26.233], [79.063, 26.247], [79.049, 26.254], [79.038, 26.263], [79.047, 26.271], [79.067, 26.288], [79.078, 26.287], [79.076, 26.275], [79.086, 26.284], [79.092, 26.304], [79.102, 26.314], [79.127, 26.316], [79.116, 26.331], [79.127, 26.332], [79.133, 26.343], [79.12, 26.351], [79.103, 26.36], [79.095, 26.36], [79.077, 26.363], [79.09, 26.379], [79.081, 26.405], [79.097, 26.413], [79.117, 26.424], [79.124, 26.446], [79.1, 26.456], [79.091, 26.452], [79.083, 26.45], [79.073, 26.448], [79.064, 26.449], [79.057, 26.456], [79.047, 26.461], [79.061, 26.491], [79.051, 26.501], [79.039, 26.516], [79.033, 26.523], [79.02, 26.541], [79.013, 26.549], [78.998, 26.551], [79.007, 26.558], [78.998, 26.572], [78.98, 26.574], [78.982, 26.594], [79.005, 26.614], [78.995, 26.636], [78.989, 26.651], [79.001, 26.674], [78.991, 26.684], [78.97, 26.681], [78.938, 26.663], [78.95, 26.692], [78.913, 26.71], [78.877, 26.704], [78.851, 26.716], [78.799, 26.769], [78.762, 26.767], [78.741, 26.793], [78.723, 26.779], [78.721, 26.798], [78.677, 26.792], [78.65, 26.77], [78.612, 26.767], [78.575, 26.756], [78.535, 26.772], [78.492, 26.788], [78.451, 26.798], [78.426, 26.832], [78.386, 26.828], [78.367, 26.863], [78.341, 26.874], [78.295, 26.868], [78.268, 26.85], [78.261, 26.821], [78.223, 26.837], [78.214, 26.849], [78.197, 26.872], [78.201, 26.879], [78.232, 26.895], [78.26, 26.916], [78.258, 26.934], [78.233, 26.934], [78.223, 26.945], [78.208, 26.94], [78.174, 26.949], [78.139, 26.957], [78.111, 26.953], [78.113, 26.942], [78.106, 26.93], [78.097, 26.923], [78.099, 26.904], [78.09, 26.906], [78.068, 26.91], [78.052, 26.915], [78.044, 26.885], [78.046, 26.875], [78.031, 26.865], [78.016, 26.864], [78.018, 26.882], [78.016, 26.905], [77.992, 26.911], [77.971, 26.9], [77.963, 26.913], [77.932, 26.91], [77.908, 26.917], [77.897, 26.92], [77.901, 26.895], [77.882, 26.896], [77.841, 26.916], [77.815, 26.923], [77.796, 26.923], [77.773, 26.936], [77.744, 26.923], [77.719, 26.916], [77.721, 26.893], [77.698, 26.88], [77.686, 26.878], [77.672, 26.874], [77.625, 26.847], [77.609, 26.835], [77.596, 26.842], [77.569, 26.827], [77.536, 26.825], [77.512, 26.828], [77.507, 26.847], [77.489, 26.809], [77.484, 26.782], [77.486, 26.761], [77.462, 26.766], [77.445, 26.778], [77.427, 26.776], [77.439, 26.819], [77.423, 26.837], [77.423, 26.858], [77.437, 26.868], [77.456, 26.88], [77.482, 26.904], [77.557, 26.926], [77.592, 26.944], [77.642, 26.967], [77.66, 26.968], [77.692, 26.979], [77.723, 26.988], [77.743, 26.998], [77.743, 27.006], [77.748, 27.018], [77.741, 27.026], [77.726, 27.032], [77.723, 27.004], [77.709, 27.001], [77.696, 27.016], [77.684, 27.045], [77.663, 27.03], [77.643, 27.027], [77.624, 27.017], [77.603, 27.029], [77.589, 27.037], [77.561, 27.036], [77.565, 27.054], [77.568, 27.072], [77.546, 27.081], [77.527, 27.067], [77.518, 27.08], [77.515, 27.092], [77.499, 27.096], [77.521, 27.106], [77.544, 27.116], [77.583, 27.121], [77.597, 27.129], [77.592, 27.145], [77.606, 27.159], [77.623, 27.175], [77.636, 27.17], [77.665, 27.186], [77.657, 27.213], [77.64, 27.217], [77.638, 27.241], [77.634, 27.254], [77.613, 27.26], [77.614, 27.279], [77.598, 27.296], [77.6, 27.305], [77.616, 27.325], [77.61, 27.344], [77.587, 27.335], [77.573, 27.33], [77.543, 27.342], [77.531, 27.353], [77.508, 27.373], [77.487, 27.386], [77.443, 27.393], [77.43, 27.405], [77.417, 27.438], [77.427, 27.451], [77.415, 27.466], [77.394, 27.482], [77.39, 27.505], [77.361, 27.519], [77.335, 27.53], [77.338, 27.55], [77.33, 27.571], [77.343, 27.586], [77.328, 27.596], [77.332, 27.638], [77.337, 27.67], [77.337, 27.696], [77.324, 27.713], [77.302, 27.713], [77.312, 27.739], [77.305, 27.749], [77.303, 27.765], [77.304, 27.788], [77.291, 27.802], [77.279, 27.812], [77.289, 27.829], [77.313, 27.83], [77.324, 27.841], [77.339, 27.86], [77.37, 27.863], [77.404, 27.858], [77.406, 27.87], [77.404, 27.887], [77.414, 27.897], [77.446, 27.878], [77.475, 27.912], [77.468, 27.932], [77.488, 27.941], [77.498, 27.931], [77.519, 27.932], [77.536, 27.966], [77.51, 27.973], [77.535, 27.993], [77.507, 28.022], [77.49, 28.039], [77.483, 28.061], [77.469, 28.086], [77.483, 28.108], [77.494, 28.102], [77.5, 28.127], [77.49, 28.144], [77.512, 28.165], [77.53, 28.193], [77.492, 28.185], [77.511, 28.206], [77.522, 28.217], [77.541, 28.248], [77.512, 28.255], [77.467, 28.27], [77.493, 28.281], [77.482, 28.324], [77.466, 28.341], [77.486, 28.38], [77.475, 28.414], [77.444, 28.429], [77.418, 28.456], [77.4, 28.467], [77.369, 28.481], [77.343, 28.504], [77.331, 28.524], [77.303, 28.55], [77.295, 28.582], [77.328, 28.605], [77.337, 28.622], [77.314, 28.643], [77.315, 28.663], [77.327, 28.685], [77.322, 28.712], [77.301, 28.717], [77.284, 28.719], [77.271, 28.738], [77.252, 28.746], [77.238, 28.759], [77.222, 28.784], [77.208, 28.787], [77.195, 28.815], [77.211, 28.855], [77.193, 28.865], [77.178, 28.886], [77.217, 28.9], [77.202, 28.916], [77.191, 28.947], [77.208, 28.991], [77.204, 29.017], [77.162, 29.052], [77.142, 29.087], [77.124, 29.113], [77.127, 29.163], [77.136, 29.207], [77.127, 29.228], [77.135, 29.266], [77.142, 29.302], [77.15, 29.332], [77.128, 29.344], [77.119, 29.362], [77.131, 29.381], [77.14, 29.395], [77.125, 29.422], [77.138, 29.447], [77.114, 29.462], [77.123, 29.486], [77.098, 29.512], [77.089, 29.545], [77.107, 29.566], [77.087, 29.596], [77.095, 29.618], [77.105, 29.636], [77.129, 29.659], [77.119, 29.686], [77.14, 29.7], [77.123, 29.736], [77.114, 29.754], [77.118, 29.776], [77.142, 29.788], [77.152, 29.808], [77.169, 29.83], [77.18, 29.869], [77.185, 29.895], [77.187, 29.917], [77.211, 29.941], [77.232, 29.966], [77.255, 29.993], [77.262, 30.007], [77.27, 30.027], [77.27, 30.048], [77.292, 30.058], [77.325, 30.062], [77.357, 30.084], [77.392, 30.094], [77.414, 30.111], [77.398, 30.119], [77.416, 30.133], [77.411, 30.15], [77.435, 30.17], [77.456, 30.181], [77.48, 30.202], [77.496, 30.234], [77.525, 30.278], [77.545, 30.294], [77.574, 30.319], [77.575, 30.347], [77.584, 30.381], [77.568, 30.399], [77.57, 30.408], [77.578, 30.412], [77.585, 30.409]]]}}, {"type": "Feature", "properties": {"state_name": "West Bengal"}, "geometry": {"type": "MultiPolygon", "coordinates": [[[[88.019, 21.573], [88.021, 21.572], [88.021, 21.571], [88.022, 21.569], [88.022, 21.568], [88.02, 21.568], [88.019, 21.569], [88.018, 21.57], [88.017, 21.573], [88.017, 21.574], [88.016, 21.576], [88.016, 21.577], [88.015, 21.579], [88.016, 21.581], [88.016, 21.581], [88.017, 21.577], [88.018, 21.576], [88.018, 21.574], [88.019, 21.573]]], [[[88.498, 21.6], [88.5, 21.598], [88.503, 21.594], [88.505, 21.593], [88.507, 21.593], [88.508, 21.592], [88.51, 21.591], [88.512, 21.59], [88.514, 21.589], [88.515, 21.588], [88.517, 21.587], [88.518, 21.587], [88.519, 21.587], [88.52, 21.586], [88.522, 21.586], [88.526, 21.585], [88.527, 21.584], [88.529, 21.584], [88.532, 21.58], [88.534, 21.577], [88.534, 21.574], [88.532, 21.573], [88.531, 21.572], [88.531, 21.57], [88.53, 21.568], [88.531, 21.566], [88.531, 21.564], [88.532, 21.564], [88.534, 21.567], [88.534, 21.566], [88.534, 21.564], [88.533, 21.563], [88.533, 21.561], [88.53, 21.558], [88.529, 21.555], [88.53, 21.553], [88.53, 21.552], [88.53, 21.55], [88.532, 21.546], [88.532, 21.544], [88.531, 21.542], [88.526, 21.541], [88.523, 21.542], [88.52, 21.541], [88.518, 21.54], [88.516, 21.54], [88.515, 21.54], [88.514, 21.54], [88.51, 21.54], [88.509, 21.541], [88.505, 21.542], [88.506, 21.544], [88.506, 21.545], [88.506, 21.549], [88.507, 21.551], [88.51, 21.555], [88.511, 21.558], [88.511, 21.559], [88.511, 21.56], [88.508, 21.561], [88.505, 21.562], [88.504, 21.563], [88.503, 21.565], [88.503, 21.564], [88.503, 21.563], [88.504, 21.561], [88.505, 21.561], [88.507, 21.56], [88.508, 21.56], [88.509, 21.559], [88.51, 21.557], [88.509, 21.555], [88.507, 21.553], [88.506, 21.551], [88.505, 21.551], [88.505, 21.546], [88.504, 21.544], [88.503, 21.544], [88.5, 21.544], [88.498, 21.545], [88.496, 21.546], [88.496, 21.548], [88.493, 21.551], [88.491, 21.55], [88.489, 21.551], [88.488, 21.551], [88.486, 21.553], [88.485, 21.554], [88.482, 21.554], [88.481, 21.555], [88.481, 21.558], [88.481, 21.56], [88.481, 21.561], [88.481, 21.563], [88.481, 21.566], [88.481, 21.567], [88.482, 21.57], [88.483, 21.572], [88.483, 21.574], [88.484, 21.576], [88.484, 21.577], [88.484, 21.579], [88.484, 21.581], [88.485, 21.583], [88.486, 21.585], [88.486, 21.587], [88.487, 21.589], [88.488, 21.592], [88.491, 21.595], [88.492, 21.596], [88.494, 21.598], [88.494, 21.599], [88.496, 21.6], [88.497, 21.6], [88.498, 21.6]]], [[[88.178, 21.601], [88.178, 21.6], [88.178, 21.597], [88.177, 21.596], [88.178, 21.594], [88.178, 21.592], [88.179, 21.589], [88.182, 21.586], [88.185, 21.584], [88.187, 21.584], [88.189, 21.582], [88.188, 21.581], [88.188, 21.58], [88.187, 21.578], [88.186, 21.575], [88.186, 21.571], [88.187, 21.567], [88.187, 21.564], [88.188, 21.564], [88.189, 21.564], [88.188, 21.563], [88.187, 21.56], [88.183, 21.56], [88.182, 21.561], [88.178, 21.563], [88.177, 21.564], [88.175, 21.566], [88.174, 21.568], [88.174, 21.569], [88.174, 21.57], [88.173, 21.573], [88.172, 21.575], [88.171, 21.579], [88.171, 21.583], [88.171, 21.586], [88.169, 21.589], [88.169, 21.591], [88.168, 21.592], [88.168, 21.594], [88.168, 21.597], [88.169, 21.598], [88.17, 21.6], [88.171, 21.601], [88.173, 21.601], [88.176, 21.601], [88.178, 21.601]]], [[[88.835, 21.607], [88.838, 21.606], [88.838, 21.605], [88.84, 21.604], [88.841, 21.602], [88.842, 21.601], [88.845, 21.6], [88.846, 21.599], [88.848, 21.599], [88.851, 21.599], [88.855, 21.598], [88.857, 21.598], [88.86, 21.597], [88.861, 21.596], [88.866, 21.596], [88.867, 21.595], [88.869, 21.595], [88.87, 21.596], [88.871, 21.595], [88.873, 21.594], [88.874, 21.593], [88.875, 21.593], [88.877, 21.59], [88.878, 21.588], [88.881, 21.586], [88.883, 21.585], [88.884, 21.584], [88.886, 21.582], [88.887, 21.582], [88.89, 21.579], [88.893, 21.579], [88.894, 21.577], [88.895, 21.576], [88.897, 21.574], [88.897, 21.571], [88.899, 21.569], [88.901, 21.567], [88.901, 21.565], [88.902, 21.563], [88.903, 21.562], [88.904, 21.56], [88.904, 21.559], [88.904, 21.557], [88.899, 21.552], [88.898, 21.551], [88.897, 21.551], [88.895, 21.55], [88.892, 21.55], [88.889, 21.55], [88.887, 21.55], [88.883, 21.55], [88.88, 21.55], [88.877, 21.549], [88.874, 21.549], [88.869, 21.549], [88.867, 21.549], [88.864, 21.55], [88.863, 21.55], [88.86, 21.55], [88.858, 21.551], [88.855, 21.55], [88.853, 21.551], [88.85, 21.552], [88.847, 21.552], [88.844, 21.553], [88.842, 21.555], [88.841, 21.556], [88.84, 21.557], [88.839, 21.558], [88.838, 21.559], [88.836, 21.56], [88.836, 21.561], [88.834, 21.564], [88.836, 21.565], [88.834, 21.566], [88.832, 21.566], [88.832, 21.567], [88.831, 21.569], [88.831, 21.572], [88.83, 21.573], [88.829, 21.575], [88.828, 21.579], [88.829, 21.58], [88.83, 21.582], [88.831, 21.584], [88.831, 21.587], [88.831, 21.588], [88.832, 21.591], [88.832, 21.593], [88.831, 21.595], [88.831, 21.597], [88.831, 21.601], [88.831, 21.604], [88.833, 21.607], [88.835, 21.607]]], [[[88.729, 21.637], [88.729, 21.635], [88.729, 21.634], [88.73, 21.632], [88.731, 21.63], [88.731, 21.629], [88.732, 21.627], [88.734, 21.626], [88.734, 21.623], [88.734, 21.621], [88.734, 21.619], [88.733, 21.618], [88.734, 21.615], [88.734, 21.614], [88.735, 21.612], [88.735, 21.611], [88.737, 21.61], [88.739, 21.608], [88.742, 21.607], [88.743, 21.606], [88.745, 21.606], [88.747, 21.605], [88.748, 21.605], [88.75, 21.604], [88.753, 21.603], [88.754, 21.602], [88.756, 21.601], [88.757, 21.599], [88.756, 21.597], [88.754, 21.596], [88.752, 21.595], [88.751, 21.594], [88.749, 21.592], [88.748, 21.591], [88.747, 21.589], [88.747, 21.587], [88.747, 21.585], [88.747, 21.583], [88.747, 21.581], [88.747, 21.578], [88.746, 21.576], [88.744, 21.576], [88.741, 21.576], [88.741, 21.574], [88.74, 21.573], [88.739, 21.573], [88.736, 21.572], [88.734, 21.573], [88.731, 21.573], [88.728, 21.573], [88.726, 21.574], [88.723, 21.574], [88.721, 21.575], [88.72, 21.575], [88.718, 21.577], [88.716, 21.577], [88.714, 21.579], [88.713, 21.58], [88.713, 21.581], [88.712, 21.583], [88.711, 21.584], [88.711, 21.585], [88.709, 21.587], [88.709, 21.588], [88.708, 21.59], [88.708, 21.591], [88.708, 21.593], [88.707, 21.594], [88.707, 21.596], [88.708, 21.597], [88.709, 21.597], [88.71, 21.601], [88.71, 21.606], [88.711, 21.61], [88.711, 21.612], [88.711, 21.613], [88.711, 21.614], [88.712, 21.616], [88.713, 21.617], [88.713, 21.62], [88.713, 21.622], [88.714, 21.622], [88.713, 21.623], [88.713, 21.625], [88.714, 21.626], [88.715, 21.628], [88.716, 21.63], [88.716, 21.631], [88.717, 21.632], [88.719, 21.633], [88.72, 21.635], [88.721, 21.638], [88.723, 21.638], [88.725, 21.637], [88.727, 21.638], [88.729, 21.638], [88.729, 21.637]]], [[[88.537, 21.639], [88.539, 21.638], [88.541, 21.636], [88.543, 21.635], [88.544, 21.634], [88.547, 21.634], [88.552, 21.633], [88.554, 21.632], [88.556, 21.632], [88.558, 21.631], [88.56, 21.63], [88.561, 21.629], [88.562, 21.629], [88.564, 21.628], [88.566, 21.627], [88.568, 21.625], [88.57, 21.624], [88.574, 21.621], [88.575, 21.619], [88.58, 21.614], [88.583, 21.611], [88.584, 21.609], [88.586, 21.607], [88.586, 21.606], [88.587, 21.604], [88.588, 21.602], [88.587, 21.6], [88.587, 21.599], [88.586, 21.597], [88.586, 21.595], [88.587, 21.593], [88.586, 21.591], [88.587, 21.589], [88.586, 21.587], [88.585, 21.586], [88.584, 21.584], [88.583, 21.583], [88.583, 21.582], [88.582, 21.581], [88.581, 21.579], [88.579, 21.578], [88.578, 21.577], [88.577, 21.575], [88.574, 21.574], [88.573, 21.573], [88.571, 21.571], [88.57, 21.571], [88.568, 21.57], [88.567, 21.569], [88.565, 21.569], [88.565, 21.57], [88.563, 21.569], [88.562, 21.569], [88.561, 21.569], [88.558, 21.569], [88.555, 21.567], [88.554, 21.567], [88.551, 21.565], [88.55, 21.564], [88.549, 21.564], [88.547, 21.565], [88.545, 21.566], [88.544, 21.568], [88.543, 21.569], [88.543, 21.571], [88.543, 21.575], [88.543, 21.576], [88.542, 21.578], [88.541, 21.58], [88.541, 21.581], [88.54, 21.583], [88.539, 21.584], [88.538, 21.586], [88.537, 21.587], [88.539, 21.588], [88.542, 21.589], [88.543, 21.589], [88.545, 21.591], [88.546, 21.592], [88.548, 21.593], [88.55, 21.595], [88.552, 21.596], [88.554, 21.597], [88.556, 21.599], [88.557, 21.6], [88.558, 21.602], [88.556, 21.604], [88.556, 21.602], [88.555, 21.6], [88.553, 21.599], [88.552, 21.597], [88.55, 21.597], [88.549, 21.596], [88.547, 21.594], [88.546, 21.593], [88.544, 21.592], [88.543, 21.591], [88.542, 21.59], [88.54, 21.589], [88.538, 21.589], [88.536, 21.589], [88.535, 21.589], [88.534, 21.59], [88.532, 21.591], [88.53, 21.592], [88.529, 21.593], [88.527, 21.594], [88.526, 21.594], [88.524, 21.596], [88.523, 21.596], [88.521, 21.596], [88.519, 21.596], [88.518, 21.597], [88.516, 21.598], [88.514, 21.598], [88.512, 21.599], [88.511, 21.6], [88.51, 21.601], [88.51, 21.603], [88.511, 21.604], [88.511, 21.606], [88.512, 21.609], [88.513, 21.611], [88.515, 21.611], [88.515, 21.612], [88.515, 21.615], [88.518, 21.619], [88.519, 21.62], [88.52, 21.622], [88.522, 21.622], [88.523, 21.625], [88.524, 21.627], [88.523, 21.628], [88.521, 21.629], [88.522, 21.631], [88.521, 21.632], [88.521, 21.634], [88.521, 21.636], [88.521, 21.638], [88.521, 21.64], [88.521, 21.641], [88.52, 21.643], [88.521, 21.645], [88.522, 21.647], [88.522, 21.649], [88.523, 21.651], [88.524, 21.653], [88.525, 21.653], [88.527, 21.651], [88.528, 21.649], [88.529, 21.647], [88.53, 21.646], [88.534, 21.642], [88.535, 21.64], [88.537, 21.639]]], [[[88.892, 21.652], [88.894, 21.65], [88.893, 21.649], [88.891, 21.651], [88.891, 21.652], [88.889, 21.654], [88.889, 21.655], [88.892, 21.652], [88.892, 21.652]]], [[[88.772, 21.653], [88.772, 21.652], [88.774, 21.649], [88.776, 21.647], [88.775, 21.645], [88.775, 21.643], [88.772, 21.642], [88.773, 21.64], [88.772, 21.636], [88.771, 21.636], [88.771, 21.631], [88.772, 21.627], [88.772, 21.625], [88.773, 21.623], [88.773, 21.622], [88.774, 21.62], [88.777, 21.617], [88.777, 21.616], [88.777, 21.615], [88.779, 21.614], [88.781, 21.613], [88.782, 21.611], [88.784, 21.609], [88.786, 21.608], [88.787, 21.607], [88.788, 21.605], [88.791, 21.603], [88.791, 21.601], [88.79, 21.601], [88.788, 21.6], [88.787, 21.599], [88.785, 21.598], [88.784, 21.598], [88.783, 21.598], [88.782, 21.596], [88.784, 21.597], [88.786, 21.597], [88.788, 21.598], [88.79, 21.599], [88.791, 21.6], [88.794, 21.6], [88.795, 21.598], [88.796, 21.597], [88.796, 21.596], [88.797, 21.594], [88.798, 21.592], [88.798, 21.591], [88.796, 21.589], [88.796, 21.587], [88.793, 21.585], [88.79, 21.582], [88.788, 21.581], [88.787, 21.581], [88.785, 21.58], [88.782, 21.58], [88.78, 21.58], [88.778, 21.58], [88.777, 21.579], [88.775, 21.579], [88.774, 21.579], [88.772, 21.578], [88.77, 21.577], [88.768, 21.577], [88.766, 21.576], [88.764, 21.576], [88.758, 21.576], [88.754, 21.577], [88.751, 21.577], [88.749, 21.579], [88.749, 21.581], [88.749, 21.583], [88.749, 21.585], [88.749, 21.588], [88.749, 21.59], [88.75, 21.592], [88.752, 21.593], [88.754, 21.595], [88.756, 21.596], [88.757, 21.596], [88.759, 21.599], [88.758, 21.6], [88.757, 21.602], [88.755, 21.604], [88.752, 21.605], [88.75, 21.606], [88.747, 21.607], [88.744, 21.607], [88.742, 21.608], [88.74, 21.609], [88.738, 21.61], [88.736, 21.612], [88.735, 21.614], [88.735, 21.616], [88.735, 21.618], [88.735, 21.619], [88.735, 21.621], [88.736, 21.623], [88.736, 21.624], [88.735, 21.626], [88.734, 21.627], [88.732, 21.629], [88.731, 21.631], [88.731, 21.634], [88.73, 21.636], [88.73, 21.638], [88.73, 21.64], [88.731, 21.642], [88.733, 21.643], [88.735, 21.644], [88.738, 21.645], [88.74, 21.645], [88.743, 21.645], [88.746, 21.645], [88.748, 21.646], [88.75, 21.646], [88.751, 21.648], [88.753, 21.649], [88.755, 21.65], [88.757, 21.651], [88.76, 21.652], [88.762, 21.653], [88.764, 21.654], [88.767, 21.655], [88.769, 21.656], [88.771, 21.654], [88.772, 21.653]]], [[[88.966, 21.642], [88.967, 21.641], [88.969, 21.64], [88.971, 21.641], [88.973, 21.641], [88.974, 21.642], [88.976, 21.643], [88.978, 21.643], [88.979, 21.644], [88.982, 21.644], [88.985, 21.644], [88.987, 21.645], [88.989, 21.645], [88.991, 21.644], [88.993, 21.641], [88.993, 21.639], [88.993, 21.637], [88.994, 21.635], [88.994, 21.633], [88.995, 21.63], [88.995, 21.629], [88.995, 21.627], [88.995, 21.625], [88.994, 21.623], [88.993, 21.621], [88.992, 21.618], [88.991, 21.615], [88.989, 21.614], [88.988, 21.613], [88.986, 21.613], [88.984, 21.613], [88.982, 21.613], [88.976, 21.613], [88.973, 21.613], [88.97, 21.614], [88.967, 21.614], [88.966, 21.615], [88.963, 21.615], [88.962, 21.616], [88.958, 21.617], [88.956, 21.618], [88.956, 21.618], [88.957, 21.62], [88.958, 21.621], [88.959, 21.622], [88.958, 21.623], [88.957, 21.624], [88.953, 21.628], [88.952, 21.629], [88.951, 21.631], [88.949, 21.634], [88.948, 21.635], [88.947, 21.637], [88.946, 21.638], [88.943, 21.639], [88.942, 21.64], [88.941, 21.642], [88.941, 21.644], [88.94, 21.646], [88.94, 21.647], [88.941, 21.649], [88.941, 21.65], [88.942, 21.651], [88.942, 21.652], [88.943, 21.654], [88.944, 21.655], [88.944, 21.657], [88.945, 21.659], [88.946, 21.662], [88.947, 21.664], [88.948, 21.665], [88.949, 21.667], [88.95, 21.668], [88.951, 21.67], [88.952, 21.672], [88.953, 21.673], [88.954, 21.675], [88.955, 21.677], [88.957, 21.676], [88.958, 21.674], [88.959, 21.672], [88.959, 21.67], [88.96, 21.668], [88.961, 21.666], [88.961, 21.665], [88.962, 21.663], [88.962, 21.66], [88.962, 21.657], [88.962, 21.655], [88.962, 21.653], [88.962, 21.651], [88.962, 21.648], [88.963, 21.646], [88.964, 21.645], [88.964, 21.643], [88.965, 21.642], [88.966, 21.642]]], [[[88.634, 21.657], [88.634, 21.656], [88.633, 21.654], [88.634, 21.652], [88.633, 21.65], [88.631, 21.649], [88.628, 21.651], [88.628, 21.654], [88.629, 21.659], [88.629, 21.662], [88.63, 21.664], [88.632, 21.668], [88.632, 21.67], [88.634, 21.672], [88.634, 21.674], [88.636, 21.675], [88.637, 21.677], [88.638, 21.678], [88.64, 21.678], [88.641, 21.678], [88.641, 21.677], [88.641, 21.675], [88.64, 21.673], [88.64, 21.671], [88.64, 21.669], [88.639, 21.668], [88.638, 21.666], [88.637, 21.665], [88.636, 21.663], [88.635, 21.661], [88.634, 21.66], [88.634, 21.657], [88.634, 21.657]]], [[[88.577, 21.692], [88.577, 21.691], [88.578, 21.689], [88.578, 21.687], [88.578, 21.685], [88.579, 21.683], [88.58, 21.681], [88.581, 21.678], [88.582, 21.677], [88.582, 21.675], [88.583, 21.673], [88.584, 21.672], [88.584, 21.671], [88.585, 21.668], [88.585, 21.666], [88.585, 21.664], [88.586, 21.662], [88.586, 21.66], [88.586, 21.658], [88.587, 21.656], [88.589, 21.656], [88.59, 21.655], [88.592, 21.655], [88.593, 21.654], [88.594, 21.653], [88.594, 21.651], [88.595, 21.649], [88.596, 21.648], [88.597, 21.646], [88.597, 21.644], [88.599, 21.642], [88.599, 21.64], [88.6, 21.639], [88.6, 21.636], [88.6, 21.634], [88.601, 21.633], [88.602, 21.631], [88.603, 21.629], [88.604, 21.628], [88.605, 21.626], [88.606, 21.625], [88.605, 21.624], [88.604, 21.622], [88.603, 21.621], [88.6, 21.62], [88.598, 21.62], [88.596, 21.62], [88.594, 21.619], [88.592, 21.618], [88.589, 21.621], [88.587, 21.621], [88.585, 21.623], [88.584, 21.624], [88.582, 21.625], [88.58, 21.626], [88.578, 21.628], [88.577, 21.629], [88.575, 21.63], [88.573, 21.631], [88.57, 21.632], [88.569, 21.633], [88.567, 21.634], [88.566, 21.634], [88.564, 21.634], [88.562, 21.635], [88.56, 21.635], [88.558, 21.635], [88.557, 21.635], [88.555, 21.637], [88.555, 21.638], [88.554, 21.64], [88.554, 21.642], [88.554, 21.644], [88.554, 21.645], [88.554, 21.647], [88.555, 21.648], [88.556, 21.649], [88.557, 21.65], [88.559, 21.652], [88.56, 21.653], [88.562, 21.655], [88.563, 21.656], [88.565, 21.658], [88.566, 21.659], [88.567, 21.661], [88.569, 21.662], [88.569, 21.664], [88.57, 21.665], [88.571, 21.666], [88.571, 21.668], [88.571, 21.67], [88.572, 21.671], [88.572, 21.673], [88.571, 21.675], [88.571, 21.677], [88.571, 21.679], [88.57, 21.68], [88.57, 21.682], [88.569, 21.683], [88.569, 21.685], [88.568, 21.687], [88.568, 21.689], [88.568, 21.69], [88.569, 21.691], [88.571, 21.692], [88.573, 21.692], [88.575, 21.692], [88.577, 21.692], [88.577, 21.692]]], [[[88.592, 21.694], [88.594, 21.692], [88.596, 21.69], [88.598, 21.689], [88.6, 21.688], [88.602, 21.686], [88.604, 21.684], [88.605, 21.682], [88.606, 21.68], [88.605, 21.679], [88.604, 21.677], [88.605, 21.675], [88.605, 21.673], [88.604, 21.671], [88.6, 21.666], [88.6, 21.665], [88.597, 21.663], [88.594, 21.661], [88.593, 21.66], [88.591, 21.659], [88.59, 21.658], [88.589, 21.658], [88.588, 21.658], [88.587, 21.659], [88.587, 21.666], [88.587, 21.667], [88.587, 21.669], [88.586, 21.67], [88.586, 21.672], [88.585, 21.673], [88.584, 21.675], [88.584, 21.676], [88.583, 21.678], [88.582, 21.68], [88.581, 21.681], [88.581, 21.682], [88.581, 21.684], [88.582, 21.685], [88.584, 21.686], [88.586, 21.687], [88.589, 21.688], [88.591, 21.689], [88.591, 21.69], [88.592, 21.691], [88.591, 21.693], [88.59, 21.695], [88.589, 21.696], [88.588, 21.698], [88.588, 21.7], [88.588, 21.702], [88.589, 21.701], [88.589, 21.699], [88.591, 21.696], [88.592, 21.694]]], [[[88.984, 21.706], [88.986, 21.705], [88.989, 21.701], [88.99, 21.698], [88.99, 21.696], [88.99, 21.694], [88.99, 21.693], [88.99, 21.692], [88.991, 21.69], [88.992, 21.689], [88.992, 21.687], [88.992, 21.685], [88.991, 21.683], [88.992, 21.679], [88.993, 21.678], [88.994, 21.675], [88.994, 21.674], [88.994, 21.672], [88.991, 21.669], [88.987, 21.665], [88.988, 21.654], [88.99, 21.65], [88.995, 21.649], [88.999, 21.649], [89.001, 21.65], [89.002, 21.65], [89.004, 21.65], [89.006, 21.65], [89.008, 21.65], [89.009, 21.65], [89.01, 21.65], [89.011, 21.651], [89.012, 21.651], [89.013, 21.651], [89.014, 21.652], [89.015, 21.653], [89.016, 21.654], [89.017, 21.655], [89.019, 21.655], [89.021, 21.655], [89.022, 21.654], [89.024, 21.653], [89.023, 21.651], [89.022, 21.647], [89.022, 21.645], [89.021, 21.642], [89.021, 21.64], [89.022, 21.638], [89.022, 21.636], [89.023, 21.635], [89.024, 21.632], [89.025, 21.631], [89.027, 21.629], [89.027, 21.628], [89.028, 21.628], [89.03, 21.627], [89.032, 21.627], [89.033, 21.626], [89.035, 21.625], [89.036, 21.624], [89.036, 21.621], [89.036, 21.62], [89.037, 21.62], [89.037, 21.618], [89.037, 21.616], [89.036, 21.613], [89.035, 21.612], [89.034, 21.61], [89.033, 21.609], [89.03, 21.607], [89.029, 21.605], [89.026, 21.605], [89.024, 21.604], [89.022, 21.603], [89.021, 21.603], [89.02, 21.603], [89.018, 21.602], [89.016, 21.602], [89.015, 21.603], [89.014, 21.603], [89.012, 21.602], [89.011, 21.602], [89.009, 21.602], [89.007, 21.602], [89.006, 21.603], [89.005, 21.602], [89.003, 21.602], [89.001, 21.602], [89.0, 21.602], [88.998, 21.604], [88.999, 21.607], [88.999, 21.609], [88.999, 21.611], [88.998, 21.615], [88.998, 21.617], [88.998, 21.618], [88.998, 21.62], [88.998, 21.623], [88.998, 21.624], [88.997, 21.626], [88.997, 21.627], [88.996, 21.629], [88.996, 21.632], [88.996, 21.634], [88.995, 21.636], [88.995, 21.638], [88.994, 21.64], [88.994, 21.642], [88.993, 21.643], [88.992, 21.645], [88.99, 21.646], [88.988, 21.646], [88.984, 21.646], [88.982, 21.646], [88.979, 21.645], [88.976, 21.644], [88.974, 21.644], [88.972, 21.643], [88.971, 21.642], [88.969, 21.642], [88.968, 21.642], [88.966, 21.643], [88.965, 21.644], [88.964, 21.646], [88.963, 21.647], [88.963, 21.65], [88.963, 21.652], [88.963, 21.655], [88.964, 21.657], [88.964, 21.659], [88.964, 21.661], [88.963, 21.663], [88.963, 21.665], [88.962, 21.666], [88.961, 21.668], [88.961, 21.669], [88.96, 21.671], [88.96, 21.673], [88.959, 21.674], [88.958, 21.675], [88.958, 21.677], [88.956, 21.678], [88.954, 21.679], [88.954, 21.682], [88.954, 21.683], [88.954, 21.688], [88.954, 21.69], [88.954, 21.692], [88.953, 21.694], [88.952, 21.695], [88.952, 21.696], [88.951, 21.698], [88.951, 21.7], [88.951, 21.701], [88.954, 21.701], [88.956, 21.701], [88.958, 21.701], [88.96, 21.7], [88.962, 21.7], [88.963, 21.7], [88.965, 21.701], [88.968, 21.7], [88.97, 21.699], [88.972, 21.698], [88.974, 21.698], [88.975, 21.699], [88.976, 21.7], [88.977, 21.701], [88.979, 21.703], [88.98, 21.703], [88.982, 21.704], [88.984, 21.705], [88.984, 21.706]]], [[[88.807, 21.707], [88.809, 21.706], [88.81, 21.704], [88.81, 21.695], [88.81, 21.693], [88.81, 21.687], [88.809, 21.683], [88.809, 21.68], [88.808, 21.678], [88.807, 21.676], [88.806, 21.674], [88.807, 21.67], [88.807, 21.665], [88.806, 21.663], [88.805, 21.661], [88.803, 21.659], [88.801, 21.658], [88.799, 21.657], [88.798, 21.656], [88.794, 21.656], [88.792, 21.656], [88.791, 21.657], [88.789, 21.658], [88.788, 21.659], [88.788, 21.66], [88.79, 21.661], [88.792, 21.661], [88.793, 21.662], [88.794, 21.663], [88.793, 21.663], [88.791, 21.662], [88.789, 21.662], [88.786, 21.66], [88.784, 21.66], [88.783, 21.661], [88.782, 21.661], [88.781, 21.662], [88.779, 21.663], [88.778, 21.664], [88.776, 21.664], [88.774, 21.664], [88.772, 21.665], [88.771, 21.666], [88.768, 21.665], [88.766, 21.664], [88.763, 21.664], [88.761, 21.663], [88.759, 21.663], [88.758, 21.664], [88.755, 21.667], [88.748, 21.674], [88.746, 21.675], [88.745, 21.676], [88.744, 21.676], [88.743, 21.677], [88.741, 21.679], [88.739, 21.68], [88.738, 21.681], [88.736, 21.681], [88.735, 21.682], [88.734, 21.682], [88.732, 21.683], [88.731, 21.684], [88.732, 21.687], [88.737, 21.688], [88.739, 21.689], [88.74, 21.689], [88.741, 21.689], [88.743, 21.688], [88.743, 21.687], [88.743, 21.685], [88.744, 21.683], [88.746, 21.682], [88.749, 21.683], [88.75, 21.683], [88.753, 21.683], [88.754, 21.683], [88.758, 21.683], [88.759, 21.683], [88.761, 21.684], [88.762, 21.686], [88.763, 21.689], [88.763, 21.691], [88.765, 21.693], [88.766, 21.693], [88.769, 21.693], [88.77, 21.693], [88.772, 21.694], [88.775, 21.694], [88.777, 21.695], [88.778, 21.696], [88.78, 21.696], [88.782, 21.698], [88.783, 21.698], [88.785, 21.699], [88.786, 21.7], [88.787, 21.701], [88.789, 21.701], [88.79, 21.702], [88.791, 21.703], [88.793, 21.703], [88.794, 21.704], [88.796, 21.704], [88.798, 21.705], [88.8, 21.706], [88.801, 21.706], [88.804, 21.707], [88.805, 21.706], [88.806, 21.707], [88.807, 21.707]]], [[[88.311, 21.706], [88.316, 21.706], [88.323, 21.706], [88.324, 21.706], [88.327, 21.705], [88.33, 21.704], [88.332, 21.702], [88.335, 21.701], [88.336, 21.699], [88.338, 21.697], [88.341, 21.695], [88.342, 21.694], [88.343, 21.692], [88.344, 21.691], [88.346, 21.689], [88.346, 21.687], [88.347, 21.686], [88.348, 21.684], [88.348, 21.683], [88.349, 21.682], [88.35, 21.68], [88.351, 21.679], [88.351, 21.675], [88.349, 21.673], [88.349, 21.67], [88.349, 21.669], [88.35, 21.666], [88.349, 21.664], [88.348, 21.663], [88.347, 21.662], [88.346, 21.661], [88.348, 21.66], [88.349, 21.656], [88.348, 21.655], [88.348, 21.652], [88.349, 21.653], [88.35, 21.653], [88.351, 21.653], [88.353, 21.652], [88.354, 21.649], [88.356, 21.649], [88.358, 21.647], [88.356, 21.646], [88.354, 21.645], [88.353, 21.644], [88.351, 21.644], [88.35, 21.643], [88.349, 21.641], [88.349, 21.64], [88.348, 21.639], [88.348, 21.637], [88.347, 21.636], [88.346, 21.636], [88.344, 21.634], [88.344, 21.633], [88.344, 21.632], [88.343, 21.631], [88.342, 21.629], [88.341, 21.627], [88.341, 21.625], [88.338, 21.622], [88.331, 21.62], [88.328, 21.617], [88.326, 21.617], [88.324, 21.616], [88.323, 21.616], [88.322, 21.614], [88.321, 21.613], [88.32, 21.611], [88.318, 21.61], [88.316, 21.61], [88.315, 21.608], [88.312, 21.609], [88.311, 21.609], [88.31, 21.609], [88.308, 21.611], [88.307, 21.613], [88.307, 21.615], [88.307, 21.617], [88.306, 21.619], [88.306, 21.621], [88.306, 21.623], [88.306, 21.625], [88.306, 21.627], [88.306, 21.629], [88.306, 21.631], [88.307, 21.634], [88.307, 21.636], [88.308, 21.638], [88.309, 21.64], [88.309, 21.642], [88.31, 21.643], [88.311, 21.645], [88.312, 21.646], [88.312, 21.648], [88.313, 21.649], [88.313, 21.651], [88.314, 21.654], [88.315, 21.656], [88.315, 21.658], [88.316, 21.66], [88.316, 21.662], [88.316, 21.665], [88.317, 21.667], [88.316, 21.67], [88.316, 21.672], [88.316, 21.675], [88.316, 21.677], [88.316, 21.679], [88.315, 21.681], [88.314, 21.683], [88.314, 21.684], [88.313, 21.685], [88.313, 21.686], [88.312, 21.688], [88.311, 21.689], [88.311, 21.69], [88.31, 21.692], [88.308, 21.693], [88.307, 21.695], [88.306, 21.697], [88.304, 21.698], [88.303, 21.7], [88.302, 21.701], [88.301, 21.702], [88.3, 21.703], [88.301, 21.705], [88.303, 21.707], [88.305, 21.708], [88.307, 21.707], [88.308, 21.707], [88.31, 21.706], [88.311, 21.706]]], [[[88.454, 21.709], [88.456, 21.708], [88.456, 21.706], [88.457, 21.705], [88.458, 21.703], [88.459, 21.701], [88.459, 21.7], [88.46, 21.698], [88.461, 21.696], [88.462, 21.694], [88.462, 21.692], [88.463, 21.691], [88.464, 21.689], [88.466, 21.687], [88.466, 21.685], [88.467, 21.683], [88.467, 21.681], [88.468, 21.679], [88.469, 21.678], [88.469, 21.676], [88.471, 21.674], [88.47, 21.673], [88.47, 21.67], [88.469, 21.669], [88.466, 21.668], [88.466, 21.669], [88.466, 21.671], [88.466, 21.674], [88.467, 21.676], [88.466, 21.675], [88.465, 21.673], [88.465, 21.672], [88.465, 21.67], [88.465, 21.668], [88.465, 21.666], [88.465, 21.664], [88.465, 21.659], [88.464, 21.658], [88.464, 21.656], [88.463, 21.654], [88.462, 21.653], [88.461, 21.651], [88.461, 21.65], [88.459, 21.65], [88.459, 21.649], [88.46, 21.645], [88.459, 21.643], [88.459, 21.642], [88.458, 21.639], [88.457, 21.638], [88.457, 21.636], [88.456, 21.635], [88.455, 21.633], [88.455, 21.631], [88.454, 21.631], [88.453, 21.629], [88.453, 21.628], [88.453, 21.626], [88.454, 21.624], [88.453, 21.623], [88.451, 21.621], [88.449, 21.62], [88.447, 21.619], [88.446, 21.619], [88.444, 21.617], [88.442, 21.615], [88.441, 21.617], [88.442, 21.619], [88.441, 21.621], [88.441, 21.624], [88.44, 21.626], [88.44, 21.628], [88.439, 21.629], [88.439, 21.63], [88.438, 21.632], [88.438, 21.633], [88.437, 21.635], [88.435, 21.636], [88.434, 21.638], [88.433, 21.639], [88.432, 21.64], [88.431, 21.641], [88.429, 21.643], [88.428, 21.644], [88.426, 21.645], [88.425, 21.647], [88.423, 21.649], [88.422, 21.65], [88.421, 21.651], [88.42, 21.654], [88.421, 21.656], [88.421, 21.658], [88.421, 21.659], [88.421, 21.661], [88.42, 21.663], [88.42, 21.665], [88.42, 21.668], [88.421, 21.67], [88.421, 21.673], [88.419, 21.678], [88.419, 21.68], [88.419, 21.683], [88.419, 21.684], [88.419, 21.688], [88.42, 21.69], [88.421, 21.691], [88.423, 21.692], [88.425, 21.693], [88.426, 21.694], [88.428, 21.695], [88.429, 21.696], [88.43, 21.697], [88.431, 21.698], [88.431, 21.7], [88.432, 21.702], [88.435, 21.705], [88.437, 21.706], [88.439, 21.707], [88.44, 21.708], [88.443, 21.709], [88.445, 21.709], [88.448, 21.709], [88.45, 21.709], [88.452, 21.709], [88.454, 21.709]]], [[[88.697, 21.713], [88.698, 21.712], [88.698, 21.71], [88.698, 21.709], [88.699, 21.708], [88.699, 21.706], [88.699, 21.703], [88.699, 21.701], [88.699, 21.699], [88.7, 21.697], [88.7, 21.695], [88.7, 21.693], [88.701, 21.692], [88.702, 21.69], [88.702, 21.688], [88.703, 21.687], [88.704, 21.685], [88.706, 21.684], [88.707, 21.682], [88.709, 21.68], [88.71, 21.679], [88.712, 21.677], [88.714, 21.676], [88.715, 21.674], [88.717, 21.673], [88.719, 21.672], [88.72, 21.671], [88.722, 21.67], [88.724, 21.669], [88.726, 21.667], [88.727, 21.666], [88.729, 21.664], [88.732, 21.662], [88.733, 21.661], [88.735, 21.66], [88.736, 21.658], [88.737, 21.657], [88.739, 21.656], [88.74, 21.655], [88.741, 21.654], [88.743, 21.653], [88.745, 21.652], [88.748, 21.652], [88.75, 21.651], [88.751, 21.649], [88.751, 21.648], [88.749, 21.647], [88.747, 21.646], [88.745, 21.646], [88.743, 21.646], [88.74, 21.646], [88.737, 21.646], [88.735, 21.645], [88.733, 21.644], [88.731, 21.643], [88.729, 21.641], [88.728, 21.64], [88.726, 21.639], [88.725, 21.638], [88.724, 21.638], [88.723, 21.639], [88.723, 21.64], [88.722, 21.642], [88.721, 21.644], [88.72, 21.644], [88.718, 21.645], [88.717, 21.647], [88.716, 21.648], [88.715, 21.649], [88.715, 21.65], [88.713, 21.652], [88.712, 21.654], [88.711, 21.656], [88.71, 21.657], [88.709, 21.659], [88.708, 21.66], [88.709, 21.662], [88.71, 21.663], [88.708, 21.664], [88.707, 21.665], [88.704, 21.665], [88.703, 21.665], [88.701, 21.666], [88.7, 21.668], [88.698, 21.669], [88.697, 21.671], [88.696, 21.672], [88.696, 21.674], [88.694, 21.677], [88.692, 21.679], [88.687, 21.683], [88.688, 21.685], [88.689, 21.686], [88.69, 21.688], [88.691, 21.69], [88.692, 21.693], [88.692, 21.695], [88.693, 21.696], [88.693, 21.698], [88.694, 21.699], [88.694, 21.701], [88.694, 21.703], [88.695, 21.705], [88.695, 21.707], [88.696, 21.709], [88.696, 21.711], [88.696, 21.713], [88.697, 21.713]]], [[[88.205, 21.721], [88.206, 21.719], [88.207, 21.718], [88.208, 21.716], [88.209, 21.715], [88.21, 21.712], [88.214, 21.709], [88.215, 21.708], [88.216, 21.706], [88.216, 21.704], [88.217, 21.701], [88.215, 21.699], [88.213, 21.699], [88.211, 21.698], [88.209, 21.698], [88.206, 21.698], [88.204, 21.697], [88.203, 21.697], [88.201, 21.696], [88.2, 21.695], [88.198, 21.694], [88.195, 21.691], [88.195, 21.69], [88.194, 21.688], [88.195, 21.686], [88.196, 21.683], [88.196, 21.682], [88.196, 21.681], [88.197, 21.68], [88.198, 21.678], [88.198, 21.677], [88.2, 21.675], [88.202, 21.674], [88.204, 21.673], [88.206, 21.672], [88.208, 21.672], [88.21, 21.671], [88.212, 21.67], [88.214, 21.67], [88.216, 21.67], [88.218, 21.67], [88.22, 21.671], [88.223, 21.671], [88.225, 21.671], [88.227, 21.67], [88.228, 21.668], [88.228, 21.665], [88.227, 21.662], [88.227, 21.661], [88.228, 21.659], [88.228, 21.654], [88.229, 21.651], [88.229, 21.651], [88.23, 21.648], [88.231, 21.647], [88.231, 21.644], [88.231, 21.642], [88.231, 21.64], [88.229, 21.638], [88.228, 21.637], [88.226, 21.636], [88.225, 21.635], [88.224, 21.634], [88.223, 21.633], [88.221, 21.631], [88.22, 21.631], [88.218, 21.629], [88.217, 21.628], [88.215, 21.626], [88.214, 21.625], [88.213, 21.623], [88.212, 21.622], [88.212, 21.62], [88.211, 21.616], [88.211, 21.615], [88.21, 21.613], [88.211, 21.612], [88.211, 21.609], [88.212, 21.608], [88.213, 21.606], [88.213, 21.605], [88.214, 21.603], [88.212, 21.602], [88.209, 21.603], [88.208, 21.604], [88.209, 21.605], [88.209, 21.606], [88.206, 21.609], [88.205, 21.611], [88.204, 21.612], [88.203, 21.615], [88.202, 21.618], [88.201, 21.619], [88.201, 21.621], [88.2, 21.622], [88.2, 21.624], [88.199, 21.625], [88.199, 21.626], [88.198, 21.628], [88.197, 21.629], [88.196, 21.631], [88.195, 21.632], [88.195, 21.634], [88.194, 21.636], [88.194, 21.638], [88.193, 21.639], [88.193, 21.641], [88.193, 21.643], [88.192, 21.645], [88.192, 21.647], [88.191, 21.648], [88.191, 21.65], [88.19, 21.651], [88.189, 21.653], [88.189, 21.654], [88.188, 21.656], [88.187, 21.658], [88.187, 21.659], [88.187, 21.661], [88.186, 21.663], [88.186, 21.665], [88.185, 21.666], [88.185, 21.669], [88.184, 21.671], [88.184, 21.673], [88.183, 21.675], [88.183, 21.677], [88.183, 21.681], [88.182, 21.682], [88.181, 21.686], [88.181, 21.688], [88.181, 21.689], [88.182, 21.691], [88.183, 21.692], [88.184, 21.694], [88.184, 21.696], [88.185, 21.698], [88.185, 21.7], [88.186, 21.701], [88.187, 21.703], [88.187, 21.704], [88.188, 21.706], [88.188, 21.707], [88.191, 21.711], [88.194, 21.713], [88.195, 21.714], [88.2, 21.718], [88.201, 21.72], [88.202, 21.721], [88.204, 21.722], [88.205, 21.721]]], [[[89.059, 21.722], [89.06, 21.722], [89.061, 21.72], [89.062, 21.719], [89.063, 21.718], [89.063, 21.717], [89.064, 21.716], [89.065, 21.715], [89.065, 21.713], [89.066, 21.711], [89.066, 21.71], [89.067, 21.708], [89.067, 21.708], [89.068, 21.706], [89.069, 21.705], [89.069, 21.705], [89.07, 21.703], [89.07, 21.702], [89.071, 21.7], [89.071, 21.697], [89.071, 21.696], [89.069, 21.695], [89.069, 21.693], [89.068, 21.691], [89.068, 21.69], [89.066, 21.69], [89.065, 21.69], [89.065, 21.69], [89.065, 21.689], [89.065, 21.689], [89.069, 21.688], [89.07, 21.688], [89.071, 21.689], [89.073, 21.69], [89.074, 21.688], [89.075, 21.687], [89.078, 21.684], [89.08, 21.681], [89.082, 21.681], [89.082, 21.679], [89.084, 21.679], [89.083, 21.678], [89.085, 21.678], [89.085, 21.676], [89.086, 21.674], [89.087, 21.673], [89.088, 21.67], [89.089, 21.669], [89.09, 21.668], [89.091, 21.667], [89.092, 21.667], [89.092, 21.666], [89.092, 21.665], [89.092, 21.664], [89.093, 21.663], [89.093, 21.662], [89.093, 21.661], [89.093, 21.66], [89.094, 21.658], [89.094, 21.657], [89.094, 21.656], [89.095, 21.654], [89.095, 21.653], [89.095, 21.652], [89.095, 21.65], [89.095, 21.646], [89.095, 21.643], [89.094, 21.641], [89.094, 21.64], [89.093, 21.638], [89.093, 21.637], [89.091, 21.636], [89.091, 21.634], [89.09, 21.634], [89.089, 21.633], [89.088, 21.632], [89.086, 21.631], [89.085, 21.63], [89.083, 21.631], [89.084, 21.632], [89.085, 21.633], [89.085, 21.634], [89.083, 21.634], [89.082, 21.633], [89.082, 21.632], [89.082, 21.631], [89.082, 21.63], [89.082, 21.628], [89.082, 21.627], [89.08, 21.626], [89.079, 21.626], [89.078, 21.625], [89.076, 21.625], [89.075, 21.624], [89.074, 21.624], [89.073, 21.623], [89.072, 21.622], [89.069, 21.622], [89.068, 21.62], [89.065, 21.62], [89.062, 21.618], [89.061, 21.618], [89.059, 21.619], [89.058, 21.618], [89.055, 21.618], [89.053, 21.618], [89.052, 21.618], [89.051, 21.618], [89.05, 21.619], [89.049, 21.62], [89.048, 21.622], [89.045, 21.623], [89.044, 21.625], [89.042, 21.626], [89.041, 21.628], [89.04, 21.629], [89.038, 21.63], [89.038, 21.631], [89.036, 21.632], [89.035, 21.633], [89.034, 21.635], [89.035, 21.636], [89.036, 21.638], [89.037, 21.64], [89.037, 21.641], [89.036, 21.639], [89.035, 21.638], [89.034, 21.636], [89.033, 21.635], [89.033, 21.634], [89.029, 21.634], [89.028, 21.636], [89.029, 21.638], [89.028, 21.639], [89.028, 21.641], [89.027, 21.642], [89.026, 21.644], [89.027, 21.646], [89.027, 21.648], [89.028, 21.65], [89.028, 21.653], [89.027, 21.655], [89.026, 21.657], [89.028, 21.658], [89.031, 21.657], [89.032, 21.655], [89.032, 21.656], [89.03, 21.658], [89.028, 21.659], [89.025, 21.66], [89.023, 21.661], [89.021, 21.662], [89.021, 21.663], [89.022, 21.665], [89.023, 21.667], [89.023, 21.669], [89.024, 21.672], [89.023, 21.675], [89.024, 21.677], [89.024, 21.681], [89.025, 21.683], [89.026, 21.684], [89.026, 21.687], [89.026, 21.69], [89.025, 21.692], [89.025, 21.695], [89.023, 21.698], [89.022, 21.7], [89.019, 21.702], [89.017, 21.703], [89.014, 21.703], [89.012, 21.703], [89.01, 21.704], [89.011, 21.706], [89.012, 21.708], [89.013, 21.709], [89.016, 21.708], [89.02, 21.709], [89.022, 21.71], [89.023, 21.713], [89.023, 21.716], [89.025, 21.717], [89.027, 21.717], [89.029, 21.717], [89.031, 21.718], [89.033, 21.719], [89.034, 21.719], [89.036, 21.72], [89.039, 21.721], [89.04, 21.721], [89.043, 21.721], [89.044, 21.721], [89.045, 21.722], [89.048, 21.722], [89.05, 21.722], [89.055, 21.722], [89.058, 21.722], [89.059, 21.722]]], [[[88.978, 21.727], [88.98, 21.726], [88.982, 21.726], [88.984, 21.725], [88.986, 21.725], [88.987, 21.724], [88.989, 21.724], [88.99, 21.724], [88.992, 21.723], [88.994, 21.722], [88.995, 21.72], [88.996, 21.718], [88.998, 21.717], [89.0, 21.716], [89.002, 21.715], [89.004, 21.715], [89.006, 21.715], [89.008, 21.716], [89.009, 21.716], [89.011, 21.717], [89.013, 21.717], [89.015, 21.718], [89.017, 21.716], [89.019, 21.715], [89.021, 21.713], [89.019, 21.711], [89.018, 21.71], [89.016, 21.71], [89.014, 21.711], [89.012, 21.711], [89.011, 21.71], [89.009, 21.709], [89.008, 21.708], [89.008, 21.706], [89.007, 21.705], [89.008, 21.704], [89.008, 21.703], [89.01, 21.701], [89.012, 21.701], [89.015, 21.701], [89.017, 21.7], [89.019, 21.7], [89.021, 21.698], [89.021, 21.695], [89.022, 21.694], [89.022, 21.692], [89.023, 21.69], [89.024, 21.688], [89.023, 21.686], [89.023, 21.684], [89.022, 21.683], [89.022, 21.682], [89.021, 21.68], [89.021, 21.675], [89.021, 21.671], [89.021, 21.669], [89.02, 21.667], [89.019, 21.665], [89.018, 21.663], [89.018, 21.661], [89.015, 21.659], [89.014, 21.658], [89.013, 21.657], [89.012, 21.656], [89.01, 21.654], [89.008, 21.653], [89.007, 21.652], [89.002, 21.652], [89.0, 21.652], [88.998, 21.652], [88.997, 21.652], [88.995, 21.651], [88.993, 21.651], [88.992, 21.652], [88.991, 21.653], [88.99, 21.655], [88.99, 21.657], [88.99, 21.659], [88.99, 21.661], [88.989, 21.663], [88.99, 21.665], [88.991, 21.667], [88.993, 21.668], [88.994, 21.67], [88.995, 21.671], [88.996, 21.673], [88.995, 21.675], [88.995, 21.677], [88.995, 21.678], [88.994, 21.68], [88.993, 21.682], [88.994, 21.684], [88.994, 21.688], [88.994, 21.689], [88.993, 21.69], [88.993, 21.691], [88.992, 21.693], [88.992, 21.695], [88.992, 21.696], [88.993, 21.699], [88.992, 21.702], [88.992, 21.703], [88.991, 21.704], [88.989, 21.706], [88.983, 21.712], [88.982, 21.713], [88.981, 21.713], [88.979, 21.714], [88.978, 21.715], [88.976, 21.716], [88.975, 21.717], [88.972, 21.719], [88.971, 21.721], [88.972, 21.723], [88.974, 21.725], [88.976, 21.727], [88.977, 21.727], [88.978, 21.727]]], [[[88.546, 21.736], [88.547, 21.736], [88.549, 21.736], [88.552, 21.736], [88.554, 21.735], [88.556, 21.734], [88.557, 21.732], [88.559, 21.73], [88.56, 21.729], [88.562, 21.73], [88.563, 21.731], [88.566, 21.732], [88.567, 21.732], [88.57, 21.732], [88.571, 21.732], [88.571, 21.731], [88.572, 21.728], [88.573, 21.726], [88.573, 21.725], [88.574, 21.723], [88.575, 21.721], [88.576, 21.72], [88.577, 21.719], [88.578, 21.718], [88.58, 21.716], [88.582, 21.714], [88.584, 21.713], [88.586, 21.712], [88.587, 21.71], [88.588, 21.708], [88.588, 21.706], [88.587, 21.704], [88.587, 21.702], [88.586, 21.7], [88.587, 21.698], [88.587, 21.697], [88.589, 21.695], [88.59, 21.693], [88.591, 21.691], [88.589, 21.69], [88.587, 21.689], [88.586, 21.689], [88.584, 21.688], [88.582, 21.687], [88.581, 21.685], [88.58, 21.685], [88.579, 21.687], [88.579, 21.689], [88.579, 21.691], [88.578, 21.693], [88.576, 21.695], [88.574, 21.696], [88.573, 21.698], [88.572, 21.699], [88.571, 21.7], [88.57, 21.702], [88.57, 21.705], [88.571, 21.707], [88.57, 21.709], [88.57, 21.711], [88.569, 21.711], [88.567, 21.712], [88.565, 21.712], [88.563, 21.712], [88.561, 21.712], [88.56, 21.713], [88.559, 21.715], [88.559, 21.717], [88.558, 21.718], [88.557, 21.719], [88.556, 21.72], [88.555, 21.722], [88.554, 21.724], [88.552, 21.724], [88.55, 21.725], [88.548, 21.725], [88.545, 21.725], [88.543, 21.724], [88.544, 21.724], [88.545, 21.722], [88.546, 21.72], [88.546, 21.722], [88.546, 21.724], [88.548, 21.724], [88.55, 21.724], [88.551, 21.723], [88.553, 21.723], [88.554, 21.721], [88.556, 21.719], [88.557, 21.717], [88.558, 21.715], [88.559, 21.713], [88.56, 21.712], [88.562, 21.711], [88.565, 21.71], [88.567, 21.71], [88.568, 21.71], [88.569, 21.708], [88.569, 21.706], [88.569, 21.703], [88.569, 21.701], [88.57, 21.699], [88.571, 21.697], [88.572, 21.696], [88.574, 21.694], [88.573, 21.693], [88.57, 21.693], [88.568, 21.693], [88.567, 21.694], [88.567, 21.696], [88.568, 21.699], [88.567, 21.701], [88.567, 21.703], [88.566, 21.704], [88.564, 21.706], [88.562, 21.707], [88.559, 21.707], [88.557, 21.706], [88.555, 21.704], [88.553, 21.703], [88.554, 21.703], [88.556, 21.704], [88.557, 21.705], [88.559, 21.705], [88.561, 21.705], [88.564, 21.705], [88.565, 21.702], [88.566, 21.7], [88.566, 21.698], [88.566, 21.696], [88.566, 21.694], [88.566, 21.692], [88.565, 21.69], [88.565, 21.689], [88.566, 21.685], [88.566, 21.684], [88.567, 21.682], [88.567, 21.681], [88.568, 21.679], [88.569, 21.678], [88.569, 21.675], [88.569, 21.671], [88.569, 21.669], [88.568, 21.668], [88.568, 21.666], [88.567, 21.664], [88.564, 21.662], [88.563, 21.661], [88.562, 21.66], [88.561, 21.658], [88.559, 21.656], [88.556, 21.653], [88.555, 21.653], [88.554, 21.651], [88.554, 21.65], [88.553, 21.649], [88.552, 21.648], [88.552, 21.645], [88.551, 21.641], [88.552, 21.638], [88.551, 21.637], [88.549, 21.636], [88.547, 21.637], [88.545, 21.638], [88.544, 21.638], [88.542, 21.639], [88.54, 21.641], [88.538, 21.642], [88.537, 21.644], [88.535, 21.646], [88.534, 21.647], [88.532, 21.649], [88.531, 21.651], [88.53, 21.652], [88.529, 21.654], [88.529, 21.655], [88.528, 21.656], [88.528, 21.658], [88.528, 21.66], [88.529, 21.661], [88.53, 21.662], [88.531, 21.663], [88.532, 21.665], [88.533, 21.667], [88.533, 21.669], [88.532, 21.672], [88.531, 21.674], [88.531, 21.676], [88.53, 21.678], [88.53, 21.681], [88.529, 21.683], [88.528, 21.684], [88.527, 21.686], [88.527, 21.688], [88.528, 21.689], [88.528, 21.691], [88.527, 21.693], [88.526, 21.694], [88.524, 21.696], [88.523, 21.697], [88.523, 21.697], [88.522, 21.699], [88.522, 21.7], [88.522, 21.701], [88.521, 21.704], [88.52, 21.706], [88.519, 21.706], [88.518, 21.707], [88.518, 21.709], [88.517, 21.711], [88.518, 21.713], [88.518, 21.714], [88.519, 21.715], [88.52, 21.717], [88.522, 21.717], [88.525, 21.717], [88.529, 21.72], [88.53, 21.721], [88.531, 21.722], [88.531, 21.723], [88.532, 21.725], [88.532, 21.727], [88.533, 21.729], [88.534, 21.73], [88.534, 21.731], [88.535, 21.732], [88.537, 21.734], [88.539, 21.735], [88.542, 21.736], [88.544, 21.736], [88.546, 21.736]]], [[[88.196, 21.724], [88.195, 21.726], [88.196, 21.727], [88.196, 21.729], [88.196, 21.73], [88.197, 21.731], [88.198, 21.732], [88.199, 21.734], [88.2, 21.735], [88.201, 21.736], [88.201, 21.737], [88.202, 21.735], [88.201, 21.733], [88.201, 21.731], [88.2, 21.729], [88.199, 21.728], [88.198, 21.727], [88.197, 21.726], [88.196, 21.725], [88.196, 21.724]]], [[[88.883, 21.745], [88.884, 21.745], [88.886, 21.743], [88.888, 21.742], [88.889, 21.742], [88.891, 21.741], [88.892, 21.74], [88.894, 21.739], [88.896, 21.738], [88.897, 21.737], [88.898, 21.736], [88.901, 21.733], [88.906, 21.729], [88.908, 21.729], [88.909, 21.728], [88.911, 21.728], [88.914, 21.725], [88.914, 21.723], [88.915, 21.721], [88.915, 21.72], [88.915, 21.718], [88.916, 21.716], [88.917, 21.715], [88.917, 21.714], [88.918, 21.712], [88.921, 21.71], [88.925, 21.707], [88.926, 21.706], [88.928, 21.705], [88.929, 21.704], [88.931, 21.704], [88.933, 21.703], [88.934, 21.703], [88.935, 21.702], [88.938, 21.7], [88.939, 21.698], [88.94, 21.696], [88.94, 21.695], [88.941, 21.694], [88.941, 21.692], [88.942, 21.69], [88.941, 21.685], [88.939, 21.682], [88.938, 21.678], [88.938, 21.675], [88.938, 21.674], [88.937, 21.672], [88.937, 21.671], [88.936, 21.67], [88.936, 21.668], [88.936, 21.666], [88.935, 21.665], [88.934, 21.663], [88.933, 21.661], [88.932, 21.659], [88.93, 21.656], [88.929, 21.654], [88.928, 21.652], [88.927, 21.65], [88.926, 21.647], [88.925, 21.643], [88.925, 21.641], [88.924, 21.639], [88.924, 21.636], [88.923, 21.634], [88.921, 21.632], [88.919, 21.632], [88.918, 21.634], [88.917, 21.636], [88.916, 21.636], [88.914, 21.637], [88.913, 21.639], [88.912, 21.641], [88.911, 21.641], [88.909, 21.643], [88.907, 21.645], [88.906, 21.647], [88.905, 21.648], [88.9, 21.653], [88.899, 21.653], [88.896, 21.652], [88.894, 21.653], [88.891, 21.656], [88.889, 21.657], [88.887, 21.659], [88.887, 21.66], [88.886, 21.662], [88.885, 21.663], [88.884, 21.665], [88.885, 21.666], [88.886, 21.668], [88.886, 21.67], [88.885, 21.673], [88.885, 21.675], [88.884, 21.677], [88.883, 21.679], [88.883, 21.681], [88.882, 21.682], [88.882, 21.683], [88.881, 21.685], [88.88, 21.687], [88.879, 21.689], [88.878, 21.688], [88.876, 21.691], [88.875, 21.693], [88.873, 21.698], [88.872, 21.699], [88.872, 21.705], [88.872, 21.708], [88.872, 21.71], [88.872, 21.712], [88.872, 21.714], [88.872, 21.715], [88.873, 21.717], [88.873, 21.719], [88.873, 21.721], [88.874, 21.723], [88.874, 21.724], [88.875, 21.726], [88.876, 21.728], [88.877, 21.729], [88.878, 21.731], [88.878, 21.733], [88.879, 21.735], [88.879, 21.737], [88.88, 21.738], [88.88, 21.74], [88.881, 21.743], [88.881, 21.744], [88.883, 21.745]]], [[[88.412, 21.731], [88.414, 21.729], [88.416, 21.727], [88.417, 21.725], [88.418, 21.724], [88.419, 21.722], [88.42, 21.72], [88.422, 21.719], [88.423, 21.717], [88.423, 21.715], [88.425, 21.709], [88.428, 21.704], [88.428, 21.701], [88.427, 21.7], [88.424, 21.699], [88.423, 21.699], [88.422, 21.698], [88.42, 21.698], [88.42, 21.697], [88.413, 21.691], [88.413, 21.688], [88.412, 21.686], [88.411, 21.684], [88.412, 21.68], [88.412, 21.677], [88.413, 21.675], [88.413, 21.673], [88.414, 21.671], [88.412, 21.668], [88.412, 21.666], [88.412, 21.664], [88.412, 21.662], [88.411, 21.66], [88.411, 21.658], [88.412, 21.657], [88.412, 21.655], [88.413, 21.652], [88.414, 21.651], [88.415, 21.649], [88.416, 21.647], [88.417, 21.646], [88.418, 21.644], [88.421, 21.643], [88.422, 21.642], [88.423, 21.641], [88.425, 21.64], [88.426, 21.638], [88.427, 21.636], [88.428, 21.635], [88.429, 21.634], [88.43, 21.633], [88.43, 21.632], [88.431, 21.63], [88.432, 21.628], [88.432, 21.627], [88.431, 21.624], [88.43, 21.623], [88.429, 21.622], [88.427, 21.621], [88.425, 21.62], [88.424, 21.62], [88.421, 21.619], [88.419, 21.62], [88.418, 21.62], [88.416, 21.62], [88.416, 21.621], [88.414, 21.621], [88.413, 21.623], [88.412, 21.619], [88.41, 21.619], [88.408, 21.616], [88.408, 21.614], [88.408, 21.613], [88.408, 21.612], [88.407, 21.611], [88.407, 21.609], [88.406, 21.608], [88.406, 21.606], [88.406, 21.604], [88.406, 21.602], [88.407, 21.601], [88.407, 21.6], [88.405, 21.597], [88.403, 21.598], [88.403, 21.597], [88.4, 21.596], [88.398, 21.596], [88.398, 21.597], [88.397, 21.599], [88.395, 21.602], [88.393, 21.604], [88.392, 21.607], [88.389, 21.608], [88.387, 21.611], [88.387, 21.613], [88.388, 21.615], [88.388, 21.617], [88.389, 21.618], [88.39, 21.62], [88.39, 21.622], [88.389, 21.624], [88.388, 21.626], [88.386, 21.627], [88.385, 21.627], [88.384, 21.629], [88.383, 21.63], [88.383, 21.633], [88.384, 21.634], [88.383, 21.636], [88.385, 21.638], [88.385, 21.641], [88.386, 21.643], [88.387, 21.645], [88.387, 21.647], [88.387, 21.649], [88.386, 21.651], [88.386, 21.652], [88.385, 21.654], [88.385, 21.656], [88.384, 21.658], [88.383, 21.659], [88.382, 21.661], [88.381, 21.662], [88.382, 21.664], [88.383, 21.666], [88.382, 21.67], [88.382, 21.671], [88.381, 21.672], [88.38, 21.673], [88.38, 21.675], [88.38, 21.677], [88.38, 21.679], [88.38, 21.681], [88.381, 21.682], [88.382, 21.684], [88.383, 21.686], [88.386, 21.688], [88.387, 21.689], [88.388, 21.69], [88.39, 21.692], [88.392, 21.693], [88.393, 21.694], [88.395, 21.695], [88.397, 21.697], [88.399, 21.698], [88.4, 21.7], [88.401, 21.702], [88.401, 21.703], [88.402, 21.704], [88.403, 21.706], [88.403, 21.708], [88.404, 21.709], [88.404, 21.711], [88.404, 21.712], [88.404, 21.715], [88.404, 21.717], [88.403, 21.718], [88.402, 21.72], [88.4, 21.722], [88.398, 21.723], [88.397, 21.724], [88.395, 21.725], [88.393, 21.726], [88.39, 21.726], [88.388, 21.726], [88.385, 21.726], [88.382, 21.726], [88.38, 21.725], [88.377, 21.725], [88.376, 21.725], [88.374, 21.724], [88.372, 21.724], [88.371, 21.724], [88.37, 21.724], [88.369, 21.726], [88.369, 21.728], [88.37, 21.729], [88.372, 21.73], [88.374, 21.73], [88.376, 21.731], [88.378, 21.731], [88.381, 21.732], [88.383, 21.732], [88.385, 21.733], [88.387, 21.734], [88.388, 21.735], [88.388, 21.736], [88.39, 21.738], [88.391, 21.739], [88.392, 21.741], [88.392, 21.743], [88.392, 21.744], [88.392, 21.746], [88.393, 21.748], [88.393, 21.749], [88.394, 21.751], [88.394, 21.753], [88.395, 21.755], [88.397, 21.754], [88.4, 21.753], [88.401, 21.751], [88.401, 21.748], [88.401, 21.746], [88.4, 21.745], [88.4, 21.743], [88.4, 21.742], [88.401, 21.74], [88.401, 21.739], [88.402, 21.738], [88.404, 21.736], [88.406, 21.736], [88.408, 21.735], [88.41, 21.734], [88.411, 21.733], [88.412, 21.731]]], [[[88.221, 21.762], [88.224, 21.762], [88.227, 21.762], [88.229, 21.762], [88.232, 21.761], [88.234, 21.76], [88.236, 21.759], [88.239, 21.759], [88.242, 21.758], [88.244, 21.758], [88.246, 21.757], [88.248, 21.757], [88.25, 21.757], [88.252, 21.756], [88.254, 21.756], [88.257, 21.756], [88.26, 21.756], [88.263, 21.756], [88.265, 21.755], [88.267, 21.756], [88.269, 21.755], [88.271, 21.755], [88.272, 21.753], [88.272, 21.751], [88.271, 21.75], [88.271, 21.748], [88.27, 21.747], [88.269, 21.745], [88.268, 21.743], [88.268, 21.742], [88.267, 21.741], [88.266, 21.739], [88.265, 21.738], [88.264, 21.736], [88.263, 21.735], [88.262, 21.734], [88.261, 21.732], [88.262, 21.73], [88.263, 21.729], [88.265, 21.728], [88.268, 21.728], [88.269, 21.728], [88.27, 21.728], [88.273, 21.728], [88.275, 21.727], [88.277, 21.725], [88.277, 21.724], [88.277, 21.723], [88.277, 21.72], [88.278, 21.718], [88.279, 21.716], [88.28, 21.714], [88.281, 21.713], [88.282, 21.712], [88.283, 21.711], [88.284, 21.709], [88.284, 21.708], [88.285, 21.706], [88.286, 21.705], [88.288, 21.704], [88.289, 21.702], [88.291, 21.7], [88.296, 21.696], [88.297, 21.693], [88.299, 21.691], [88.301, 21.69], [88.302, 21.688], [88.304, 21.686], [88.305, 21.684], [88.306, 21.683], [88.307, 21.681], [88.309, 21.679], [88.309, 21.678], [88.31, 21.676], [88.31, 21.675], [88.311, 21.674], [88.312, 21.672], [88.311, 21.67], [88.31, 21.668], [88.309, 21.667], [88.309, 21.665], [88.308, 21.664], [88.306, 21.661], [88.305, 21.659], [88.304, 21.657], [88.303, 21.656], [88.302, 21.655], [88.301, 21.653], [88.3, 21.651], [88.3, 21.65], [88.298, 21.649], [88.294, 21.649], [88.295, 21.648], [88.297, 21.648], [88.299, 21.647], [88.298, 21.646], [88.297, 21.645], [88.296, 21.643], [88.296, 21.642], [88.296, 21.64], [88.295, 21.639], [88.294, 21.638], [88.294, 21.636], [88.293, 21.634], [88.293, 21.632], [88.291, 21.63], [88.29, 21.629], [88.289, 21.625], [88.288, 21.623], [88.289, 21.621], [88.289, 21.62], [88.289, 21.618], [88.288, 21.617], [88.289, 21.615], [88.288, 21.614], [88.289, 21.612], [88.29, 21.61], [88.289, 21.606], [88.288, 21.605], [88.287, 21.604], [88.287, 21.602], [88.288, 21.6], [88.289, 21.598], [88.289, 21.596], [88.29, 21.596], [88.292, 21.596], [88.293, 21.596], [88.294, 21.595], [88.296, 21.593], [88.298, 21.592], [88.301, 21.589], [88.304, 21.587], [88.305, 21.585], [88.306, 21.582], [88.306, 21.58], [88.305, 21.579], [88.303, 21.576], [88.302, 21.574], [88.301, 21.573], [88.299, 21.57], [88.297, 21.568], [88.295, 21.566], [88.294, 21.565], [88.292, 21.563], [88.29, 21.565], [88.29, 21.566], [88.288, 21.567], [88.288, 21.565], [88.285, 21.562], [88.284, 21.561], [88.283, 21.561], [88.28, 21.56], [88.279, 21.56], [88.277, 21.559], [88.276, 21.559], [88.273, 21.559], [88.272, 21.558], [88.271, 21.558], [88.266, 21.558], [88.264, 21.56], [88.26, 21.56], [88.257, 21.56], [88.255, 21.561], [88.253, 21.562], [88.252, 21.562], [88.248, 21.564], [88.244, 21.568], [88.243, 21.569], [88.242, 21.571], [88.241, 21.572], [88.241, 21.573], [88.241, 21.576], [88.241, 21.577], [88.243, 21.579], [88.244, 21.581], [88.245, 21.582], [88.245, 21.584], [88.245, 21.591], [88.243, 21.594], [88.243, 21.596], [88.242, 21.597], [88.24, 21.599], [88.239, 21.6], [88.239, 21.601], [88.237, 21.604], [88.236, 21.605], [88.233, 21.608], [88.231, 21.61], [88.23, 21.61], [88.226, 21.612], [88.224, 21.612], [88.222, 21.613], [88.22, 21.615], [88.218, 21.615], [88.217, 21.616], [88.217, 21.619], [88.218, 21.621], [88.22, 21.622], [88.221, 21.624], [88.223, 21.626], [88.225, 21.628], [88.227, 21.629], [88.229, 21.63], [88.231, 21.631], [88.232, 21.633], [88.233, 21.634], [88.235, 21.635], [88.235, 21.637], [88.236, 21.64], [88.236, 21.642], [88.237, 21.644], [88.237, 21.646], [88.236, 21.648], [88.235, 21.65], [88.234, 21.652], [88.233, 21.654], [88.232, 21.655], [88.231, 21.657], [88.232, 21.659], [88.232, 21.662], [88.233, 21.664], [88.233, 21.666], [88.232, 21.669], [88.231, 21.671], [88.228, 21.674], [88.223, 21.676], [88.221, 21.676], [88.219, 21.676], [88.217, 21.675], [88.215, 21.674], [88.214, 21.674], [88.212, 21.674], [88.21, 21.674], [88.208, 21.674], [88.206, 21.675], [88.204, 21.676], [88.203, 21.678], [88.201, 21.679], [88.2, 21.681], [88.199, 21.683], [88.199, 21.685], [88.198, 21.687], [88.198, 21.689], [88.2, 21.691], [88.201, 21.691], [88.203, 21.692], [88.207, 21.692], [88.209, 21.693], [88.211, 21.694], [88.213, 21.694], [88.214, 21.695], [88.216, 21.695], [88.218, 21.697], [88.219, 21.698], [88.22, 21.7], [88.221, 21.702], [88.221, 21.705], [88.22, 21.707], [88.22, 21.709], [88.218, 21.711], [88.217, 21.712], [88.216, 21.714], [88.215, 21.715], [88.214, 21.716], [88.213, 21.717], [88.212, 21.719], [88.212, 21.721], [88.212, 21.723], [88.211, 21.725], [88.211, 21.727], [88.212, 21.728], [88.212, 21.73], [88.212, 21.732], [88.213, 21.734], [88.213, 21.735], [88.214, 21.737], [88.214, 21.739], [88.215, 21.741], [88.214, 21.743], [88.215, 21.745], [88.214, 21.748], [88.215, 21.75], [88.214, 21.751], [88.214, 21.753], [88.215, 21.755], [88.215, 21.757], [88.216, 21.758], [88.216, 21.761], [88.217, 21.762], [88.219, 21.762], [88.221, 21.762]]], [[[88.927, 21.762], [88.929, 21.762], [88.931, 21.762], [88.934, 21.762], [88.935, 21.761], [88.937, 21.761], [88.939, 21.76], [88.941, 21.759], [88.942, 21.759], [88.944, 21.758], [88.946, 21.758], [88.948, 21.758], [88.949, 21.757], [88.951, 21.756], [88.952, 21.755], [88.954, 21.754], [88.956, 21.754], [88.957, 21.754], [88.958, 21.754], [88.96, 21.754], [88.961, 21.753], [88.964, 21.752], [88.965, 21.75], [88.965, 21.749], [88.965, 21.747], [88.965, 21.745], [88.965, 21.742], [88.966, 21.741], [88.968, 21.739], [88.97, 21.739], [88.972, 21.739], [88.973, 21.74], [88.975, 21.741], [88.976, 21.742], [88.979, 21.743], [88.981, 21.745], [88.983, 21.746], [88.985, 21.746], [88.987, 21.745], [88.988, 21.743], [88.988, 21.742], [88.987, 21.74], [88.985, 21.739], [88.983, 21.737], [88.982, 21.736], [88.98, 21.736], [88.978, 21.735], [88.977, 21.734], [88.976, 21.732], [88.975, 21.73], [88.973, 21.728], [88.971, 21.725], [88.97, 21.723], [88.97, 21.719], [88.97, 21.718], [88.972, 21.716], [88.974, 21.714], [88.976, 21.713], [88.978, 21.712], [88.981, 21.71], [88.983, 21.707], [88.983, 21.706], [88.981, 21.705], [88.979, 21.704], [88.978, 21.704], [88.977, 21.702], [88.975, 21.701], [88.974, 21.699], [88.973, 21.699], [88.971, 21.699], [88.969, 21.701], [88.968, 21.701], [88.967, 21.702], [88.96, 21.702], [88.959, 21.702], [88.957, 21.702], [88.955, 21.703], [88.953, 21.703], [88.952, 21.703], [88.95, 21.703], [88.948, 21.704], [88.946, 21.706], [88.944, 21.707], [88.943, 21.708], [88.942, 21.709], [88.94, 21.71], [88.939, 21.711], [88.938, 21.711], [88.937, 21.712], [88.935, 21.713], [88.933, 21.714], [88.932, 21.715], [88.931, 21.716], [88.929, 21.716], [88.928, 21.717], [88.927, 21.718], [88.926, 21.718], [88.924, 21.719], [88.923, 21.719], [88.923, 21.72], [88.923, 21.722], [88.924, 21.723], [88.925, 21.725], [88.927, 21.727], [88.928, 21.73], [88.929, 21.732], [88.93, 21.733], [88.93, 21.735], [88.931, 21.737], [88.93, 21.738], [88.93, 21.74], [88.93, 21.742], [88.93, 21.745], [88.929, 21.747], [88.929, 21.749], [88.928, 21.75], [88.928, 21.752], [88.927, 21.754], [88.927, 21.755], [88.926, 21.756], [88.925, 21.758], [88.924, 21.759], [88.922, 21.761], [88.923, 21.763], [88.926, 21.762], [88.927, 21.762]]], [[[88.365, 21.764], [88.367, 21.764], [88.369, 21.764], [88.371, 21.763], [88.371, 21.761], [88.37, 21.759], [88.368, 21.757], [88.366, 21.756], [88.366, 21.755], [88.365, 21.753], [88.363, 21.751], [88.362, 21.749], [88.361, 21.748], [88.36, 21.746], [88.36, 21.744], [88.36, 21.743], [88.361, 21.741], [88.361, 21.739], [88.36, 21.737], [88.36, 21.735], [88.36, 21.733], [88.361, 21.732], [88.363, 21.731], [88.364, 21.728], [88.364, 21.725], [88.365, 21.723], [88.366, 21.722], [88.368, 21.72], [88.37, 21.719], [88.371, 21.719], [88.372, 21.718], [88.374, 21.718], [88.376, 21.718], [88.378, 21.718], [88.38, 21.718], [88.383, 21.718], [88.384, 21.719], [88.389, 21.719], [88.391, 21.718], [88.394, 21.717], [88.396, 21.716], [88.397, 21.715], [88.398, 21.714], [88.395, 21.71], [88.394, 21.708], [88.393, 21.708], [88.392, 21.706], [88.39, 21.704], [88.389, 21.703], [88.387, 21.702], [88.385, 21.701], [88.383, 21.7], [88.38, 21.699], [88.379, 21.698], [88.378, 21.698], [88.377, 21.697], [88.375, 21.696], [88.372, 21.695], [88.372, 21.694], [88.37, 21.693], [88.369, 21.693], [88.367, 21.693], [88.366, 21.692], [88.366, 21.689], [88.365, 21.687], [88.364, 21.687], [88.362, 21.687], [88.361, 21.687], [88.359, 21.687], [88.357, 21.687], [88.355, 21.688], [88.354, 21.689], [88.352, 21.691], [88.35, 21.693], [88.349, 21.695], [88.348, 21.697], [88.347, 21.698], [88.346, 21.699], [88.344, 21.701], [88.343, 21.703], [88.341, 21.705], [88.339, 21.707], [88.339, 21.708], [88.338, 21.709], [88.338, 21.711], [88.338, 21.713], [88.34, 21.715], [88.342, 21.716], [88.343, 21.717], [88.345, 21.718], [88.346, 21.719], [88.347, 21.72], [88.347, 21.721], [88.348, 21.723], [88.349, 21.726], [88.348, 21.732], [88.346, 21.737], [88.345, 21.738], [88.345, 21.74], [88.344, 21.742], [88.343, 21.744], [88.343, 21.746], [88.343, 21.748], [88.343, 21.75], [88.343, 21.753], [88.343, 21.755], [88.344, 21.757], [88.345, 21.757], [88.346, 21.759], [88.347, 21.761], [88.35, 21.762], [88.352, 21.764], [88.354, 21.764], [88.356, 21.764], [88.358, 21.764], [88.36, 21.764], [88.362, 21.764], [88.364, 21.764], [88.365, 21.764], [88.365, 21.764]]], [[[89.005, 21.765], [89.007, 21.765], [89.009, 21.765], [89.012, 21.765], [89.015, 21.764], [89.016, 21.763], [89.018, 21.762], [89.019, 21.761], [89.021, 21.759], [89.022, 21.758], [89.024, 21.757], [89.025, 21.757], [89.027, 21.756], [89.028, 21.754], [89.029, 21.753], [89.03, 21.752], [89.03, 21.751], [89.031, 21.75], [89.033, 21.748], [89.035, 21.746], [89.037, 21.743], [89.039, 21.742], [89.037, 21.741], [89.037, 21.74], [89.04, 21.74], [89.041, 21.739], [89.046, 21.736], [89.048, 21.735], [89.049, 21.734], [89.05, 21.733], [89.052, 21.732], [89.054, 21.731], [89.055, 21.73], [89.057, 21.729], [89.059, 21.726], [89.058, 21.725], [89.057, 21.724], [89.055, 21.724], [89.053, 21.724], [89.051, 21.723], [89.048, 21.723], [89.045, 21.723], [89.04, 21.723], [89.038, 21.723], [89.035, 21.722], [89.032, 21.721], [89.031, 21.722], [89.03, 21.724], [89.031, 21.721], [89.03, 21.72], [89.028, 21.72], [89.027, 21.719], [89.025, 21.719], [89.022, 21.718], [89.021, 21.717], [89.018, 21.718], [89.017, 21.72], [89.017, 21.722], [89.017, 21.724], [89.018, 21.726], [89.018, 21.728], [89.017, 21.73], [89.016, 21.732], [89.015, 21.734], [89.013, 21.736], [89.012, 21.737], [89.01, 21.739], [89.009, 21.74], [89.008, 21.742], [89.006, 21.743], [89.005, 21.745], [89.004, 21.746], [89.003, 21.748], [89.002, 21.749], [89.001, 21.753], [89.001, 21.755], [89.001, 21.758], [89.0, 21.76], [89.0, 21.763], [89.0, 21.764], [89.002, 21.765], [89.004, 21.765], [89.005, 21.765]]], [[[88.832, 21.766], [88.834, 21.766], [88.835, 21.765], [88.838, 21.765], [88.841, 21.765], [88.844, 21.764], [88.847, 21.764], [88.85, 21.763], [88.853, 21.763], [88.854, 21.762], [88.857, 21.762], [88.858, 21.762], [88.86, 21.762], [88.862, 21.761], [88.863, 21.761], [88.864, 21.761], [88.865, 21.756], [88.865, 21.755], [88.864, 21.754], [88.863, 21.752], [88.862, 21.75], [88.86, 21.749], [88.858, 21.748], [88.856, 21.746], [88.855, 21.745], [88.852, 21.742], [88.851, 21.741], [88.85, 21.74], [88.849, 21.738], [88.849, 21.737], [88.848, 21.735], [88.847, 21.733], [88.846, 21.732], [88.846, 21.731], [88.845, 21.729], [88.844, 21.727], [88.844, 21.726], [88.844, 21.724], [88.843, 21.723], [88.842, 21.721], [88.842, 21.719], [88.841, 21.718], [88.84, 21.716], [88.84, 21.714], [88.84, 21.708], [88.839, 21.707], [88.84, 21.705], [88.84, 21.704], [88.84, 21.702], [88.841, 21.699], [88.841, 21.696], [88.841, 21.694], [88.841, 21.692], [88.841, 21.688], [88.842, 21.687], [88.842, 21.683], [88.842, 21.682], [88.843, 21.68], [88.844, 21.678], [88.845, 21.676], [88.846, 21.674], [88.846, 21.672], [88.847, 21.67], [88.848, 21.668], [88.849, 21.666], [88.85, 21.664], [88.851, 21.662], [88.852, 21.661], [88.853, 21.659], [88.854, 21.658], [88.855, 21.656], [88.855, 21.655], [88.856, 21.653], [88.857, 21.652], [88.857, 21.65], [88.858, 21.649], [88.858, 21.647], [88.859, 21.645], [88.86, 21.643], [88.86, 21.641], [88.86, 21.638], [88.86, 21.636], [88.858, 21.635], [88.858, 21.634], [88.856, 21.632], [88.855, 21.631], [88.854, 21.629], [88.853, 21.628], [88.852, 21.627], [88.85, 21.627], [88.849, 21.629], [88.847, 21.63], [88.847, 21.628], [88.846, 21.627], [88.844, 21.627], [88.843, 21.628], [88.843, 21.632], [88.843, 21.634], [88.844, 21.636], [88.844, 21.639], [88.844, 21.642], [88.843, 21.644], [88.843, 21.645], [88.841, 21.646], [88.841, 21.647], [88.839, 21.648], [88.838, 21.649], [88.836, 21.649], [88.835, 21.649], [88.834, 21.65], [88.831, 21.651], [88.83, 21.651], [88.829, 21.65], [88.831, 21.65], [88.832, 21.649], [88.833, 21.649], [88.835, 21.648], [88.837, 21.647], [88.839, 21.647], [88.841, 21.645], [88.842, 21.644], [88.843, 21.642], [88.843, 21.641], [88.843, 21.639], [88.843, 21.637], [88.842, 21.635], [88.842, 21.633], [88.841, 21.631], [88.842, 21.629], [88.843, 21.626], [88.844, 21.625], [88.846, 21.624], [88.847, 21.622], [88.845, 21.62], [88.844, 21.62], [88.841, 21.62], [88.839, 21.621], [88.838, 21.621], [88.835, 21.622], [88.833, 21.623], [88.832, 21.623], [88.83, 21.624], [88.828, 21.624], [88.827, 21.626], [88.825, 21.627], [88.823, 21.628], [88.821, 21.628], [88.819, 21.629], [88.817, 21.629], [88.815, 21.629], [88.814, 21.631], [88.812, 21.633], [88.811, 21.634], [88.811, 21.635], [88.81, 21.637], [88.809, 21.638], [88.809, 21.64], [88.81, 21.641], [88.811, 21.643], [88.812, 21.645], [88.813, 21.646], [88.814, 21.648], [88.815, 21.649], [88.816, 21.651], [88.817, 21.652], [88.819, 21.655], [88.819, 21.656], [88.821, 21.658], [88.821, 21.659], [88.822, 21.662], [88.822, 21.664], [88.823, 21.67], [88.823, 21.671], [88.822, 21.673], [88.822, 21.674], [88.822, 21.676], [88.821, 21.677], [88.821, 21.679], [88.82, 21.68], [88.819, 21.682], [88.819, 21.684], [88.818, 21.685], [88.818, 21.687], [88.818, 21.689], [88.818, 21.691], [88.818, 21.692], [88.818, 21.696], [88.819, 21.697], [88.819, 21.699], [88.819, 21.702], [88.819, 21.704], [88.818, 21.706], [88.817, 21.707], [88.816, 21.709], [88.814, 21.711], [88.812, 21.712], [88.811, 21.713], [88.809, 21.714], [88.807, 21.715], [88.805, 21.716], [88.804, 21.717], [88.802, 21.716], [88.8, 21.716], [88.797, 21.715], [88.795, 21.715], [88.793, 21.714], [88.791, 21.713], [88.789, 21.713], [88.788, 21.712], [88.787, 21.711], [88.785, 21.71], [88.784, 21.71], [88.782, 21.709], [88.781, 21.708], [88.78, 21.707], [88.779, 21.706], [88.777, 21.705], [88.775, 21.703], [88.774, 21.702], [88.772, 21.701], [88.769, 21.7], [88.768, 21.699], [88.766, 21.699], [88.765, 21.699], [88.763, 21.7], [88.763, 21.703], [88.764, 21.705], [88.766, 21.706], [88.767, 21.707], [88.769, 21.707], [88.771, 21.708], [88.773, 21.709], [88.774, 21.71], [88.776, 21.711], [88.778, 21.712], [88.779, 21.713], [88.78, 21.714], [88.781, 21.716], [88.782, 21.717], [88.783, 21.719], [88.783, 21.722], [88.783, 21.724], [88.782, 21.726], [88.782, 21.728], [88.78, 21.73], [88.781, 21.732], [88.782, 21.733], [88.786, 21.733], [88.788, 21.734], [88.789, 21.734], [88.791, 21.734], [88.792, 21.735], [88.793, 21.736], [88.793, 21.737], [88.792, 21.739], [88.791, 21.739], [88.788, 21.74], [88.787, 21.741], [88.787, 21.742], [88.789, 21.743], [88.79, 21.745], [88.79, 21.746], [88.791, 21.748], [88.791, 21.749], [88.792, 21.749], [88.793, 21.748], [88.795, 21.747], [88.797, 21.747], [88.8, 21.747], [88.803, 21.747], [88.805, 21.747], [88.806, 21.748], [88.809, 21.748], [88.81, 21.749], [88.811, 21.75], [88.813, 21.751], [88.815, 21.752], [88.817, 21.754], [88.818, 21.755], [88.82, 21.756], [88.821, 21.757], [88.822, 21.758], [88.823, 21.76], [88.824, 21.761], [88.826, 21.762], [88.827, 21.763], [88.829, 21.764], [88.831, 21.765], [88.832, 21.766]]], [[[88.385, 21.764], [88.387, 21.763], [88.388, 21.762], [88.39, 21.759], [88.388, 21.749], [88.388, 21.743], [88.387, 21.741], [88.385, 21.739], [88.383, 21.738], [88.381, 21.737], [88.378, 21.737], [88.376, 21.738], [88.375, 21.737], [88.374, 21.737], [88.371, 21.736], [88.368, 21.735], [88.368, 21.734], [88.366, 21.733], [88.364, 21.732], [88.364, 21.732], [88.362, 21.732], [88.361, 21.734], [88.361, 21.736], [88.362, 21.738], [88.362, 21.741], [88.361, 21.743], [88.361, 21.745], [88.361, 21.747], [88.363, 21.749], [88.366, 21.752], [88.367, 21.753], [88.367, 21.754], [88.368, 21.756], [88.369, 21.757], [88.371, 21.759], [88.372, 21.76], [88.372, 21.763], [88.374, 21.764], [88.376, 21.765], [88.378, 21.766], [88.38, 21.767], [88.382, 21.767], [88.384, 21.765], [88.385, 21.764]]], [[[88.201, 21.769], [88.201, 21.767], [88.202, 21.765], [88.202, 21.764], [88.202, 21.763], [88.202, 21.761], [88.199, 21.759], [88.196, 21.758], [88.195, 21.759], [88.194, 21.76], [88.194, 21.762], [88.194, 21.764], [88.196, 21.766], [88.198, 21.768], [88.2, 21.769], [88.201, 21.769]]], [[[88.283, 21.765], [88.281, 21.767], [88.281, 21.769], [88.283, 21.767], [88.283, 21.766], [88.283, 21.765]]], [[[88.582, 21.778], [88.584, 21.777], [88.584, 21.776], [88.585, 21.766], [88.584, 21.764], [88.584, 21.762], [88.584, 21.761], [88.584, 21.759], [88.584, 21.757], [88.585, 21.755], [88.586, 21.753], [88.588, 21.752], [88.59, 21.751], [88.592, 21.75], [88.594, 21.749], [88.596, 21.748], [88.598, 21.747], [88.601, 21.746], [88.603, 21.745], [88.605, 21.744], [88.608, 21.744], [88.61, 21.743], [88.612, 21.743], [88.614, 21.741], [88.615, 21.741], [88.617, 21.74], [88.619, 21.739], [88.621, 21.737], [88.621, 21.734], [88.62, 21.732], [88.619, 21.731], [88.618, 21.729], [88.616, 21.727], [88.614, 21.727], [88.612, 21.726], [88.611, 21.726], [88.609, 21.725], [88.608, 21.725], [88.606, 21.724], [88.603, 21.724], [88.601, 21.724], [88.599, 21.723], [88.597, 21.722], [88.596, 21.721], [88.594, 21.72], [88.592, 21.719], [88.591, 21.72], [88.589, 21.721], [88.587, 21.722], [88.585, 21.723], [88.583, 21.723], [88.581, 21.724], [88.58, 21.725], [88.58, 21.726], [88.58, 21.728], [88.58, 21.729], [88.581, 21.73], [88.581, 21.732], [88.582, 21.734], [88.582, 21.735], [88.583, 21.736], [88.583, 21.738], [88.584, 21.741], [88.584, 21.743], [88.584, 21.744], [88.584, 21.746], [88.584, 21.748], [88.583, 21.749], [88.583, 21.751], [88.582, 21.752], [88.581, 21.754], [88.58, 21.756], [88.579, 21.758], [88.577, 21.759], [88.576, 21.761], [88.575, 21.762], [88.573, 21.764], [88.572, 21.765], [88.571, 21.767], [88.569, 21.769], [88.569, 21.77], [88.571, 21.771], [88.572, 21.772], [88.574, 21.773], [88.576, 21.774], [88.577, 21.776], [88.579, 21.777], [88.58, 21.777], [88.582, 21.778], [88.582, 21.778]]], [[[88.302, 21.725], [88.302, 21.723], [88.301, 21.721], [88.301, 21.72], [88.301, 21.718], [88.301, 21.716], [88.301, 21.714], [88.301, 21.713], [88.301, 21.712], [88.302, 21.71], [88.301, 21.708], [88.3, 21.707], [88.298, 21.706], [88.297, 21.706], [88.295, 21.707], [88.293, 21.709], [88.292, 21.71], [88.291, 21.711], [88.289, 21.713], [88.288, 21.715], [88.287, 21.717], [88.286, 21.719], [88.285, 21.72], [88.284, 21.722], [88.282, 21.724], [88.281, 21.726], [88.278, 21.728], [88.278, 21.73], [88.277, 21.732], [88.277, 21.734], [88.277, 21.738], [88.278, 21.74], [88.279, 21.742], [88.28, 21.743], [88.281, 21.744], [88.281, 21.745], [88.282, 21.747], [88.283, 21.749], [88.284, 21.75], [88.285, 21.752], [88.286, 21.754], [88.286, 21.756], [88.286, 21.758], [88.286, 21.761], [88.286, 21.763], [88.287, 21.765], [88.286, 21.767], [88.286, 21.769], [88.287, 21.771], [88.287, 21.773], [88.288, 21.775], [88.288, 21.777], [88.289, 21.778], [88.291, 21.777], [88.292, 21.776], [88.294, 21.774], [88.295, 21.772], [88.296, 21.771], [88.297, 21.769], [88.298, 21.768], [88.299, 21.767], [88.299, 21.765], [88.3, 21.764], [88.3, 21.763], [88.301, 21.761], [88.301, 21.759], [88.302, 21.758], [88.302, 21.756], [88.303, 21.754], [88.303, 21.752], [88.303, 21.75], [88.304, 21.748], [88.304, 21.746], [88.304, 21.745], [88.304, 21.743], [88.305, 21.74], [88.305, 21.738], [88.305, 21.736], [88.306, 21.734], [88.305, 21.731], [88.304, 21.729], [88.304, 21.728], [88.304, 21.727], [88.303, 21.725], [88.302, 21.725]]], [[[88.505, 21.783], [88.503, 21.781], [88.502, 21.781], [88.501, 21.782], [88.502, 21.783], [88.502, 21.784], [88.503, 21.786], [88.505, 21.787], [88.506, 21.788], [88.506, 21.785], [88.505, 21.783]]], [[[89.0, 21.785], [89.001, 21.785], [89.004, 21.784], [89.006, 21.784], [89.008, 21.783], [89.01, 21.782], [89.011, 21.781], [89.012, 21.78], [89.011, 21.778], [89.009, 21.777], [89.007, 21.776], [89.005, 21.775], [89.004, 21.775], [89.002, 21.774], [89.0, 21.773], [88.999, 21.772], [88.997, 21.771], [88.997, 21.768], [88.997, 21.767], [88.997, 21.764], [88.997, 21.762], [88.998, 21.76], [88.998, 21.758], [88.999, 21.756], [88.999, 21.755], [88.999, 21.754], [88.999, 21.751], [89.0, 21.75], [89.001, 21.747], [89.001, 21.746], [89.002, 21.745], [89.003, 21.744], [89.004, 21.742], [89.005, 21.741], [89.007, 21.739], [89.008, 21.738], [89.009, 21.737], [89.011, 21.736], [89.012, 21.735], [89.013, 21.733], [89.014, 21.732], [89.015, 21.728], [89.015, 21.726], [89.015, 21.723], [89.015, 21.72], [89.014, 21.719], [89.013, 21.718], [89.011, 21.718], [89.009, 21.718], [89.007, 21.717], [89.005, 21.716], [89.003, 21.716], [89.001, 21.717], [88.999, 21.718], [88.997, 21.72], [88.994, 21.723], [88.994, 21.723], [88.992, 21.724], [88.99, 21.725], [88.988, 21.726], [88.987, 21.726], [88.985, 21.727], [88.982, 21.727], [88.98, 21.728], [88.978, 21.728], [88.977, 21.73], [88.978, 21.732], [88.98, 21.733], [88.981, 21.734], [88.982, 21.735], [88.984, 21.736], [88.985, 21.737], [88.987, 21.738], [88.988, 21.739], [88.989, 21.741], [88.989, 21.743], [88.989, 21.744], [88.989, 21.746], [88.987, 21.747], [88.986, 21.747], [88.984, 21.748], [88.983, 21.748], [88.981, 21.747], [88.98, 21.746], [88.978, 21.745], [88.977, 21.744], [88.975, 21.743], [88.973, 21.742], [88.972, 21.741], [88.971, 21.74], [88.969, 21.741], [88.968, 21.741], [88.967, 21.742], [88.966, 21.745], [88.966, 21.746], [88.967, 21.749], [88.966, 21.751], [88.965, 21.753], [88.964, 21.754], [88.962, 21.755], [88.96, 21.755], [88.958, 21.756], [88.954, 21.756], [88.953, 21.756], [88.951, 21.758], [88.953, 21.76], [88.955, 21.76], [88.957, 21.761], [88.958, 21.762], [88.962, 21.765], [88.963, 21.766], [88.964, 21.768], [88.965, 21.769], [88.966, 21.771], [88.968, 21.773], [88.97, 21.773], [88.971, 21.773], [88.973, 21.773], [88.975, 21.774], [88.976, 21.776], [88.977, 21.777], [88.979, 21.779], [88.98, 21.78], [88.981, 21.781], [88.982, 21.782], [88.984, 21.784], [88.985, 21.785], [88.986, 21.786], [88.987, 21.788], [88.989, 21.789], [88.991, 21.788], [88.993, 21.788], [88.995, 21.787], [88.997, 21.786], [88.998, 21.786], [89.0, 21.785]]], [[[88.61, 21.79], [88.612, 21.789], [88.614, 21.789], [88.617, 21.786], [88.617, 21.783], [88.619, 21.782], [88.62, 21.781], [88.621, 21.779], [88.621, 21.778], [88.622, 21.776], [88.622, 21.775], [88.624, 21.772], [88.624, 21.769], [88.624, 21.766], [88.624, 21.765], [88.625, 21.763], [88.625, 21.762], [88.626, 21.76], [88.627, 21.758], [88.628, 21.756], [88.629, 21.754], [88.629, 21.75], [88.629, 21.748], [88.63, 21.746], [88.631, 21.744], [88.631, 21.742], [88.63, 21.74], [88.629, 21.738], [88.628, 21.737], [88.627, 21.735], [88.628, 21.733], [88.628, 21.732], [88.627, 21.73], [88.626, 21.728], [88.625, 21.727], [88.624, 21.725], [88.622, 21.722], [88.62, 21.719], [88.62, 21.718], [88.619, 21.717], [88.617, 21.716], [88.616, 21.715], [88.614, 21.712], [88.612, 21.71], [88.61, 21.709], [88.608, 21.708], [88.606, 21.71], [88.605, 21.71], [88.604, 21.71], [88.602, 21.711], [88.601, 21.713], [88.599, 21.714], [88.599, 21.716], [88.601, 21.718], [88.603, 21.718], [88.605, 21.719], [88.608, 21.72], [88.609, 21.72], [88.61, 21.721], [88.611, 21.721], [88.613, 21.722], [88.614, 21.723], [88.615, 21.723], [88.616, 21.724], [88.617, 21.724], [88.619, 21.725], [88.621, 21.727], [88.622, 21.729], [88.622, 21.73], [88.623, 21.731], [88.623, 21.736], [88.623, 21.737], [88.622, 21.738], [88.62, 21.741], [88.615, 21.745], [88.606, 21.747], [88.602, 21.748], [88.599, 21.75], [88.597, 21.751], [88.595, 21.752], [88.594, 21.753], [88.592, 21.753], [88.59, 21.754], [88.588, 21.754], [88.587, 21.756], [88.586, 21.757], [88.587, 21.759], [88.587, 21.761], [88.588, 21.763], [88.588, 21.765], [88.588, 21.768], [88.588, 21.771], [88.588, 21.774], [88.589, 21.777], [88.589, 21.779], [88.59, 21.78], [88.59, 21.781], [88.591, 21.783], [88.592, 21.785], [88.593, 21.786], [88.595, 21.787], [88.597, 21.788], [88.598, 21.788], [88.599, 21.789], [88.602, 21.79], [88.605, 21.79], [88.61, 21.79]]], [[[88.274, 21.791], [88.277, 21.791], [88.279, 21.79], [88.282, 21.79], [88.284, 21.789], [88.286, 21.787], [88.287, 21.785], [88.288, 21.784], [88.288, 21.781], [88.287, 21.779], [88.286, 21.778], [88.286, 21.777], [88.285, 21.775], [88.284, 21.773], [88.284, 21.771], [88.283, 21.769], [88.282, 21.77], [88.28, 21.772], [88.278, 21.773], [88.277, 21.774], [88.276, 21.774], [88.274, 21.776], [88.273, 21.777], [88.272, 21.778], [88.271, 21.78], [88.27, 21.781], [88.269, 21.782], [88.267, 21.784], [88.266, 21.787], [88.265, 21.788], [88.264, 21.79], [88.264, 21.791], [88.264, 21.793], [88.265, 21.793], [88.267, 21.792], [88.269, 21.792], [88.271, 21.791], [88.273, 21.791], [88.274, 21.791]]], [[[88.183, 21.788], [88.181, 21.786], [88.18, 21.787], [88.18, 21.788], [88.179, 21.79], [88.179, 21.793], [88.18, 21.795], [88.183, 21.793], [88.184, 21.792], [88.185, 21.789], [88.183, 21.788]]], [[[88.459, 21.789], [88.46, 21.789], [88.462, 21.789], [88.464, 21.789], [88.466, 21.791], [88.467, 21.793], [88.469, 21.794], [88.471, 21.794], [88.473, 21.793], [88.475, 21.788], [88.474, 21.786], [88.473, 21.784], [88.473, 21.781], [88.472, 21.779], [88.472, 21.777], [88.471, 21.776], [88.47, 21.774], [88.47, 21.772], [88.47, 21.769], [88.47, 21.767], [88.47, 21.765], [88.469, 21.762], [88.469, 21.76], [88.469, 21.757], [88.469, 21.754], [88.468, 21.752], [88.467, 21.749], [88.466, 21.743], [88.467, 21.741], [88.467, 21.74], [88.467, 21.737], [88.465, 21.734], [88.464, 21.733], [88.464, 21.731], [88.463, 21.73], [88.463, 21.729], [88.462, 21.728], [88.459, 21.726], [88.457, 21.726], [88.457, 21.725], [88.457, 21.723], [88.456, 21.722], [88.456, 21.72], [88.456, 21.718], [88.456, 21.716], [88.457, 21.713], [88.456, 21.711], [88.453, 21.711], [88.451, 21.711], [88.449, 21.71], [88.44, 21.709], [88.438, 21.709], [88.437, 21.708], [88.435, 21.706], [88.434, 21.705], [88.432, 21.705], [88.431, 21.707], [88.431, 21.709], [88.43, 21.711], [88.429, 21.712], [88.427, 21.714], [88.427, 21.716], [88.427, 21.718], [88.427, 21.721], [88.428, 21.722], [88.428, 21.724], [88.429, 21.725], [88.429, 21.73], [88.427, 21.734], [88.426, 21.735], [88.425, 21.738], [88.424, 21.74], [88.423, 21.742], [88.424, 21.744], [88.425, 21.745], [88.426, 21.747], [88.426, 21.749], [88.427, 21.751], [88.427, 21.753], [88.427, 21.755], [88.426, 21.756], [88.426, 21.757], [88.426, 21.758], [88.425, 21.76], [88.424, 21.762], [88.424, 21.764], [88.423, 21.766], [88.423, 21.768], [88.425, 21.77], [88.427, 21.771], [88.429, 21.772], [88.431, 21.773], [88.432, 21.774], [88.433, 21.775], [88.435, 21.777], [88.436, 21.777], [88.437, 21.779], [88.439, 21.781], [88.44, 21.783], [88.441, 21.784], [88.441, 21.786], [88.441, 21.788], [88.442, 21.79], [88.442, 21.792], [88.443, 21.795], [88.444, 21.796], [88.446, 21.798], [88.447, 21.798], [88.449, 21.797], [88.45, 21.796], [88.451, 21.794], [88.453, 21.793], [88.454, 21.791], [88.456, 21.79], [88.458, 21.789], [88.459, 21.789]]], [[[88.716, 21.807], [88.718, 21.806], [88.719, 21.804], [88.72, 21.803], [88.72, 21.801], [88.721, 21.798], [88.721, 21.796], [88.722, 21.795], [88.722, 21.794], [88.724, 21.793], [88.727, 21.792], [88.727, 21.791], [88.727, 21.789], [88.727, 21.788], [88.728, 21.786], [88.727, 21.784], [88.727, 21.782], [88.727, 21.781], [88.727, 21.779], [88.728, 21.778], [88.729, 21.777], [88.731, 21.779], [88.733, 21.779], [88.734, 21.777], [88.735, 21.775], [88.737, 21.774], [88.739, 21.773], [88.741, 21.773], [88.743, 21.773], [88.745, 21.772], [88.746, 21.771], [88.746, 21.77], [88.747, 21.768], [88.747, 21.767], [88.749, 21.765], [88.751, 21.763], [88.752, 21.762], [88.754, 21.762], [88.756, 21.761], [88.758, 21.76], [88.759, 21.759], [88.758, 21.757], [88.757, 21.756], [88.756, 21.755], [88.755, 21.754], [88.754, 21.753], [88.754, 21.752], [88.753, 21.75], [88.752, 21.749], [88.752, 21.743], [88.752, 21.741], [88.751, 21.74], [88.751, 21.738], [88.751, 21.737], [88.752, 21.734], [88.752, 21.733], [88.753, 21.731], [88.755, 21.73], [88.756, 21.729], [88.758, 21.728], [88.76, 21.727], [88.762, 21.727], [88.764, 21.727], [88.766, 21.726], [88.767, 21.726], [88.769, 21.726], [88.771, 21.726], [88.772, 21.726], [88.774, 21.725], [88.775, 21.724], [88.776, 21.723], [88.777, 21.721], [88.776, 21.719], [88.775, 21.719], [88.773, 21.718], [88.771, 21.717], [88.77, 21.716], [88.768, 21.716], [88.766, 21.715], [88.764, 21.714], [88.761, 21.712], [88.76, 21.711], [88.757, 21.711], [88.755, 21.71], [88.753, 21.709], [88.751, 21.708], [88.749, 21.707], [88.748, 21.707], [88.746, 21.708], [88.744, 21.709], [88.743, 21.713], [88.744, 21.715], [88.743, 21.717], [88.742, 21.718], [88.74, 21.719], [88.739, 21.719], [88.736, 21.72], [88.737, 21.719], [88.738, 21.718], [88.74, 21.717], [88.742, 21.715], [88.742, 21.713], [88.742, 21.711], [88.743, 21.709], [88.745, 21.707], [88.747, 21.706], [88.748, 21.706], [88.75, 21.706], [88.752, 21.707], [88.754, 21.708], [88.756, 21.709], [88.758, 21.71], [88.759, 21.709], [88.758, 21.708], [88.757, 21.707], [88.757, 21.704], [88.757, 21.702], [88.757, 21.7], [88.759, 21.697], [88.762, 21.695], [88.763, 21.693], [88.762, 21.692], [88.762, 21.69], [88.761, 21.688], [88.761, 21.687], [88.76, 21.685], [88.759, 21.684], [88.757, 21.684], [88.755, 21.684], [88.753, 21.684], [88.75, 21.684], [88.748, 21.684], [88.746, 21.684], [88.744, 21.685], [88.744, 21.687], [88.744, 21.689], [88.742, 21.69], [88.74, 21.691], [88.738, 21.689], [88.736, 21.689], [88.734, 21.689], [88.732, 21.689], [88.731, 21.688], [88.73, 21.687], [88.729, 21.686], [88.729, 21.684], [88.731, 21.682], [88.732, 21.681], [88.734, 21.681], [88.736, 21.68], [88.737, 21.679], [88.739, 21.678], [88.741, 21.677], [88.743, 21.675], [88.745, 21.674], [88.746, 21.674], [88.748, 21.673], [88.749, 21.671], [88.751, 21.67], [88.753, 21.668], [88.754, 21.666], [88.756, 21.665], [88.756, 21.663], [88.755, 21.661], [88.754, 21.661], [88.752, 21.66], [88.75, 21.659], [88.749, 21.659], [88.747, 21.659], [88.745, 21.661], [88.744, 21.662], [88.743, 21.664], [88.741, 21.665], [88.74, 21.667], [88.739, 21.668], [88.737, 21.67], [88.736, 21.671], [88.735, 21.672], [88.733, 21.673], [88.732, 21.675], [88.73, 21.676], [88.728, 21.677], [88.726, 21.678], [88.725, 21.679], [88.723, 21.68], [88.721, 21.681], [88.72, 21.682], [88.718, 21.683], [88.716, 21.685], [88.714, 21.686], [88.713, 21.688], [88.712, 21.689], [88.711, 21.69], [88.711, 21.692], [88.71, 21.694], [88.709, 21.697], [88.709, 21.698], [88.708, 21.701], [88.708, 21.704], [88.708, 21.706], [88.708, 21.707], [88.707, 21.709], [88.707, 21.71], [88.706, 21.714], [88.706, 21.715], [88.705, 21.717], [88.705, 21.719], [88.704, 21.721], [88.704, 21.722], [88.703, 21.723], [88.702, 21.725], [88.701, 21.727], [88.701, 21.728], [88.701, 21.729], [88.7, 21.731], [88.699, 21.733], [88.698, 21.734], [88.698, 21.736], [88.697, 21.738], [88.697, 21.739], [88.698, 21.741], [88.697, 21.742], [88.696, 21.743], [88.695, 21.745], [88.695, 21.747], [88.696, 21.75], [88.696, 21.752], [88.697, 21.753], [88.698, 21.755], [88.698, 21.756], [88.699, 21.757], [88.699, 21.759], [88.701, 21.761], [88.702, 21.763], [88.702, 21.765], [88.703, 21.767], [88.704, 21.769], [88.704, 21.771], [88.705, 21.772], [88.706, 21.775], [88.707, 21.776], [88.708, 21.778], [88.709, 21.78], [88.71, 21.782], [88.711, 21.785], [88.711, 21.786], [88.712, 21.788], [88.712, 21.79], [88.712, 21.792], [88.712, 21.793], [88.712, 21.795], [88.712, 21.798], [88.712, 21.8], [88.712, 21.801], [88.711, 21.803], [88.711, 21.805], [88.712, 21.807], [88.714, 21.807], [88.716, 21.807]]], [[[88.171, 21.809], [88.173, 21.807], [88.173, 21.803], [88.174, 21.802], [88.174, 21.799], [88.173, 21.796], [88.172, 21.794], [88.17, 21.791], [88.167, 21.792], [88.166, 21.795], [88.165, 21.799], [88.166, 21.802], [88.166, 21.804], [88.167, 21.806], [88.168, 21.808], [88.17, 21.808], [88.171, 21.809]]], [[[88.545, 21.81], [88.55, 21.809], [88.557, 21.804], [88.563, 21.801], [88.564, 21.799], [88.567, 21.796], [88.569, 21.794], [88.569, 21.792], [88.571, 21.79], [88.572, 21.789], [88.572, 21.787], [88.572, 21.786], [88.571, 21.784], [88.569, 21.783], [88.567, 21.781], [88.565, 21.779], [88.564, 21.778], [88.564, 21.777], [88.563, 21.775], [88.562, 21.774], [88.563, 21.772], [88.562, 21.77], [88.563, 21.769], [88.562, 21.768], [88.562, 21.766], [88.562, 21.764], [88.562, 21.76], [88.563, 21.759], [88.566, 21.756], [88.567, 21.754], [88.569, 21.752], [88.57, 21.75], [88.571, 21.749], [88.572, 21.747], [88.573, 21.745], [88.572, 21.742], [88.572, 21.741], [88.572, 21.739], [88.572, 21.735], [88.57, 21.734], [88.568, 21.734], [88.566, 21.733], [88.565, 21.733], [88.563, 21.732], [88.561, 21.731], [88.561, 21.73], [88.559, 21.731], [88.558, 21.732], [88.558, 21.734], [88.556, 21.735], [88.555, 21.736], [88.552, 21.737], [88.55, 21.737], [88.548, 21.737], [88.545, 21.737], [88.543, 21.738], [88.542, 21.738], [88.541, 21.737], [88.539, 21.736], [88.537, 21.735], [88.535, 21.734], [88.534, 21.732], [88.533, 21.731], [88.532, 21.729], [88.531, 21.727], [88.53, 21.724], [88.529, 21.723], [88.529, 21.722], [88.528, 21.72], [88.527, 21.719], [88.525, 21.718], [88.523, 21.719], [88.522, 21.719], [88.521, 21.719], [88.518, 21.72], [88.517, 21.721], [88.517, 21.723], [88.516, 21.724], [88.516, 21.726], [88.516, 21.727], [88.516, 21.728], [88.516, 21.73], [88.515, 21.731], [88.513, 21.733], [88.512, 21.734], [88.512, 21.736], [88.512, 21.738], [88.511, 21.739], [88.509, 21.74], [88.508, 21.743], [88.508, 21.745], [88.507, 21.747], [88.506, 21.748], [88.505, 21.749], [88.504, 21.751], [88.505, 21.753], [88.504, 21.755], [88.504, 21.757], [88.505, 21.759], [88.506, 21.76], [88.508, 21.761], [88.511, 21.763], [88.513, 21.764], [88.514, 21.765], [88.516, 21.766], [88.517, 21.768], [88.519, 21.769], [88.52, 21.77], [88.521, 21.771], [88.523, 21.772], [88.525, 21.773], [88.526, 21.775], [88.528, 21.776], [88.529, 21.778], [88.53, 21.78], [88.532, 21.782], [88.533, 21.784], [88.533, 21.786], [88.534, 21.787], [88.534, 21.789], [88.535, 21.791], [88.535, 21.792], [88.534, 21.79], [88.533, 21.788], [88.533, 21.786], [88.532, 21.785], [88.531, 21.783], [88.53, 21.781], [88.529, 21.78], [88.528, 21.778], [88.527, 21.777], [88.525, 21.775], [88.523, 21.773], [88.521, 21.771], [88.52, 21.771], [88.519, 21.77], [88.517, 21.769], [88.515, 21.768], [88.513, 21.766], [88.511, 21.765], [88.509, 21.764], [88.507, 21.763], [88.505, 21.763], [88.504, 21.763], [88.504, 21.764], [88.503, 21.765], [88.504, 21.767], [88.504, 21.769], [88.504, 21.771], [88.505, 21.772], [88.505, 21.774], [88.506, 21.775], [88.507, 21.777], [88.507, 21.778], [88.508, 21.78], [88.51, 21.782], [88.511, 21.783], [88.511, 21.784], [88.512, 21.786], [88.513, 21.787], [88.514, 21.788], [88.516, 21.79], [88.517, 21.791], [88.518, 21.792], [88.52, 21.794], [88.524, 21.798], [88.527, 21.8], [88.53, 21.804], [88.533, 21.806], [88.534, 21.806], [88.536, 21.807], [88.537, 21.808], [88.539, 21.809], [88.541, 21.811], [88.545, 21.81]]], [[[88.422, 21.811], [88.424, 21.811], [88.426, 21.809], [88.427, 21.807], [88.427, 21.805], [88.427, 21.802], [88.429, 21.8], [88.431, 21.799], [88.433, 21.799], [88.435, 21.799], [88.437, 21.799], [88.439, 21.8], [88.441, 21.801], [88.442, 21.8], [88.442, 21.799], [88.442, 21.798], [88.441, 21.796], [88.441, 21.794], [88.44, 21.792], [88.44, 21.789], [88.439, 21.787], [88.438, 21.786], [88.437, 21.784], [88.436, 21.783], [88.435, 21.781], [88.434, 21.78], [88.433, 21.779], [88.431, 21.778], [88.43, 21.777], [88.429, 21.776], [88.428, 21.775], [88.426, 21.774], [88.424, 21.772], [88.423, 21.771], [88.422, 21.77], [88.421, 21.768], [88.421, 21.767], [88.421, 21.765], [88.42, 21.764], [88.421, 21.762], [88.421, 21.761], [88.422, 21.759], [88.422, 21.758], [88.423, 21.757], [88.425, 21.753], [88.424, 21.751], [88.424, 21.749], [88.422, 21.747], [88.421, 21.745], [88.421, 21.742], [88.421, 21.739], [88.422, 21.737], [88.423, 21.735], [88.423, 21.734], [88.424, 21.733], [88.424, 21.731], [88.425, 21.73], [88.425, 21.729], [88.425, 21.723], [88.425, 21.722], [88.424, 21.721], [88.423, 21.72], [88.422, 21.721], [88.42, 21.723], [88.419, 21.724], [88.419, 21.725], [88.417, 21.726], [88.417, 21.728], [88.416, 21.729], [88.415, 21.73], [88.414, 21.732], [88.412, 21.734], [88.41, 21.735], [88.408, 21.736], [88.406, 21.737], [88.405, 21.738], [88.403, 21.739], [88.402, 21.741], [88.401, 21.742], [88.401, 21.744], [88.401, 21.746], [88.402, 21.747], [88.403, 21.749], [88.402, 21.751], [88.401, 21.753], [88.4, 21.754], [88.398, 21.755], [88.396, 21.756], [88.396, 21.759], [88.395, 21.761], [88.395, 21.763], [88.394, 21.764], [88.393, 21.766], [88.392, 21.767], [88.39, 21.768], [88.389, 21.77], [88.387, 21.771], [88.386, 21.773], [88.385, 21.775], [88.384, 21.776], [88.383, 21.777], [88.383, 21.779], [88.384, 21.78], [88.385, 21.782], [88.387, 21.783], [88.389, 21.784], [88.39, 21.785], [88.392, 21.786], [88.394, 21.788], [88.396, 21.789], [88.397, 21.791], [88.399, 21.793], [88.4, 21.794], [88.401, 21.795], [88.403, 21.796], [88.405, 21.798], [88.407, 21.799], [88.409, 21.801], [88.41, 21.802], [88.412, 21.804], [88.414, 21.805], [88.416, 21.807], [88.417, 21.808], [88.418, 21.81], [88.42, 21.811], [88.422, 21.811], [88.422, 21.811]]], [[[89.0, 21.812], [89.001, 21.811], [89.003, 21.811], [89.005, 21.811], [89.007, 21.811], [89.009, 21.811], [89.011, 21.811], [89.012, 21.812], [89.014, 21.812], [89.015, 21.813], [89.017, 21.812], [89.016, 21.81], [89.016, 21.807], [89.015, 21.806], [89.015, 21.801], [89.014, 21.798], [89.014, 21.794], [89.015, 21.791], [89.014, 21.79], [89.015, 21.789], [89.015, 21.787], [89.015, 21.785], [89.016, 21.783], [89.016, 21.782], [89.017, 21.779], [89.017, 21.777], [89.018, 21.776], [89.018, 21.774], [89.019, 21.772], [89.02, 21.77], [89.021, 21.768], [89.021, 21.766], [89.021, 21.764], [89.022, 21.763], [89.022, 21.762], [89.023, 21.76], [89.023, 21.759], [89.021, 21.76], [89.02, 21.762], [89.018, 21.763], [89.017, 21.765], [89.015, 21.766], [89.013, 21.766], [89.011, 21.766], [89.009, 21.766], [89.007, 21.766], [89.005, 21.766], [89.002, 21.766], [88.999, 21.767], [88.998, 21.769], [88.999, 21.77], [89.001, 21.771], [89.002, 21.772], [89.004, 21.773], [89.006, 21.774], [89.008, 21.775], [89.01, 21.776], [89.012, 21.777], [89.013, 21.779], [89.013, 21.781], [89.012, 21.782], [89.011, 21.783], [89.009, 21.784], [89.007, 21.785], [89.005, 21.786], [89.003, 21.786], [89.001, 21.787], [88.999, 21.788], [88.996, 21.788], [88.994, 21.789], [88.992, 21.79], [88.99, 21.79], [88.99, 21.792], [88.991, 21.794], [88.992, 21.795], [88.993, 21.796], [88.993, 21.798], [88.994, 21.801], [88.994, 21.803], [88.994, 21.805], [88.995, 21.807], [88.995, 21.809], [88.995, 21.81], [88.995, 21.812], [88.997, 21.813], [88.999, 21.812], [89.0, 21.812]]], [[[88.751, 21.795], [88.751, 21.793], [88.751, 21.791], [88.752, 21.789], [88.752, 21.787], [88.753, 21.786], [88.753, 21.785], [88.754, 21.783], [88.754, 21.782], [88.755, 21.781], [88.755, 21.779], [88.754, 21.778], [88.752, 21.777], [88.751, 21.777], [88.75, 21.777], [88.749, 21.776], [88.748, 21.775], [88.747, 21.774], [88.746, 21.772], [88.745, 21.773], [88.742, 21.774], [88.737, 21.775], [88.735, 21.778], [88.734, 21.779], [88.732, 21.78], [88.73, 21.779], [88.728, 21.785], [88.729, 21.787], [88.728, 21.792], [88.728, 21.794], [88.73, 21.796], [88.732, 21.796], [88.735, 21.796], [88.737, 21.798], [88.739, 21.8], [88.739, 21.802], [88.74, 21.804], [88.741, 21.805], [88.743, 21.807], [88.745, 21.809], [88.747, 21.811], [88.749, 21.813], [88.751, 21.814], [88.751, 21.812], [88.751, 21.809], [88.75, 21.807], [88.749, 21.805], [88.75, 21.802], [88.749, 21.801], [88.75, 21.798], [88.751, 21.796], [88.751, 21.795]]], [[[88.828, 21.804], [88.827, 21.802], [88.826, 21.801], [88.825, 21.799], [88.824, 21.797], [88.823, 21.795], [88.822, 21.793], [88.821, 21.787], [88.821, 21.784], [88.823, 21.778], [88.826, 21.771], [88.83, 21.767], [88.828, 21.766], [88.826, 21.764], [88.824, 21.763], [88.823, 21.761], [88.821, 21.76], [88.82, 21.759], [88.819, 21.758], [88.818, 21.757], [88.817, 21.755], [88.816, 21.754], [88.814, 21.753], [88.812, 21.752], [88.811, 21.751], [88.809, 21.75], [88.808, 21.749], [88.806, 21.749], [88.804, 21.748], [88.801, 21.749], [88.8, 21.749], [88.799, 21.748], [88.795, 21.749], [88.793, 21.749], [88.791, 21.75], [88.79, 21.751], [88.789, 21.752], [88.789, 21.754], [88.788, 21.756], [88.787, 21.757], [88.786, 21.759], [88.785, 21.761], [88.784, 21.762], [88.784, 21.764], [88.784, 21.766], [88.785, 21.768], [88.786, 21.769], [88.787, 21.771], [88.789, 21.772], [88.79, 21.774], [88.791, 21.775], [88.792, 21.777], [88.794, 21.778], [88.796, 21.78], [88.797, 21.782], [88.797, 21.783], [88.797, 21.785], [88.798, 21.786], [88.797, 21.788], [88.797, 21.789], [88.797, 21.79], [88.799, 21.793], [88.8, 21.795], [88.802, 21.797], [88.803, 21.798], [88.804, 21.799], [88.805, 21.8], [88.808, 21.803], [88.809, 21.804], [88.811, 21.807], [88.813, 21.809], [88.814, 21.81], [88.815, 21.812], [88.815, 21.813], [88.816, 21.814], [88.816, 21.815], [88.817, 21.816], [88.818, 21.817], [88.818, 21.818], [88.819, 21.82], [88.82, 21.822], [88.822, 21.823], [88.824, 21.822], [88.824, 21.82], [88.825, 21.818], [88.826, 21.816], [88.827, 21.814], [88.828, 21.813], [88.83, 21.812], [88.83, 21.811], [88.831, 21.809], [88.83, 21.807], [88.829, 21.805], [88.828, 21.804]]], [[[88.787, 21.745], [88.786, 21.744], [88.784, 21.741], [88.784, 21.739], [88.787, 21.737], [88.785, 21.736], [88.783, 21.735], [88.781, 21.734], [88.78, 21.733], [88.778, 21.732], [88.777, 21.731], [88.775, 21.731], [88.774, 21.732], [88.772, 21.732], [88.77, 21.732], [88.767, 21.733], [88.765, 21.732], [88.764, 21.732], [88.762, 21.733], [88.76, 21.733], [88.758, 21.733], [88.756, 21.734], [88.756, 21.735], [88.755, 21.737], [88.755, 21.739], [88.755, 21.741], [88.754, 21.743], [88.755, 21.745], [88.755, 21.747], [88.756, 21.748], [88.757, 21.75], [88.758, 21.752], [88.76, 21.753], [88.762, 21.755], [88.763, 21.756], [88.764, 21.757], [88.764, 21.759], [88.762, 21.764], [88.76, 21.766], [88.758, 21.767], [88.756, 21.767], [88.754, 21.768], [88.752, 21.768], [88.75, 21.769], [88.75, 21.77], [88.752, 21.772], [88.753, 21.773], [88.755, 21.774], [88.756, 21.776], [88.757, 21.777], [88.758, 21.778], [88.759, 21.78], [88.761, 21.781], [88.763, 21.783], [88.765, 21.784], [88.766, 21.786], [88.767, 21.788], [88.768, 21.79], [88.768, 21.792], [88.769, 21.793], [88.769, 21.795], [88.77, 21.797], [88.77, 21.799], [88.771, 21.801], [88.772, 21.802], [88.774, 21.803], [88.774, 21.805], [88.775, 21.806], [88.776, 21.807], [88.776, 21.809], [88.777, 21.811], [88.777, 21.812], [88.776, 21.814], [88.776, 21.816], [88.777, 21.818], [88.778, 21.819], [88.779, 21.821], [88.78, 21.823], [88.782, 21.825], [88.784, 21.825], [88.786, 21.823], [88.787, 21.822], [88.788, 21.82], [88.788, 21.819], [88.788, 21.817], [88.789, 21.816], [88.79, 21.814], [88.792, 21.813], [88.793, 21.811], [88.794, 21.81], [88.794, 21.808], [88.794, 21.802], [88.794, 21.8], [88.792, 21.799], [88.79, 21.799], [88.788, 21.798], [88.787, 21.796], [88.788, 21.795], [88.789, 21.793], [88.791, 21.791], [88.793, 21.79], [88.795, 21.788], [88.796, 21.786], [88.795, 21.785], [88.794, 21.783], [88.792, 21.781], [88.791, 21.779], [88.789, 21.777], [88.788, 21.776], [88.787, 21.775], [88.784, 21.771], [88.783, 21.77], [88.783, 21.768], [88.782, 21.767], [88.783, 21.761], [88.783, 21.758], [88.784, 21.756], [88.786, 21.754], [88.786, 21.753], [88.788, 21.751], [88.789, 21.75], [88.789, 21.748], [88.789, 21.746], [88.787, 21.745]]], [[[88.916, 21.826], [88.918, 21.824], [88.919, 21.824], [88.921, 21.823], [88.923, 21.823], [88.924, 21.824], [88.928, 21.822], [88.93, 21.822], [88.931, 21.823], [88.936, 21.822], [88.936, 21.82], [88.937, 21.818], [88.937, 21.816], [88.934, 21.815], [88.933, 21.814], [88.933, 21.813], [88.933, 21.811], [88.931, 21.808], [88.93, 21.808], [88.929, 21.807], [88.927, 21.806], [88.927, 21.804], [88.927, 21.802], [88.927, 21.799], [88.925, 21.797], [88.924, 21.796], [88.922, 21.795], [88.92, 21.794], [88.918, 21.793], [88.918, 21.792], [88.919, 21.79], [88.92, 21.789], [88.922, 21.789], [88.923, 21.788], [88.923, 21.787], [88.922, 21.784], [88.921, 21.782], [88.921, 21.781], [88.92, 21.779], [88.919, 21.778], [88.919, 21.776], [88.918, 21.774], [88.919, 21.773], [88.919, 21.77], [88.917, 21.768], [88.912, 21.763], [88.911, 21.761], [88.911, 21.759], [88.911, 21.758], [88.912, 21.757], [88.912, 21.756], [88.911, 21.754], [88.909, 21.753], [88.908, 21.753], [88.906, 21.752], [88.902, 21.752], [88.901, 21.752], [88.897, 21.753], [88.896, 21.753], [88.895, 21.755], [88.895, 21.758], [88.896, 21.759], [88.896, 21.765], [88.897, 21.767], [88.898, 21.769], [88.899, 21.771], [88.9, 21.772], [88.9, 21.774], [88.901, 21.777], [88.9, 21.782], [88.899, 21.783], [88.899, 21.785], [88.898, 21.786], [88.899, 21.788], [88.901, 21.789], [88.902, 21.791], [88.903, 21.792], [88.906, 21.794], [88.905, 21.795], [88.904, 21.795], [88.903, 21.794], [88.902, 21.793], [88.902, 21.791], [88.901, 21.789], [88.899, 21.789], [88.897, 21.788], [88.896, 21.788], [88.894, 21.789], [88.893, 21.79], [88.891, 21.792], [88.889, 21.794], [88.888, 21.796], [88.887, 21.798], [88.886, 21.799], [88.885, 21.8], [88.884, 21.803], [88.883, 21.804], [88.883, 21.808], [88.884, 21.809], [88.886, 21.81], [88.888, 21.811], [88.89, 21.811], [88.892, 21.811], [88.894, 21.812], [88.894, 21.813], [88.897, 21.816], [88.899, 21.817], [88.9, 21.818], [88.903, 21.821], [88.906, 21.821], [88.908, 21.822], [88.91, 21.823], [88.911, 21.824], [88.916, 21.826]]], [[[88.182, 21.826], [88.183, 21.823], [88.184, 21.822], [88.185, 21.821], [88.186, 21.819], [88.184, 21.82], [88.183, 21.82], [88.182, 21.821], [88.178, 21.825], [88.179, 21.826], [88.181, 21.826], [88.182, 21.826], [88.182, 21.826]]], [[[88.559, 21.83], [88.56, 21.829], [88.56, 21.827], [88.559, 21.826], [88.558, 21.824], [88.557, 21.824], [88.556, 21.825], [88.556, 21.826], [88.558, 21.827], [88.559, 21.829], [88.559, 21.83]]], [[[88.485, 21.835], [88.487, 21.835], [88.489, 21.835], [88.49, 21.834], [88.491, 21.831], [88.491, 21.83], [88.492, 21.829], [88.493, 21.828], [88.495, 21.826], [88.496, 21.825], [88.498, 21.822], [88.499, 21.82], [88.5, 21.816], [88.5, 21.813], [88.499, 21.811], [88.497, 21.809], [88.496, 21.808], [88.495, 21.807], [88.493, 21.806], [88.491, 21.804], [88.489, 21.802], [88.487, 21.801], [88.486, 21.799], [88.483, 21.799], [88.482, 21.8], [88.48, 21.8], [88.479, 21.8], [88.477, 21.799], [88.475, 21.8], [88.473, 21.8], [88.47, 21.8], [88.468, 21.8], [88.465, 21.8], [88.463, 21.8], [88.461, 21.801], [88.459, 21.801], [88.458, 21.802], [88.456, 21.803], [88.454, 21.805], [88.453, 21.806], [88.452, 21.807], [88.451, 21.809], [88.451, 21.81], [88.449, 21.812], [88.45, 21.814], [88.451, 21.816], [88.453, 21.817], [88.454, 21.818], [88.455, 21.818], [88.456, 21.819], [88.458, 21.819], [88.46, 21.82], [88.461, 21.82], [88.462, 21.821], [88.464, 21.821], [88.465, 21.822], [88.466, 21.823], [88.468, 21.824], [88.47, 21.825], [88.472, 21.826], [88.473, 21.828], [88.474, 21.829], [88.474, 21.831], [88.475, 21.832], [88.477, 21.834], [88.479, 21.835], [88.48, 21.835], [88.482, 21.835], [88.484, 21.835], [88.485, 21.835]]], [[[88.941, 21.847], [88.943, 21.845], [88.943, 21.844], [88.944, 21.843], [88.945, 21.841], [88.947, 21.839], [88.948, 21.837], [88.948, 21.836], [88.949, 21.834], [88.949, 21.832], [88.95, 21.831], [88.951, 21.829], [88.954, 21.826], [88.954, 21.825], [88.956, 21.824], [88.958, 21.824], [88.96, 21.823], [88.966, 21.823], [88.975, 21.823], [88.977, 21.821], [88.975, 21.819], [88.974, 21.815], [88.974, 21.813], [88.973, 21.813], [88.973, 21.811], [88.972, 21.809], [88.972, 21.807], [88.971, 21.804], [88.969, 21.803], [88.967, 21.804], [88.966, 21.805], [88.965, 21.805], [88.963, 21.806], [88.961, 21.807], [88.958, 21.808], [88.955, 21.808], [88.954, 21.808], [88.952, 21.807], [88.951, 21.806], [88.949, 21.805], [88.948, 21.804], [88.947, 21.803], [88.946, 21.801], [88.945, 21.799], [88.944, 21.798], [88.944, 21.797], [88.942, 21.795], [88.94, 21.792], [88.939, 21.79], [88.939, 21.789], [88.939, 21.786], [88.94, 21.784], [88.94, 21.783], [88.942, 21.782], [88.943, 21.781], [88.944, 21.781], [88.946, 21.779], [88.948, 21.779], [88.95, 21.778], [88.952, 21.778], [88.954, 21.777], [88.956, 21.777], [88.959, 21.776], [88.96, 21.776], [88.961, 21.774], [88.961, 21.773], [88.958, 21.771], [88.957, 21.769], [88.954, 21.767], [88.953, 21.766], [88.952, 21.766], [88.95, 21.765], [88.949, 21.764], [88.947, 21.764], [88.946, 21.764], [88.944, 21.764], [88.942, 21.765], [88.939, 21.766], [88.935, 21.766], [88.933, 21.766], [88.928, 21.767], [88.924, 21.767], [88.921, 21.766], [88.918, 21.764], [88.918, 21.762], [88.918, 21.759], [88.916, 21.756], [88.914, 21.756], [88.914, 21.757], [88.913, 21.758], [88.912, 21.76], [88.913, 21.762], [88.914, 21.763], [88.919, 21.768], [88.921, 21.769], [88.921, 21.771], [88.921, 21.772], [88.921, 21.774], [88.92, 21.775], [88.92, 21.777], [88.921, 21.779], [88.921, 21.78], [88.922, 21.782], [88.923, 21.783], [88.923, 21.785], [88.924, 21.786], [88.924, 21.789], [88.923, 21.79], [88.92, 21.791], [88.921, 21.793], [88.922, 21.793], [88.923, 21.794], [88.924, 21.795], [88.928, 21.798], [88.929, 21.799], [88.929, 21.801], [88.928, 21.803], [88.929, 21.806], [88.93, 21.806], [88.932, 21.807], [88.933, 21.81], [88.934, 21.811], [88.934, 21.813], [88.936, 21.814], [88.938, 21.816], [88.939, 21.817], [88.938, 21.818], [88.937, 21.819], [88.937, 21.822], [88.936, 21.824], [88.935, 21.824], [88.934, 21.824], [88.932, 21.824], [88.93, 21.823], [88.928, 21.823], [88.926, 21.824], [88.926, 21.828], [88.926, 21.831], [88.925, 21.833], [88.925, 21.835], [88.926, 21.836], [88.928, 21.836], [88.931, 21.836], [88.933, 21.837], [88.934, 21.839], [88.935, 21.843], [88.936, 21.846], [88.938, 21.847], [88.941, 21.847]]], [[[88.592, 21.85], [88.594, 21.85], [88.595, 21.848], [88.597, 21.848], [88.598, 21.847], [88.601, 21.847], [88.602, 21.846], [88.603, 21.844], [88.604, 21.843], [88.604, 21.841], [88.604, 21.839], [88.604, 21.837], [88.605, 21.836], [88.606, 21.834], [88.608, 21.833], [88.61, 21.832], [88.611, 21.832], [88.614, 21.831], [88.616, 21.831], [88.618, 21.83], [88.618, 21.828], [88.617, 21.826], [88.614, 21.824], [88.613, 21.823], [88.611, 21.822], [88.609, 21.821], [88.609, 21.82], [88.608, 21.818], [88.607, 21.816], [88.607, 21.814], [88.611, 21.811], [88.613, 21.809], [88.613, 21.807], [88.613, 21.806], [88.614, 21.804], [88.614, 21.802], [88.614, 21.801], [88.615, 21.8], [88.614, 21.798], [88.613, 21.798], [88.611, 21.798], [88.609, 21.798], [88.607, 21.798], [88.605, 21.798], [88.597, 21.797], [88.595, 21.796], [88.594, 21.797], [88.591, 21.798], [88.59, 21.798], [88.588, 21.799], [88.587, 21.8], [88.585, 21.802], [88.584, 21.803], [88.584, 21.805], [88.583, 21.806], [88.582, 21.808], [88.582, 21.809], [88.58, 21.81], [88.579, 21.812], [88.578, 21.813], [88.577, 21.815], [88.576, 21.818], [88.576, 21.819], [88.576, 21.821], [88.577, 21.823], [88.578, 21.824], [88.578, 21.826], [88.579, 21.828], [88.579, 21.83], [88.579, 21.832], [88.58, 21.834], [88.58, 21.835], [88.581, 21.838], [88.582, 21.84], [88.583, 21.842], [88.584, 21.844], [88.585, 21.846], [88.586, 21.848], [88.588, 21.849], [88.59, 21.851], [88.591, 21.852], [88.592, 21.851], [88.592, 21.85]]], [[[88.52, 21.855], [88.522, 21.854], [88.523, 21.853], [88.526, 21.849], [88.526, 21.847], [88.526, 21.845], [88.527, 21.843], [88.527, 21.841], [88.527, 21.839], [88.526, 21.837], [88.526, 21.836], [88.524, 21.835], [88.522, 21.835], [88.521, 21.836], [88.519, 21.836], [88.517, 21.838], [88.516, 21.84], [88.517, 21.841], [88.518, 21.844], [88.522, 21.846], [88.522, 21.848], [88.518, 21.848], [88.518, 21.85], [88.518, 21.853], [88.518, 21.854], [88.52, 21.855]]], [[[88.538, 21.854], [88.538, 21.855], [88.541, 21.856], [88.542, 21.857], [88.54, 21.854], [88.538, 21.854]]], [[[88.331, 21.861], [88.334, 21.86], [88.337, 21.86], [88.339, 21.86], [88.341, 21.858], [88.343, 21.857], [88.345, 21.855], [88.346, 21.855], [88.348, 21.855], [88.35, 21.855], [88.352, 21.855], [88.353, 21.854], [88.352, 21.852], [88.352, 21.85], [88.351, 21.848], [88.352, 21.846], [88.352, 21.844], [88.352, 21.842], [88.353, 21.84], [88.352, 21.838], [88.351, 21.835], [88.351, 21.833], [88.35, 21.831], [88.351, 21.828], [88.351, 21.826], [88.351, 21.824], [88.352, 21.821], [88.353, 21.82], [88.354, 21.818], [88.355, 21.816], [88.357, 21.814], [88.358, 21.812], [88.359, 21.811], [88.36, 21.809], [88.361, 21.807], [88.36, 21.804], [88.36, 21.803], [88.361, 21.797], [88.366, 21.794], [88.37, 21.793], [88.373, 21.792], [88.378, 21.79], [88.379, 21.785], [88.379, 21.783], [88.378, 21.774], [88.378, 21.772], [88.378, 21.771], [88.377, 21.768], [88.376, 21.767], [88.374, 21.767], [88.371, 21.767], [88.37, 21.767], [88.368, 21.767], [88.365, 21.767], [88.363, 21.767], [88.361, 21.767], [88.359, 21.767], [88.357, 21.767], [88.355, 21.766], [88.354, 21.766], [88.352, 21.765], [88.35, 21.765], [88.348, 21.764], [88.346, 21.762], [88.344, 21.761], [88.343, 21.76], [88.342, 21.758], [88.342, 21.756], [88.341, 21.755], [88.34, 21.753], [88.34, 21.751], [88.34, 21.749], [88.34, 21.747], [88.34, 21.745], [88.34, 21.743], [88.34, 21.74], [88.341, 21.739], [88.341, 21.737], [88.342, 21.735], [88.342, 21.732], [88.343, 21.73], [88.343, 21.728], [88.344, 21.727], [88.344, 21.725], [88.345, 21.723], [88.345, 21.721], [88.343, 21.721], [88.34, 21.718], [88.339, 21.717], [88.338, 21.716], [88.337, 21.716], [88.336, 21.715], [88.333, 21.712], [88.332, 21.71], [88.331, 21.711], [88.328, 21.71], [88.327, 21.71], [88.325, 21.709], [88.323, 21.709], [88.321, 21.709], [88.318, 21.709], [88.315, 21.709], [88.313, 21.71], [88.311, 21.711], [88.309, 21.712], [88.307, 21.714], [88.306, 21.715], [88.306, 21.717], [88.306, 21.719], [88.307, 21.721], [88.307, 21.724], [88.308, 21.726], [88.309, 21.727], [88.309, 21.729], [88.31, 21.731], [88.31, 21.733], [88.309, 21.735], [88.309, 21.737], [88.308, 21.739], [88.308, 21.741], [88.307, 21.743], [88.306, 21.745], [88.306, 21.747], [88.306, 21.748], [88.306, 21.75], [88.306, 21.753], [88.305, 21.755], [88.304, 21.757], [88.304, 21.759], [88.304, 21.76], [88.303, 21.762], [88.303, 21.764], [88.302, 21.765], [88.301, 21.766], [88.301, 21.768], [88.3, 21.77], [88.299, 21.772], [88.299, 21.774], [88.299, 21.775], [88.298, 21.777], [88.299, 21.779], [88.299, 21.781], [88.299, 21.782], [88.301, 21.783], [88.303, 21.783], [88.304, 21.783], [88.306, 21.783], [88.308, 21.782], [88.309, 21.782], [88.311, 21.782], [88.311, 21.784], [88.311, 21.786], [88.31, 21.787], [88.31, 21.789], [88.311, 21.791], [88.311, 21.792], [88.311, 21.795], [88.31, 21.797], [88.307, 21.798], [88.305, 21.799], [88.303, 21.799], [88.301, 21.8], [88.299, 21.8], [88.297, 21.801], [88.296, 21.802], [88.294, 21.803], [88.295, 21.801], [88.297, 21.8], [88.298, 21.799], [88.299, 21.799], [88.302, 21.798], [88.305, 21.798], [88.307, 21.797], [88.309, 21.796], [88.31, 21.793], [88.31, 21.792], [88.309, 21.79], [88.309, 21.788], [88.309, 21.786], [88.31, 21.784], [88.309, 21.784], [88.307, 21.784], [88.304, 21.784], [88.301, 21.784], [88.299, 21.784], [88.298, 21.782], [88.297, 21.78], [88.297, 21.779], [88.297, 21.776], [88.297, 21.774], [88.296, 21.774], [88.294, 21.775], [88.293, 21.777], [88.292, 21.778], [88.291, 21.78], [88.29, 21.782], [88.289, 21.784], [88.288, 21.786], [88.287, 21.788], [88.285, 21.79], [88.283, 21.79], [88.282, 21.791], [88.279, 21.792], [88.277, 21.792], [88.275, 21.793], [88.273, 21.793], [88.27, 21.793], [88.268, 21.793], [88.266, 21.793], [88.264, 21.794], [88.263, 21.795], [88.262, 21.797], [88.261, 21.798], [88.261, 21.799], [88.26, 21.801], [88.26, 21.803], [88.26, 21.807], [88.261, 21.809], [88.263, 21.811], [88.265, 21.813], [88.267, 21.814], [88.269, 21.816], [88.271, 21.816], [88.273, 21.817], [88.274, 21.819], [88.276, 21.819], [88.278, 21.82], [88.28, 21.821], [88.282, 21.822], [88.284, 21.823], [88.286, 21.823], [88.288, 21.823], [88.29, 21.824], [88.292, 21.824], [88.294, 21.824], [88.297, 21.825], [88.299, 21.826], [88.301, 21.826], [88.304, 21.827], [88.305, 21.829], [88.307, 21.83], [88.308, 21.831], [88.31, 21.833], [88.311, 21.834], [88.311, 21.836], [88.312, 21.838], [88.314, 21.841], [88.314, 21.843], [88.315, 21.844], [88.315, 21.846], [88.315, 21.847], [88.315, 21.849], [88.314, 21.851], [88.313, 21.852], [88.312, 21.854], [88.313, 21.855], [88.314, 21.857], [88.316, 21.858], [88.319, 21.859], [88.321, 21.86], [88.323, 21.86], [88.325, 21.861], [88.327, 21.861], [88.33, 21.861], [88.331, 21.861]]], [[[88.856, 21.865], [88.857, 21.864], [88.857, 21.863], [88.856, 21.861], [88.856, 21.859], [88.856, 21.857], [88.857, 21.856], [88.859, 21.855], [88.861, 21.854], [88.862, 21.854], [88.865, 21.854], [88.867, 21.854], [88.869, 21.853], [88.871, 21.853], [88.873, 21.853], [88.875, 21.853], [88.877, 21.852], [88.877, 21.851], [88.876, 21.849], [88.876, 21.848], [88.875, 21.846], [88.875, 21.845], [88.876, 21.843], [88.877, 21.838], [88.878, 21.836], [88.878, 21.834], [88.88, 21.831], [88.88, 21.829], [88.879, 21.826], [88.879, 21.824], [88.879, 21.822], [88.879, 21.82], [88.881, 21.817], [88.883, 21.814], [88.883, 21.813], [88.882, 21.811], [88.882, 21.81], [88.88, 21.808], [88.881, 21.805], [88.881, 21.802], [88.882, 21.801], [88.882, 21.797], [88.883, 21.796], [88.885, 21.793], [88.888, 21.79], [88.893, 21.786], [88.895, 21.783], [88.897, 21.781], [88.898, 21.779], [88.897, 21.777], [88.896, 21.775], [88.896, 21.774], [88.895, 21.772], [88.894, 21.771], [88.893, 21.769], [88.893, 21.768], [88.892, 21.766], [88.891, 21.763], [88.891, 21.758], [88.892, 21.753], [88.893, 21.751], [88.896, 21.749], [88.898, 21.747], [88.899, 21.747], [88.9, 21.747], [88.903, 21.746], [88.908, 21.746], [88.909, 21.747], [88.911, 21.747], [88.916, 21.748], [88.918, 21.747], [88.922, 21.743], [88.921, 21.742], [88.921, 21.74], [88.92, 21.739], [88.919, 21.737], [88.918, 21.736], [88.917, 21.734], [88.916, 21.732], [88.916, 21.731], [88.914, 21.728], [88.911, 21.729], [88.91, 21.729], [88.909, 21.73], [88.907, 21.73], [88.906, 21.731], [88.905, 21.732], [88.904, 21.733], [88.902, 21.734], [88.899, 21.736], [88.897, 21.738], [88.896, 21.739], [88.894, 21.74], [88.893, 21.741], [88.891, 21.742], [88.89, 21.743], [88.888, 21.744], [88.887, 21.744], [88.886, 21.745], [88.884, 21.746], [88.882, 21.746], [88.88, 21.748], [88.88, 21.751], [88.879, 21.755], [88.879, 21.757], [88.879, 21.759], [88.879, 21.761], [88.878, 21.763], [88.878, 21.765], [88.877, 21.766], [88.875, 21.769], [88.871, 21.772], [88.869, 21.774], [88.867, 21.774], [88.866, 21.775], [88.864, 21.777], [88.863, 21.778], [88.865, 21.778], [88.864, 21.779], [88.862, 21.778], [88.86, 21.778], [88.859, 21.779], [88.856, 21.779], [88.853, 21.78], [88.849, 21.78], [88.845, 21.78], [88.844, 21.779], [88.842, 21.78], [88.839, 21.78], [88.838, 21.781], [88.835, 21.782], [88.836, 21.785], [88.836, 21.786], [88.837, 21.788], [88.837, 21.789], [88.838, 21.79], [88.838, 21.791], [88.839, 21.792], [88.839, 21.794], [88.84, 21.798], [88.84, 21.8], [88.841, 21.805], [88.841, 21.813], [88.841, 21.815], [88.841, 21.817], [88.841, 21.819], [88.841, 21.82], [88.84, 21.822], [88.84, 21.825], [88.839, 21.826], [88.839, 21.828], [88.839, 21.831], [88.838, 21.834], [88.838, 21.835], [88.837, 21.838], [88.837, 21.843], [88.838, 21.844], [88.838, 21.846], [88.839, 21.848], [88.84, 21.849], [88.841, 21.851], [88.843, 21.853], [88.844, 21.856], [88.846, 21.858], [88.849, 21.86], [88.852, 21.864], [88.853, 21.865], [88.856, 21.865]]], [[[88.583, 21.866], [88.582, 21.866], [88.581, 21.868], [88.581, 21.87], [88.581, 21.872], [88.582, 21.874], [88.583, 21.876], [88.585, 21.877], [88.586, 21.876], [88.585, 21.873], [88.585, 21.871], [88.585, 21.87], [88.584, 21.868], [88.583, 21.866], [88.583, 21.866]]], [[[88.137, 21.875], [88.138, 21.873], [88.138, 21.872], [88.139, 21.871], [88.14, 21.869], [88.14, 21.867], [88.141, 21.866], [88.142, 21.864], [88.143, 21.863], [88.144, 21.862], [88.144, 21.86], [88.145, 21.859], [88.146, 21.857], [88.146, 21.855], [88.147, 21.854], [88.148, 21.853], [88.148, 21.851], [88.149, 21.849], [88.149, 21.847], [88.15, 21.845], [88.151, 21.843], [88.151, 21.841], [88.152, 21.839], [88.153, 21.838], [88.154, 21.836], [88.155, 21.834], [88.156, 21.832], [88.157, 21.83], [88.158, 21.829], [88.159, 21.827], [88.161, 21.826], [88.163, 21.824], [88.164, 21.823], [88.166, 21.821], [88.168, 21.82], [88.17, 21.817], [88.171, 21.816], [88.171, 21.813], [88.173, 21.811], [88.171, 21.81], [88.17, 21.81], [88.168, 21.809], [88.167, 21.808], [88.165, 21.806], [88.164, 21.805], [88.164, 21.802], [88.164, 21.8], [88.164, 21.797], [88.164, 21.796], [88.164, 21.794], [88.164, 21.792], [88.165, 21.79], [88.166, 21.788], [88.167, 21.786], [88.168, 21.784], [88.169, 21.782], [88.169, 21.78], [88.169, 21.779], [88.169, 21.777], [88.17, 21.775], [88.17, 21.774], [88.171, 21.772], [88.171, 21.77], [88.171, 21.768], [88.171, 21.765], [88.171, 21.763], [88.17, 21.761], [88.17, 21.758], [88.17, 21.756], [88.171, 21.754], [88.171, 21.751], [88.171, 21.75], [88.171, 21.748], [88.171, 21.746], [88.171, 21.744], [88.171, 21.742], [88.17, 21.74], [88.17, 21.738], [88.169, 21.736], [88.169, 21.734], [88.168, 21.733], [88.167, 21.731], [88.166, 21.73], [88.165, 21.728], [88.164, 21.725], [88.164, 21.722], [88.164, 21.72], [88.163, 21.718], [88.162, 21.717], [88.161, 21.715], [88.16, 21.713], [88.159, 21.711], [88.158, 21.709], [88.158, 21.708], [88.157, 21.706], [88.157, 21.704], [88.156, 21.701], [88.156, 21.699], [88.155, 21.697], [88.154, 21.695], [88.154, 21.694], [88.154, 21.691], [88.154, 21.689], [88.154, 21.687], [88.155, 21.686], [88.154, 21.684], [88.152, 21.683], [88.151, 21.682], [88.15, 21.681], [88.149, 21.68], [88.148, 21.68], [88.146, 21.68], [88.144, 21.68], [88.147, 21.678], [88.149, 21.679], [88.151, 21.68], [88.152, 21.681], [88.154, 21.682], [88.156, 21.68], [88.156, 21.678], [88.156, 21.676], [88.155, 21.674], [88.156, 21.672], [88.156, 21.67], [88.156, 21.668], [88.156, 21.666], [88.156, 21.664], [88.156, 21.662], [88.154, 21.66], [88.154, 21.659], [88.154, 21.654], [88.155, 21.651], [88.154, 21.65], [88.153, 21.648], [88.152, 21.647], [88.149, 21.644], [88.148, 21.643], [88.146, 21.641], [88.144, 21.639], [88.142, 21.636], [88.143, 21.634], [88.141, 21.632], [88.14, 21.631], [88.138, 21.632], [88.136, 21.632], [88.136, 21.631], [88.135, 21.63], [88.132, 21.63], [88.132, 21.629], [88.129, 21.628], [88.128, 21.628], [88.127, 21.628], [88.124, 21.628], [88.121, 21.628], [88.12, 21.627], [88.116, 21.626], [88.114, 21.626], [88.111, 21.626], [88.109, 21.626], [88.107, 21.627], [88.104, 21.628], [88.103, 21.628], [88.101, 21.628], [88.097, 21.629], [88.095, 21.629], [88.092, 21.629], [88.09, 21.629], [88.09, 21.63], [88.086, 21.632], [88.085, 21.632], [88.084, 21.633], [88.082, 21.635], [88.081, 21.634], [88.079, 21.634], [88.076, 21.635], [88.073, 21.635], [88.071, 21.634], [88.069, 21.636], [88.068, 21.636], [88.065, 21.638], [88.062, 21.638], [88.058, 21.641], [88.056, 21.641], [88.053, 21.643], [88.052, 21.644], [88.05, 21.645], [88.048, 21.647], [88.046, 21.648], [88.045, 21.648], [88.043, 21.65], [88.041, 21.65], [88.041, 21.652], [88.041, 21.653], [88.041, 21.656], [88.04, 21.657], [88.04, 21.658], [88.039, 21.66], [88.039, 21.662], [88.038, 21.664], [88.038, 21.667], [88.037, 21.671], [88.038, 21.673], [88.037, 21.674], [88.037, 21.676], [88.038, 21.679], [88.038, 21.68], [88.039, 21.682], [88.038, 21.684], [88.038, 21.685], [88.039, 21.688], [88.039, 21.69], [88.04, 21.692], [88.04, 21.694], [88.04, 21.696], [88.041, 21.697], [88.041, 21.698], [88.042, 21.7], [88.042, 21.702], [88.042, 21.703], [88.043, 21.706], [88.043, 21.708], [88.044, 21.71], [88.044, 21.713], [88.044, 21.715], [88.044, 21.716], [88.045, 21.718], [88.046, 21.719], [88.047, 21.721], [88.049, 21.723], [88.05, 21.724], [88.051, 21.725], [88.052, 21.727], [88.053, 21.728], [88.054, 21.729], [88.056, 21.73], [88.057, 21.732], [88.059, 21.733], [88.061, 21.734], [88.061, 21.736], [88.062, 21.738], [88.064, 21.74], [88.064, 21.742], [88.065, 21.744], [88.066, 21.747], [88.066, 21.749], [88.066, 21.752], [88.066, 21.753], [88.066, 21.754], [88.067, 21.756], [88.067, 21.757], [88.068, 21.759], [88.068, 21.761], [88.069, 21.763], [88.069, 21.765], [88.07, 21.767], [88.071, 21.769], [88.071, 21.771], [88.071, 21.773], [88.072, 21.775], [88.072, 21.777], [88.072, 21.779], [88.073, 21.78], [88.074, 21.782], [88.075, 21.783], [88.077, 21.785], [88.078, 21.786], [88.079, 21.788], [88.08, 21.79], [88.081, 21.792], [88.082, 21.793], [88.082, 21.795], [88.083, 21.796], [88.084, 21.798], [88.085, 21.8], [88.086, 21.802], [88.088, 21.804], [88.088, 21.806], [88.089, 21.807], [88.091, 21.809], [88.091, 21.811], [88.092, 21.813], [88.093, 21.814], [88.094, 21.816], [88.095, 21.817], [88.096, 21.819], [88.097, 21.82], [88.097, 21.821], [88.098, 21.822], [88.098, 21.823], [88.099, 21.825], [88.1, 21.827], [88.1, 21.828], [88.101, 21.829], [88.101, 21.831], [88.102, 21.833], [88.104, 21.835], [88.104, 21.837], [88.106, 21.839], [88.107, 21.841], [88.109, 21.843], [88.109, 21.844], [88.111, 21.846], [88.113, 21.849], [88.114, 21.851], [88.116, 21.853], [88.116, 21.854], [88.118, 21.857], [88.118, 21.858], [88.119, 21.86], [88.12, 21.861], [88.121, 21.863], [88.122, 21.865], [88.122, 21.866], [88.124, 21.868], [88.125, 21.869], [88.127, 21.871], [88.128, 21.872], [88.13, 21.873], [88.131, 21.875], [88.133, 21.876], [88.134, 21.877], [88.135, 21.877], [88.137, 21.876], [88.137, 21.875], [88.137, 21.875]]], [[[88.789, 21.879], [88.791, 21.878], [88.792, 21.877], [88.792, 21.875], [88.792, 21.873], [88.791, 21.872], [88.79, 21.871], [88.788, 21.869], [88.786, 21.868], [88.786, 21.865], [88.788, 21.864], [88.79, 21.864], [88.791, 21.864], [88.794, 21.867], [88.795, 21.869], [88.796, 21.871], [88.796, 21.872], [88.797, 21.874], [88.798, 21.875], [88.799, 21.877], [88.8, 21.878], [88.801, 21.878], [88.8, 21.876], [88.8, 21.874], [88.799, 21.873], [88.799, 21.871], [88.8, 21.869], [88.802, 21.868], [88.804, 21.867], [88.807, 21.867], [88.809, 21.867], [88.81, 21.868], [88.811, 21.868], [88.812, 21.869], [88.814, 21.87], [88.816, 21.87], [88.818, 21.871], [88.822, 21.871], [88.823, 21.87], [88.823, 21.868], [88.824, 21.867], [88.825, 21.866], [88.826, 21.865], [88.828, 21.864], [88.829, 21.863], [88.829, 21.86], [88.829, 21.858], [88.828, 21.857], [88.828, 21.855], [88.827, 21.853], [88.826, 21.852], [88.826, 21.85], [88.825, 21.849], [88.824, 21.846], [88.824, 21.845], [88.823, 21.844], [88.823, 21.842], [88.822, 21.841], [88.82, 21.841], [88.821, 21.843], [88.821, 21.844], [88.822, 21.845], [88.823, 21.847], [88.823, 21.848], [88.823, 21.851], [88.819, 21.852], [88.819, 21.851], [88.822, 21.85], [88.822, 21.848], [88.821, 21.847], [88.82, 21.844], [88.819, 21.843], [88.819, 21.841], [88.819, 21.839], [88.819, 21.837], [88.82, 21.835], [88.821, 21.834], [88.821, 21.832], [88.821, 21.826], [88.819, 21.823], [88.817, 21.821], [88.817, 21.819], [88.816, 21.818], [88.815, 21.816], [88.815, 21.815], [88.814, 21.813], [88.812, 21.811], [88.812, 21.81], [88.811, 21.809], [88.809, 21.807], [88.8, 21.797], [88.797, 21.794], [88.796, 21.792], [88.794, 21.792], [88.793, 21.792], [88.792, 21.793], [88.79, 21.794], [88.789, 21.796], [88.791, 21.798], [88.793, 21.798], [88.795, 21.801], [88.796, 21.806], [88.795, 21.811], [88.794, 21.813], [88.793, 21.814], [88.792, 21.815], [88.79, 21.817], [88.789, 21.821], [88.789, 21.822], [88.786, 21.826], [88.784, 21.826], [88.782, 21.827], [88.78, 21.827], [88.773, 21.827], [88.768, 21.827], [88.767, 21.827], [88.766, 21.829], [88.766, 21.832], [88.767, 21.834], [88.768, 21.836], [88.768, 21.841], [88.769, 21.842], [88.769, 21.844], [88.77, 21.845], [88.771, 21.846], [88.771, 21.852], [88.772, 21.854], [88.773, 21.854], [88.775, 21.855], [88.776, 21.855], [88.777, 21.856], [88.779, 21.856], [88.78, 21.857], [88.782, 21.859], [88.782, 21.861], [88.781, 21.862], [88.779, 21.863], [88.777, 21.865], [88.777, 21.867], [88.779, 21.868], [88.78, 21.869], [88.782, 21.872], [88.786, 21.876], [88.788, 21.878], [88.789, 21.878], [88.789, 21.879]]], [[[88.979, 21.893], [88.981, 21.893], [88.982, 21.893], [88.984, 21.892], [88.985, 21.891], [88.987, 21.891], [88.989, 21.89], [88.991, 21.889], [88.992, 21.888], [88.994, 21.887], [88.996, 21.886], [89.0, 21.884], [89.002, 21.883], [89.004, 21.882], [89.006, 21.881], [89.008, 21.88], [89.011, 21.879], [89.013, 21.877], [89.014, 21.877], [89.016, 21.875], [89.018, 21.874], [89.019, 21.873], [89.021, 21.872], [89.023, 21.871], [89.024, 21.87], [89.026, 21.869], [89.028, 21.867], [89.029, 21.865], [89.031, 21.864], [89.031, 21.862], [89.031, 21.86], [89.031, 21.858], [89.031, 21.855], [89.029, 21.853], [89.028, 21.851], [89.027, 21.85], [89.025, 21.849], [89.023, 21.85], [89.021, 21.85], [89.019, 21.85], [89.017, 21.85], [89.015, 21.85], [89.014, 21.851], [89.012, 21.852], [89.01, 21.853], [89.008, 21.855], [89.006, 21.857], [89.005, 21.859], [89.005, 21.861], [89.005, 21.863], [89.005, 21.864], [89.003, 21.866], [89.002, 21.867], [89.003, 21.867], [89.002, 21.868], [89.001, 21.867], [89.0, 21.868], [88.998, 21.871], [88.998, 21.871], [88.996, 21.871], [88.994, 21.87], [88.993, 21.869], [88.99, 21.868], [88.99, 21.867], [88.992, 21.867], [88.993, 21.868], [88.994, 21.869], [88.995, 21.87], [88.997, 21.87], [88.998, 21.869], [88.999, 21.867], [89.001, 21.867], [89.002, 21.865], [89.003, 21.863], [89.003, 21.862], [89.003, 21.86], [89.004, 21.859], [89.004, 21.857], [89.005, 21.856], [89.007, 21.853], [89.009, 21.852], [89.01, 21.851], [89.012, 21.85], [89.014, 21.849], [89.017, 21.849], [89.019, 21.849], [89.022, 21.848], [89.024, 21.848], [89.026, 21.847], [89.027, 21.846], [89.028, 21.845], [89.03, 21.843], [89.03, 21.841], [89.03, 21.838], [89.03, 21.837], [89.03, 21.835], [89.029, 21.831], [89.028, 21.829], [89.027, 21.827], [89.026, 21.825], [89.024, 21.823], [89.023, 21.821], [89.021, 21.819], [89.02, 21.818], [89.019, 21.817], [89.018, 21.816], [89.016, 21.816], [89.014, 21.818], [89.013, 21.82], [89.011, 21.821], [89.009, 21.823], [89.01, 21.821], [89.012, 21.819], [89.014, 21.817], [89.014, 21.815], [89.012, 21.814], [89.011, 21.814], [89.009, 21.813], [89.007, 21.813], [89.005, 21.813], [89.003, 21.813], [89.001, 21.813], [89.0, 21.814], [88.999, 21.815], [88.995, 21.815], [88.994, 21.814], [88.993, 21.812], [88.992, 21.809], [88.992, 21.808], [88.992, 21.806], [88.992, 21.803], [88.992, 21.801], [88.991, 21.8], [88.991, 21.799], [88.99, 21.798], [88.99, 21.796], [88.989, 21.794], [88.988, 21.792], [88.987, 21.79], [88.986, 21.789], [88.984, 21.787], [88.979, 21.782], [88.977, 21.781], [88.976, 21.779], [88.975, 21.778], [88.974, 21.776], [88.972, 21.775], [88.97, 21.775], [88.968, 21.776], [88.967, 21.777], [88.966, 21.778], [88.965, 21.779], [88.963, 21.78], [88.962, 21.782], [88.96, 21.782], [88.959, 21.783], [88.957, 21.783], [88.956, 21.784], [88.954, 21.784], [88.951, 21.784], [88.949, 21.784], [88.946, 21.784], [88.944, 21.785], [88.943, 21.786], [88.943, 21.787], [88.944, 21.789], [88.945, 21.791], [88.946, 21.793], [88.947, 21.795], [88.949, 21.796], [88.95, 21.798], [88.951, 21.8], [88.952, 21.801], [88.953, 21.803], [88.956, 21.804], [88.958, 21.803], [88.96, 21.802], [88.961, 21.801], [88.963, 21.801], [88.965, 21.8], [88.966, 21.8], [88.968, 21.799], [88.969, 21.8], [88.971, 21.8], [88.973, 21.801], [88.974, 21.802], [88.975, 21.803], [88.976, 21.804], [88.977, 21.805], [88.977, 21.807], [88.977, 21.808], [88.978, 21.81], [88.978, 21.812], [88.979, 21.814], [88.979, 21.816], [88.98, 21.818], [88.98, 21.82], [88.98, 21.821], [88.979, 21.823], [88.977, 21.824], [88.976, 21.825], [88.974, 21.826], [88.972, 21.827], [88.969, 21.828], [88.967, 21.827], [88.964, 21.827], [88.962, 21.827], [88.96, 21.826], [88.958, 21.826], [88.957, 21.827], [88.956, 21.827], [88.955, 21.829], [88.954, 21.83], [88.954, 21.831], [88.953, 21.832], [88.952, 21.833], [88.952, 21.835], [88.951, 21.836], [88.95, 21.838], [88.95, 21.84], [88.951, 21.842], [88.952, 21.843], [88.954, 21.845], [88.955, 21.847], [88.957, 21.849], [88.959, 21.851], [88.96, 21.853], [88.962, 21.855], [88.964, 21.857], [88.965, 21.859], [88.966, 21.86], [88.968, 21.861], [88.97, 21.862], [88.971, 21.863], [88.973, 21.863], [88.975, 21.864], [88.977, 21.865], [88.978, 21.866], [88.979, 21.868], [88.98, 21.87], [88.979, 21.872], [88.978, 21.873], [88.976, 21.875], [88.975, 21.877], [88.975, 21.878], [88.974, 21.88], [88.973, 21.882], [88.972, 21.884], [88.972, 21.885], [88.971, 21.887], [88.97, 21.889], [88.969, 21.891], [88.972, 21.892], [88.974, 21.893], [88.976, 21.893], [88.977, 21.893], [88.979, 21.893]]], [[[88.622, 21.898], [88.623, 21.897], [88.624, 21.897], [88.625, 21.896], [88.626, 21.895], [88.627, 21.891], [88.627, 21.889], [88.628, 21.885], [88.628, 21.883], [88.63, 21.881], [88.631, 21.881], [88.633, 21.879], [88.635, 21.877], [88.634, 21.876], [88.633, 21.874], [88.632, 21.873], [88.632, 21.871], [88.634, 21.869], [88.636, 21.869], [88.637, 21.87], [88.638, 21.871], [88.64, 21.872], [88.642, 21.872], [88.644, 21.871], [88.646, 21.871], [88.648, 21.871], [88.65, 21.87], [88.652, 21.869], [88.654, 21.868], [88.653, 21.865], [88.652, 21.864], [88.651, 21.863], [88.651, 21.86], [88.65, 21.858], [88.65, 21.856], [88.649, 21.854], [88.649, 21.853], [88.649, 21.851], [88.65, 21.85], [88.65, 21.847], [88.65, 21.844], [88.649, 21.843], [88.649, 21.841], [88.649, 21.839], [88.649, 21.837], [88.648, 21.837], [88.649, 21.835], [88.649, 21.834], [88.649, 21.833], [88.649, 21.831], [88.648, 21.829], [88.647, 21.826], [88.646, 21.823], [88.646, 21.821], [88.646, 21.819], [88.645, 21.817], [88.645, 21.815], [88.644, 21.813], [88.643, 21.809], [88.642, 21.807], [88.642, 21.805], [88.643, 21.803], [88.643, 21.801], [88.643, 21.799], [88.643, 21.797], [88.643, 21.794], [88.643, 21.791], [88.643, 21.79], [88.642, 21.788], [88.641, 21.786], [88.639, 21.785], [88.637, 21.786], [88.634, 21.786], [88.632, 21.788], [88.629, 21.788], [88.627, 21.789], [88.626, 21.79], [88.625, 21.791], [88.624, 21.792], [88.622, 21.793], [88.621, 21.795], [88.62, 21.797], [88.62, 21.798], [88.619, 21.8], [88.619, 21.802], [88.619, 21.805], [88.618, 21.806], [88.618, 21.808], [88.617, 21.809], [88.616, 21.811], [88.614, 21.814], [88.613, 21.816], [88.613, 21.818], [88.614, 21.819], [88.615, 21.82], [88.619, 21.823], [88.621, 21.825], [88.621, 21.826], [88.622, 21.829], [88.622, 21.83], [88.621, 21.831], [88.618, 21.834], [88.617, 21.834], [88.616, 21.835], [88.614, 21.836], [88.611, 21.836], [88.609, 21.837], [88.608, 21.839], [88.608, 21.841], [88.608, 21.843], [88.607, 21.844], [88.607, 21.845], [88.606, 21.846], [88.604, 21.848], [88.603, 21.849], [88.601, 21.849], [88.599, 21.85], [88.597, 21.851], [88.596, 21.852], [88.596, 21.853], [88.595, 21.854], [88.595, 21.857], [88.596, 21.858], [88.596, 21.86], [88.597, 21.862], [88.598, 21.863], [88.599, 21.864], [88.599, 21.867], [88.6, 21.869], [88.602, 21.871], [88.602, 21.873], [88.603, 21.875], [88.604, 21.876], [88.604, 21.878], [88.605, 21.879], [88.606, 21.88], [88.607, 21.883], [88.608, 21.884], [88.609, 21.886], [88.61, 21.887], [88.611, 21.888], [88.613, 21.89], [88.614, 21.891], [88.614, 21.893], [88.616, 21.894], [88.618, 21.896], [88.62, 21.898], [88.622, 21.898]]], [[[88.137, 21.895], [88.136, 21.896], [88.138, 21.898], [88.139, 21.898], [88.137, 21.895]]], [[[88.817, 21.901], [88.818, 21.901], [88.82, 21.9], [88.823, 21.899], [88.826, 21.899], [88.828, 21.899], [88.829, 21.898], [88.83, 21.898], [88.831, 21.897], [88.833, 21.896], [88.838, 21.892], [88.839, 21.889], [88.841, 21.888], [88.841, 21.886], [88.841, 21.883], [88.84, 21.881], [88.84, 21.879], [88.839, 21.876], [88.838, 21.875], [88.837, 21.873], [88.835, 21.871], [88.834, 21.869], [88.831, 21.866], [88.83, 21.865], [88.828, 21.865], [88.827, 21.866], [88.825, 21.867], [88.825, 21.868], [88.824, 21.87], [88.823, 21.872], [88.819, 21.872], [88.817, 21.872], [88.814, 21.871], [88.813, 21.871], [88.811, 21.87], [88.81, 21.869], [88.809, 21.869], [88.807, 21.868], [88.805, 21.868], [88.803, 21.869], [88.802, 21.869], [88.801, 21.87], [88.801, 21.873], [88.801, 21.874], [88.802, 21.876], [88.802, 21.878], [88.805, 21.88], [88.806, 21.881], [88.808, 21.881], [88.809, 21.883], [88.809, 21.885], [88.809, 21.888], [88.81, 21.893], [88.81, 21.894], [88.811, 21.894], [88.811, 21.896], [88.812, 21.897], [88.813, 21.898], [88.814, 21.899], [88.815, 21.901], [88.816, 21.901], [88.817, 21.901]]], [[[88.562, 21.897], [88.565, 21.898], [88.566, 21.899], [88.568, 21.9], [88.571, 21.901], [88.572, 21.9], [88.572, 21.898], [88.573, 21.896], [88.574, 21.894], [88.575, 21.892], [88.576, 21.891], [88.576, 21.889], [88.576, 21.888], [88.576, 21.887], [88.576, 21.885], [88.576, 21.883], [88.574, 21.881], [88.574, 21.88], [88.574, 21.877], [88.573, 21.872], [88.573, 21.862], [88.573, 21.859], [88.572, 21.857], [88.572, 21.855], [88.571, 21.854], [88.57, 21.852], [88.569, 21.85], [88.569, 21.849], [88.568, 21.847], [88.567, 21.845], [88.567, 21.844], [88.567, 21.841], [88.566, 21.839], [88.565, 21.837], [88.564, 21.835], [88.564, 21.833], [88.563, 21.831], [88.562, 21.83], [88.561, 21.83], [88.56, 21.83], [88.558, 21.829], [88.556, 21.828], [88.555, 21.828], [88.553, 21.829], [88.552, 21.831], [88.551, 21.832], [88.55, 21.831], [88.551, 21.83], [88.552, 21.828], [88.553, 21.827], [88.554, 21.825], [88.554, 21.824], [88.553, 21.818], [88.552, 21.818], [88.551, 21.817], [88.549, 21.818], [88.548, 21.819], [88.547, 21.82], [88.547, 21.822], [88.546, 21.824], [88.545, 21.826], [88.543, 21.828], [88.543, 21.829], [88.541, 21.83], [88.539, 21.832], [88.537, 21.832], [88.535, 21.833], [88.534, 21.834], [88.533, 21.836], [88.533, 21.839], [88.532, 21.84], [88.532, 21.842], [88.531, 21.844], [88.531, 21.847], [88.531, 21.849], [88.532, 21.851], [88.534, 21.851], [88.535, 21.852], [88.538, 21.853], [88.54, 21.854], [88.541, 21.854], [88.543, 21.858], [88.543, 21.859], [88.543, 21.863], [88.542, 21.865], [88.542, 21.867], [88.541, 21.868], [88.54, 21.87], [88.541, 21.871], [88.543, 21.872], [88.544, 21.873], [88.545, 21.874], [88.547, 21.875], [88.548, 21.877], [88.549, 21.878], [88.55, 21.879], [88.55, 21.881], [88.55, 21.883], [88.55, 21.885], [88.549, 21.887], [88.549, 21.89], [88.549, 21.893], [88.547, 21.895], [88.545, 21.896], [88.543, 21.898], [88.541, 21.9], [88.541, 21.901], [88.541, 21.903], [88.543, 21.904], [88.545, 21.905], [88.548, 21.904], [88.55, 21.903], [88.551, 21.902], [88.553, 21.901], [88.555, 21.9], [88.557, 21.899], [88.559, 21.899], [88.56, 21.898], [88.562, 21.898], [88.562, 21.897]]], [[[88.425, 21.904], [88.423, 21.904], [88.422, 21.904], [88.421, 21.905], [88.422, 21.906], [88.424, 21.906], [88.425, 21.905], [88.425, 21.904]]], [[[88.446, 21.905], [88.448, 21.905], [88.451, 21.905], [88.452, 21.904], [88.453, 21.903], [88.453, 21.901], [88.454, 21.9], [88.455, 21.899], [88.455, 21.897], [88.457, 21.895], [88.459, 21.894], [88.461, 21.894], [88.464, 21.893], [88.466, 21.892], [88.467, 21.892], [88.469, 21.892], [88.471, 21.892], [88.473, 21.891], [88.476, 21.891], [88.478, 21.89], [88.48, 21.889], [88.482, 21.888], [88.483, 21.886], [88.484, 21.884], [88.485, 21.882], [88.484, 21.88], [88.484, 21.877], [88.485, 21.875], [88.485, 21.873], [88.486, 21.871], [88.49, 21.858], [88.491, 21.85], [88.489, 21.843], [88.489, 21.838], [88.487, 21.838], [88.486, 21.838], [88.484, 21.838], [88.482, 21.837], [88.48, 21.838], [88.478, 21.838], [88.476, 21.837], [88.474, 21.836], [88.473, 21.833], [88.472, 21.832], [88.47, 21.83], [88.469, 21.829], [88.467, 21.828], [88.467, 21.827], [88.465, 21.826], [88.464, 21.825], [88.463, 21.825], [88.461, 21.824], [88.459, 21.824], [88.458, 21.823], [88.457, 21.823], [88.454, 21.822], [88.452, 21.821], [88.451, 21.819], [88.449, 21.818], [88.449, 21.816], [88.448, 21.814], [88.448, 21.812], [88.448, 21.81], [88.448, 21.807], [88.449, 21.806], [88.449, 21.805], [88.45, 21.804], [88.452, 21.803], [88.453, 21.802], [88.454, 21.8], [88.455, 21.799], [88.457, 21.798], [88.459, 21.797], [88.461, 21.796], [88.463, 21.796], [88.465, 21.794], [88.464, 21.792], [88.462, 21.79], [88.461, 21.79], [88.459, 21.791], [88.457, 21.793], [88.455, 21.794], [88.454, 21.796], [88.452, 21.797], [88.45, 21.799], [88.448, 21.8], [88.446, 21.801], [88.444, 21.802], [88.442, 21.802], [88.44, 21.801], [88.437, 21.801], [88.434, 21.801], [88.432, 21.8], [88.431, 21.8], [88.43, 21.801], [88.429, 21.803], [88.429, 21.805], [88.428, 21.806], [88.428, 21.808], [88.427, 21.809], [88.427, 21.811], [88.425, 21.812], [88.423, 21.812], [88.421, 21.812], [88.419, 21.812], [88.417, 21.811], [88.415, 21.809], [88.414, 21.807], [88.413, 21.806], [88.411, 21.804], [88.409, 21.803], [88.408, 21.802], [88.406, 21.8], [88.405, 21.799], [88.403, 21.798], [88.402, 21.798], [88.402, 21.799], [88.402, 21.8], [88.402, 21.802], [88.402, 21.804], [88.402, 21.806], [88.401, 21.808], [88.401, 21.809], [88.401, 21.811], [88.4, 21.813], [88.4, 21.814], [88.399, 21.816], [88.399, 21.817], [88.398, 21.819], [88.398, 21.82], [88.397, 21.822], [88.396, 21.823], [88.395, 21.824], [88.395, 21.825], [88.394, 21.827], [88.394, 21.828], [88.393, 21.829], [88.393, 21.836], [88.396, 21.842], [88.399, 21.85], [88.399, 21.852], [88.401, 21.858], [88.4, 21.86], [88.4, 21.862], [88.4, 21.863], [88.4, 21.865], [88.4, 21.867], [88.399, 21.869], [88.4, 21.871], [88.4, 21.873], [88.401, 21.874], [88.403, 21.876], [88.404, 21.878], [88.405, 21.879], [88.407, 21.88], [88.409, 21.881], [88.411, 21.883], [88.413, 21.884], [88.415, 21.886], [88.417, 21.887], [88.418, 21.888], [88.419, 21.89], [88.42, 21.891], [88.42, 21.894], [88.419, 21.896], [88.419, 21.898], [88.419, 21.9], [88.419, 21.902], [88.42, 21.903], [88.422, 21.903], [88.424, 21.903], [88.426, 21.902], [88.43, 21.902], [88.433, 21.901], [88.435, 21.901], [88.437, 21.902], [88.439, 21.904], [88.44, 21.906], [88.443, 21.906], [88.445, 21.905], [88.446, 21.905]]], [[[88.718, 21.907], [88.719, 21.906], [88.722, 21.903], [88.723, 21.902], [88.726, 21.9], [88.728, 21.899], [88.731, 21.898], [88.732, 21.898], [88.739, 21.899], [88.743, 21.899], [88.745, 21.898], [88.746, 21.898], [88.747, 21.897], [88.748, 21.896], [88.749, 21.895], [88.749, 21.893], [88.748, 21.891], [88.749, 21.889], [88.751, 21.887], [88.753, 21.886], [88.755, 21.886], [88.757, 21.884], [88.756, 21.883], [88.756, 21.881], [88.758, 21.879], [88.76, 21.878], [88.763, 21.878], [88.765, 21.877], [88.768, 21.877], [88.769, 21.877], [88.77, 21.877], [88.771, 21.876], [88.772, 21.875], [88.773, 21.874], [88.773, 21.872], [88.774, 21.871], [88.775, 21.87], [88.775, 21.868], [88.775, 21.866], [88.778, 21.862], [88.78, 21.86], [88.78, 21.859], [88.778, 21.858], [88.777, 21.858], [88.774, 21.857], [88.773, 21.857], [88.772, 21.856], [88.769, 21.853], [88.769, 21.851], [88.768, 21.846], [88.768, 21.845], [88.767, 21.844], [88.766, 21.843], [88.766, 21.841], [88.765, 21.839], [88.765, 21.838], [88.764, 21.835], [88.764, 21.829], [88.765, 21.827], [88.766, 21.826], [88.767, 21.826], [88.769, 21.825], [88.771, 21.824], [88.775, 21.824], [88.776, 21.824], [88.776, 21.82], [88.775, 21.819], [88.774, 21.817], [88.774, 21.815], [88.774, 21.814], [88.775, 21.812], [88.775, 21.81], [88.774, 21.809], [88.773, 21.807], [88.77, 21.804], [88.768, 21.801], [88.768, 21.8], [88.767, 21.798], [88.766, 21.796], [88.766, 21.794], [88.766, 21.793], [88.765, 21.791], [88.765, 21.79], [88.764, 21.789], [88.764, 21.788], [88.762, 21.785], [88.757, 21.781], [88.756, 21.782], [88.756, 21.783], [88.755, 21.784], [88.754, 21.785], [88.754, 21.786], [88.753, 21.788], [88.753, 21.793], [88.752, 21.797], [88.751, 21.799], [88.751, 21.805], [88.751, 21.808], [88.752, 21.809], [88.753, 21.812], [88.753, 21.814], [88.75, 21.816], [88.748, 21.815], [88.747, 21.813], [88.742, 21.808], [88.739, 21.805], [88.738, 21.803], [88.738, 21.801], [88.737, 21.799], [88.731, 21.798], [88.731, 21.797], [88.729, 21.797], [88.728, 21.796], [88.726, 21.795], [88.724, 21.795], [88.723, 21.796], [88.723, 21.8], [88.722, 21.802], [88.722, 21.803], [88.721, 21.804], [88.72, 21.806], [88.718, 21.808], [88.715, 21.809], [88.712, 21.811], [88.709, 21.81], [88.708, 21.811], [88.707, 21.813], [88.706, 21.815], [88.705, 21.817], [88.704, 21.818], [88.704, 21.819], [88.704, 21.823], [88.704, 21.826], [88.705, 21.828], [88.706, 21.828], [88.708, 21.827], [88.709, 21.827], [88.711, 21.826], [88.712, 21.826], [88.715, 21.826], [88.716, 21.826], [88.719, 21.829], [88.719, 21.831], [88.721, 21.834], [88.723, 21.834], [88.724, 21.835], [88.726, 21.836], [88.728, 21.836], [88.728, 21.837], [88.728, 21.837], [88.725, 21.837], [88.724, 21.836], [88.723, 21.836], [88.722, 21.835], [88.72, 21.835], [88.718, 21.833], [88.718, 21.83], [88.716, 21.827], [88.713, 21.827], [88.711, 21.827], [88.71, 21.828], [88.709, 21.829], [88.707, 21.829], [88.704, 21.829], [88.703, 21.828], [88.703, 21.825], [88.702, 21.825], [88.701, 21.827], [88.701, 21.83], [88.701, 21.832], [88.699, 21.834], [88.698, 21.836], [88.697, 21.839], [88.696, 21.841], [88.696, 21.842], [88.698, 21.844], [88.699, 21.846], [88.7, 21.847], [88.701, 21.848], [88.701, 21.851], [88.701, 21.853], [88.702, 21.855], [88.705, 21.856], [88.707, 21.856], [88.708, 21.855], [88.709, 21.854], [88.711, 21.854], [88.712, 21.853], [88.714, 21.854], [88.716, 21.854], [88.717, 21.855], [88.717, 21.856], [88.716, 21.856], [88.715, 21.856], [88.714, 21.855], [88.712, 21.855], [88.71, 21.856], [88.708, 21.857], [88.707, 21.858], [88.704, 21.858], [88.701, 21.856], [88.7, 21.854], [88.7, 21.853], [88.699, 21.852], [88.699, 21.849], [88.697, 21.848], [88.697, 21.849], [88.698, 21.851], [88.698, 21.853], [88.699, 21.855], [88.699, 21.857], [88.698, 21.86], [88.699, 21.861], [88.701, 21.864], [88.702, 21.866], [88.703, 21.868], [88.704, 21.869], [88.704, 21.871], [88.705, 21.873], [88.706, 21.873], [88.706, 21.875], [88.707, 21.876], [88.707, 21.877], [88.708, 21.879], [88.709, 21.881], [88.711, 21.883], [88.711, 21.885], [88.712, 21.886], [88.712, 21.886], [88.713, 21.889], [88.713, 21.89], [88.713, 21.892], [88.714, 21.893], [88.715, 21.895], [88.715, 21.898], [88.716, 21.9], [88.716, 21.903], [88.717, 21.906], [88.718, 21.907]]], [[[88.107, 21.894], [88.109, 21.893], [88.111, 21.891], [88.112, 21.888], [88.111, 21.887], [88.111, 21.886], [88.11, 21.885], [88.109, 21.884], [88.106, 21.887], [88.105, 21.89], [88.105, 21.891], [88.105, 21.896], [88.104, 21.898], [88.105, 21.899], [88.106, 21.901], [88.107, 21.902], [88.108, 21.903], [88.109, 21.905], [88.109, 21.906], [88.11, 21.908], [88.111, 21.909], [88.113, 21.911], [88.113, 21.91], [88.112, 21.908], [88.111, 21.907], [88.109, 21.904], [88.108, 21.903], [88.108, 21.901], [88.107, 21.899], [88.106, 21.896], [88.107, 21.894], [88.107, 21.894]]], [[[88.505, 21.913], [88.509, 21.912], [88.509, 21.91], [88.507, 21.908], [88.506, 21.907], [88.505, 21.906], [88.504, 21.904], [88.503, 21.903], [88.503, 21.902], [88.502, 21.901], [88.501, 21.899], [88.499, 21.897], [88.499, 21.896], [88.497, 21.895], [88.495, 21.893], [88.493, 21.892], [88.489, 21.889], [88.487, 21.892], [88.479, 21.896], [88.478, 21.897], [88.477, 21.898], [88.477, 21.899], [88.477, 21.902], [88.478, 21.902], [88.479, 21.904], [88.483, 21.907], [88.484, 21.908], [88.485, 21.908], [88.486, 21.909], [88.487, 21.909], [88.489, 21.91], [88.491, 21.911], [88.495, 21.911], [88.497, 21.912], [88.498, 21.913], [88.5, 21.913], [88.502, 21.913], [88.505, 21.913]]], [[[88.452, 21.906], [88.45, 21.906], [88.448, 21.906], [88.447, 21.906], [88.445, 21.906], [88.444, 21.907], [88.442, 21.908], [88.443, 21.91], [88.445, 21.911], [88.448, 21.911], [88.451, 21.912], [88.453, 21.913], [88.456, 21.914], [88.457, 21.913], [88.456, 21.911], [88.455, 21.91], [88.454, 21.909], [88.454, 21.907], [88.452, 21.906]]], [[[88.64, 21.922], [88.642, 21.921], [88.644, 21.92], [88.646, 21.919], [88.647, 21.918], [88.648, 21.917], [88.65, 21.917], [88.653, 21.917], [88.654, 21.917], [88.657, 21.916], [88.659, 21.915], [88.661, 21.914], [88.662, 21.914], [88.663, 21.914], [88.666, 21.914], [88.668, 21.913], [88.667, 21.91], [88.667, 21.908], [88.666, 21.907], [88.665, 21.905], [88.662, 21.901], [88.661, 21.899], [88.66, 21.898], [88.659, 21.897], [88.659, 21.894], [88.658, 21.891], [88.657, 21.89], [88.657, 21.888], [88.656, 21.887], [88.654, 21.884], [88.654, 21.882], [88.653, 21.881], [88.653, 21.876], [88.653, 21.874], [88.648, 21.872], [88.646, 21.872], [88.645, 21.873], [88.642, 21.874], [88.64, 21.873], [88.639, 21.873], [88.637, 21.872], [88.636, 21.871], [88.635, 21.871], [88.633, 21.872], [88.634, 21.874], [88.636, 21.875], [88.636, 21.877], [88.636, 21.878], [88.635, 21.88], [88.633, 21.881], [88.631, 21.882], [88.63, 21.883], [88.629, 21.885], [88.629, 21.887], [88.629, 21.89], [88.629, 21.892], [88.628, 21.894], [88.628, 21.897], [88.626, 21.898], [88.625, 21.899], [88.623, 21.901], [88.624, 21.903], [88.626, 21.904], [88.628, 21.906], [88.629, 21.907], [88.63, 21.908], [88.631, 21.91], [88.632, 21.911], [88.633, 21.912], [88.633, 21.913], [88.634, 21.915], [88.635, 21.917], [88.636, 21.919], [88.637, 21.921], [88.64, 21.922]]], [[[88.135, 21.927], [88.136, 21.925], [88.136, 21.924], [88.137, 21.923], [88.139, 21.921], [88.14, 21.919], [88.142, 21.917], [88.144, 21.916], [88.144, 21.915], [88.144, 21.914], [88.143, 21.913], [88.142, 21.912], [88.141, 21.911], [88.14, 21.909], [88.14, 21.908], [88.139, 21.907], [88.138, 21.906], [88.137, 21.904], [88.135, 21.903], [88.134, 21.901], [88.132, 21.9], [88.131, 21.899], [88.129, 21.9], [88.128, 21.9], [88.126, 21.901], [88.125, 21.902], [88.124, 21.903], [88.124, 21.905], [88.123, 21.907], [88.121, 21.909], [88.119, 21.91], [88.118, 21.912], [88.117, 21.914], [88.117, 21.916], [88.116, 21.918], [88.119, 21.921], [88.122, 21.924], [88.123, 21.925], [88.125, 21.926], [88.126, 21.926], [88.128, 21.926], [88.131, 21.927], [88.132, 21.927], [88.134, 21.928], [88.135, 21.927]]], [[[88.837, 21.918], [88.868, 21.915], [88.881, 21.917], [88.888, 21.915], [88.902, 21.919], [88.912, 21.927], [88.915, 21.928], [88.921, 21.926], [88.923, 21.924], [88.924, 21.924], [88.929, 21.92], [88.933, 21.917], [88.934, 21.916], [88.935, 21.915], [88.937, 21.914], [88.938, 21.914], [88.939, 21.913], [88.941, 21.913], [88.942, 21.912], [88.943, 21.911], [88.944, 21.911], [88.947, 21.91], [88.948, 21.909], [88.951, 21.908], [88.953, 21.907], [88.954, 21.907], [88.956, 21.906], [88.957, 21.905], [88.959, 21.905], [88.961, 21.904], [88.963, 21.903], [88.964, 21.902], [88.966, 21.902], [88.967, 21.901], [88.968, 21.901], [88.969, 21.9], [88.971, 21.9], [88.972, 21.899], [88.973, 21.898], [88.974, 21.896], [88.971, 21.895], [88.969, 21.895], [88.967, 21.894], [88.966, 21.893], [88.966, 21.89], [88.967, 21.888], [88.967, 21.886], [88.968, 21.885], [88.969, 21.883], [88.97, 21.882], [88.971, 21.88], [88.971, 21.879], [88.972, 21.878], [88.973, 21.876], [88.973, 21.875], [88.974, 21.874], [88.975, 21.872], [88.975, 21.871], [88.976, 21.87], [88.976, 21.867], [88.974, 21.867], [88.972, 21.866], [88.97, 21.866], [88.969, 21.865], [88.968, 21.865], [88.966, 21.864], [88.965, 21.863], [88.962, 21.861], [88.961, 21.86], [88.961, 21.859], [88.96, 21.857], [88.957, 21.854], [88.956, 21.854], [88.955, 21.856], [88.953, 21.858], [88.953, 21.86], [88.952, 21.861], [88.952, 21.864], [88.952, 21.864], [88.954, 21.866], [88.955, 21.866], [88.956, 21.867], [88.957, 21.867], [88.958, 21.868], [88.959, 21.87], [88.952, 21.877], [88.952, 21.878], [88.951, 21.881], [88.951, 21.883], [88.951, 21.885], [88.95, 21.886], [88.949, 21.887], [88.947, 21.887], [88.946, 21.886], [88.944, 21.885], [88.943, 21.885], [88.943, 21.883], [88.944, 21.884], [88.946, 21.884], [88.947, 21.885], [88.949, 21.885], [88.95, 21.88], [88.95, 21.878], [88.951, 21.876], [88.951, 21.875], [88.953, 21.874], [88.957, 21.87], [88.956, 21.868], [88.954, 21.867], [88.951, 21.865], [88.951, 21.862], [88.951, 21.861], [88.952, 21.858], [88.952, 21.857], [88.952, 21.853], [88.952, 21.851], [88.951, 21.849], [88.951, 21.848], [88.95, 21.846], [88.949, 21.844], [88.949, 21.843], [88.948, 21.842], [88.946, 21.842], [88.946, 21.843], [88.945, 21.844], [88.944, 21.845], [88.944, 21.847], [88.941, 21.849], [88.941, 21.852], [88.939, 21.854], [88.933, 21.854], [88.93, 21.853], [88.929, 21.853], [88.927, 21.853], [88.925, 21.854], [88.918, 21.861], [88.917, 21.862], [88.917, 21.864], [88.916, 21.867], [88.916, 21.869], [88.916, 21.871], [88.915, 21.875], [88.916, 21.878], [88.915, 21.88], [88.914, 21.881], [88.911, 21.881], [88.91, 21.88], [88.908, 21.879], [88.907, 21.879], [88.907, 21.878], [88.909, 21.878], [88.911, 21.879], [88.913, 21.88], [88.914, 21.877], [88.914, 21.876], [88.914, 21.872], [88.915, 21.869], [88.916, 21.866], [88.915, 21.862], [88.915, 21.861], [88.92, 21.857], [88.921, 21.855], [88.924, 21.852], [88.925, 21.851], [88.926, 21.851], [88.927, 21.851], [88.929, 21.851], [88.931, 21.851], [88.933, 21.851], [88.935, 21.852], [88.938, 21.852], [88.939, 21.85], [88.938, 21.849], [88.937, 21.848], [88.935, 21.848], [88.933, 21.846], [88.933, 21.843], [88.933, 21.841], [88.933, 21.839], [88.931, 21.838], [88.93, 21.838], [88.926, 21.838], [88.924, 21.836], [88.923, 21.832], [88.924, 21.831], [88.924, 21.826], [88.923, 21.824], [88.921, 21.824], [88.919, 21.825], [88.918, 21.826], [88.916, 21.827], [88.914, 21.827], [88.913, 21.827], [88.912, 21.826], [88.911, 21.826], [88.91, 21.825], [88.908, 21.823], [88.906, 21.823], [88.903, 21.822], [88.902, 21.822], [88.901, 21.821], [88.899, 21.819], [88.895, 21.816], [88.893, 21.815], [88.892, 21.813], [88.89, 21.813], [88.887, 21.813], [88.886, 21.813], [88.885, 21.815], [88.884, 21.817], [88.882, 21.819], [88.88, 21.821], [88.881, 21.823], [88.881, 21.825], [88.882, 21.826], [88.882, 21.828], [88.881, 21.831], [88.881, 21.833], [88.88, 21.834], [88.88, 21.835], [88.879, 21.839], [88.879, 21.841], [88.878, 21.844], [88.878, 21.846], [88.878, 21.848], [88.878, 21.851], [88.878, 21.853], [88.878, 21.854], [88.875, 21.855], [88.873, 21.855], [88.87, 21.854], [88.868, 21.855], [88.866, 21.856], [88.861, 21.856], [88.86, 21.857], [88.857, 21.859], [88.857, 21.86], [88.858, 21.862], [88.859, 21.863], [88.861, 21.864], [88.86, 21.866], [88.859, 21.867], [88.857, 21.867], [88.854, 21.869], [88.854, 21.873], [88.854, 21.876], [88.854, 21.879], [88.854, 21.886], [88.853, 21.888], [88.854, 21.889], [88.853, 21.89], [88.851, 21.893], [88.851, 21.894], [88.85, 21.895], [88.846, 21.899], [88.841, 21.905], [88.838, 21.907], [88.836, 21.909], [88.834, 21.91], [88.832, 21.91], [88.831, 21.911], [88.829, 21.912], [88.828, 21.912], [88.827, 21.913], [88.824, 21.916], [88.823, 21.917], [88.822, 21.919], [88.821, 21.921], [88.821, 21.923], [88.82, 21.927], [88.821, 21.929], [88.826, 21.927], [88.837, 21.918]]], [[[88.724, 21.932], [88.725, 21.931], [88.726, 21.929], [88.726, 21.927], [88.727, 21.926], [88.728, 21.925], [88.731, 21.922], [88.733, 21.919], [88.734, 21.919], [88.735, 21.918], [88.738, 21.918], [88.741, 21.918], [88.743, 21.919], [88.744, 21.919], [88.746, 21.92], [88.749, 21.923], [88.751, 21.925], [88.752, 21.926], [88.753, 21.926], [88.754, 21.927], [88.756, 21.927], [88.76, 21.926], [88.763, 21.926], [88.768, 21.926], [88.771, 21.925], [88.774, 21.925], [88.776, 21.924], [88.777, 21.922], [88.78, 21.921], [88.781, 21.92], [88.783, 21.919], [88.784, 21.919], [88.786, 21.918], [88.787, 21.918], [88.793, 21.918], [88.794, 21.918], [88.796, 21.919], [88.797, 21.919], [88.799, 21.92], [88.8, 21.918], [88.801, 21.917], [88.802, 21.916], [88.804, 21.914], [88.805, 21.913], [88.806, 21.911], [88.808, 21.909], [88.812, 21.905], [88.814, 21.903], [88.814, 21.901], [88.812, 21.899], [88.81, 21.897], [88.809, 21.894], [88.809, 21.89], [88.809, 21.889], [88.808, 21.885], [88.807, 21.883], [88.805, 21.882], [88.804, 21.881], [88.802, 21.879], [88.8, 21.879], [88.799, 21.878], [88.797, 21.876], [88.796, 21.875], [88.796, 21.874], [88.795, 21.872], [88.794, 21.871], [88.794, 21.869], [88.793, 21.867], [88.79, 21.865], [88.788, 21.865], [88.787, 21.866], [88.788, 21.867], [88.791, 21.87], [88.793, 21.872], [88.793, 21.874], [88.793, 21.876], [88.793, 21.878], [88.792, 21.879], [88.789, 21.879], [88.787, 21.879], [88.786, 21.879], [88.784, 21.877], [88.784, 21.875], [88.783, 21.874], [88.779, 21.87], [88.777, 21.869], [88.776, 21.871], [88.775, 21.872], [88.774, 21.874], [88.774, 21.875], [88.773, 21.877], [88.771, 21.878], [88.769, 21.879], [88.768, 21.879], [88.766, 21.879], [88.763, 21.879], [88.761, 21.879], [88.758, 21.88], [88.758, 21.883], [88.758, 21.886], [88.757, 21.887], [88.755, 21.888], [88.754, 21.888], [88.752, 21.888], [88.751, 21.889], [88.75, 21.891], [88.751, 21.893], [88.751, 21.894], [88.75, 21.896], [88.748, 21.898], [88.747, 21.898], [88.746, 21.899], [88.745, 21.899], [88.743, 21.9], [88.741, 21.901], [88.738, 21.9], [88.734, 21.9], [88.729, 21.9], [88.728, 21.9], [88.726, 21.901], [88.725, 21.903], [88.721, 21.907], [88.719, 21.91], [88.718, 21.911], [88.717, 21.914], [88.717, 21.916], [88.717, 21.919], [88.717, 21.92], [88.718, 21.923], [88.719, 21.925], [88.719, 21.926], [88.721, 21.929], [88.721, 21.93], [88.723, 21.931], [88.724, 21.932]]], [[[88.163, 21.937], [88.165, 21.937], [88.166, 21.936], [88.167, 21.936], [88.168, 21.935], [88.171, 21.933], [88.171, 21.931], [88.171, 21.929], [88.171, 21.927], [88.171, 21.925], [88.17, 21.924], [88.17, 21.921], [88.168, 21.919], [88.167, 21.918], [88.165, 21.916], [88.164, 21.918], [88.164, 21.919], [88.163, 21.921], [88.162, 21.922], [88.162, 21.924], [88.161, 21.926], [88.16, 21.927], [88.16, 21.929], [88.161, 21.932], [88.161, 21.936], [88.163, 21.937], [88.163, 21.937]]], [[[88.745, 21.98], [88.748, 21.98], [88.75, 21.979], [88.751, 21.978], [88.752, 21.978], [88.754, 21.976], [88.755, 21.974], [88.754, 21.972], [88.753, 21.969], [88.753, 21.967], [88.752, 21.966], [88.752, 21.965], [88.751, 21.963], [88.75, 21.961], [88.749, 21.959], [88.75, 21.957], [88.75, 21.955], [88.752, 21.954], [88.755, 21.953], [88.757, 21.952], [88.76, 21.951], [88.762, 21.95], [88.764, 21.948], [88.765, 21.947], [88.767, 21.945], [88.769, 21.944], [88.771, 21.943], [88.772, 21.943], [88.774, 21.942], [88.776, 21.941], [88.777, 21.942], [88.779, 21.943], [88.78, 21.944], [88.781, 21.946], [88.782, 21.948], [88.783, 21.949], [88.783, 21.95], [88.785, 21.952], [88.787, 21.952], [88.787, 21.95], [88.787, 21.948], [88.787, 21.945], [88.787, 21.943], [88.788, 21.941], [88.79, 21.94], [88.792, 21.939], [88.794, 21.939], [88.796, 21.94], [88.799, 21.94], [88.802, 21.94], [88.804, 21.939], [88.805, 21.937], [88.806, 21.936], [88.806, 21.934], [88.805, 21.932], [88.803, 21.93], [88.801, 21.927], [88.799, 21.926], [88.798, 21.925], [88.796, 21.924], [88.794, 21.923], [88.792, 21.921], [88.79, 21.92], [88.788, 21.92], [88.787, 21.921], [88.785, 21.922], [88.784, 21.923], [88.783, 21.924], [88.781, 21.925], [88.78, 21.926], [88.778, 21.927], [88.777, 21.928], [88.775, 21.928], [88.772, 21.929], [88.77, 21.93], [88.767, 21.93], [88.765, 21.93], [88.763, 21.931], [88.76, 21.931], [88.758, 21.931], [88.756, 21.931], [88.754, 21.93], [88.752, 21.929], [88.75, 21.929], [88.749, 21.928], [88.747, 21.927], [88.745, 21.925], [88.744, 21.924], [88.742, 21.923], [88.741, 21.922], [88.739, 21.922], [88.738, 21.923], [88.736, 21.924], [88.734, 21.924], [88.733, 21.925], [88.732, 21.927], [88.731, 21.928], [88.731, 21.929], [88.73, 21.93], [88.729, 21.932], [88.728, 21.934], [88.725, 21.938], [88.724, 21.941], [88.723, 21.942], [88.722, 21.943], [88.723, 21.945], [88.723, 21.947], [88.723, 21.948], [88.724, 21.95], [88.723, 21.956], [88.723, 21.958], [88.723, 21.96], [88.723, 21.961], [88.723, 21.962], [88.723, 21.963], [88.723, 21.965], [88.723, 21.966], [88.723, 21.968], [88.724, 21.97], [88.724, 21.971], [88.724, 21.973], [88.724, 21.974], [88.725, 21.977], [88.725, 21.979], [88.727, 21.979], [88.73, 21.979], [88.732, 21.979], [88.735, 21.979], [88.737, 21.979], [88.739, 21.979], [88.741, 21.979], [88.743, 21.98], [88.745, 21.98], [88.745, 21.98]]], [[[88.759, 21.999], [88.759, 21.996], [88.758, 21.995], [88.757, 21.994], [88.756, 21.993], [88.755, 21.991], [88.754, 21.99], [88.753, 21.989], [88.753, 21.988], [88.751, 21.988], [88.75, 21.987], [88.749, 21.986], [88.747, 21.984], [88.745, 21.983], [88.744, 21.983], [88.743, 21.984], [88.742, 21.986], [88.742, 21.988], [88.742, 21.989], [88.742, 21.99], [88.744, 21.992], [88.745, 21.993], [88.747, 21.994], [88.749, 21.996], [88.751, 21.998], [88.752, 21.999], [88.753, 22.0], [88.754, 22.002], [88.755, 22.003], [88.756, 22.005], [88.757, 22.006], [88.758, 22.007], [88.759, 22.006], [88.76, 22.004], [88.76, 22.002], [88.759, 21.999]]], [[[88.66, 22.019], [88.662, 22.018], [88.664, 22.017], [88.665, 22.017], [88.667, 22.017], [88.669, 22.018], [88.671, 22.019], [88.674, 22.019], [88.676, 22.018], [88.677, 22.017], [88.679, 22.016], [88.681, 22.015], [88.683, 22.014], [88.685, 22.014], [88.687, 22.013], [88.688, 22.013], [88.69, 22.012], [88.693, 22.011], [88.695, 22.009], [88.696, 22.007], [88.698, 22.005], [88.7, 22.004], [88.702, 22.003], [88.704, 22.003], [88.706, 22.002], [88.709, 22.002], [88.712, 22.002], [88.714, 22.002], [88.716, 22.001], [88.715, 21.999], [88.715, 21.998], [88.714, 21.996], [88.712, 21.995], [88.711, 21.994], [88.709, 21.993], [88.708, 21.991], [88.706, 21.99], [88.705, 21.988], [88.703, 21.987], [88.702, 21.985], [88.701, 21.983], [88.7, 21.981], [88.7, 21.98], [88.699, 21.979], [88.698, 21.978], [88.697, 21.976], [88.695, 21.974], [88.694, 21.972], [88.693, 21.97], [88.692, 21.97], [88.69, 21.971], [88.688, 21.972], [88.686, 21.974], [88.687, 21.976], [88.688, 21.977], [88.689, 21.979], [88.69, 21.98], [88.692, 21.982], [88.692, 21.983], [88.693, 21.985], [88.692, 21.987], [88.691, 21.989], [88.688, 21.991], [88.688, 21.992], [88.688, 21.99], [88.69, 21.989], [88.691, 21.987], [88.692, 21.985], [88.691, 21.984], [88.691, 21.982], [88.689, 21.981], [88.688, 21.979], [88.687, 21.977], [88.686, 21.976], [88.685, 21.974], [88.686, 21.972], [88.687, 21.971], [88.69, 21.97], [88.691, 21.969], [88.693, 21.967], [88.694, 21.965], [88.694, 21.964], [88.694, 21.961], [88.693, 21.959], [88.693, 21.958], [88.692, 21.957], [88.691, 21.956], [88.689, 21.955], [88.687, 21.955], [88.684, 21.954], [88.681, 21.954], [88.679, 21.954], [88.676, 21.953], [88.674, 21.953], [88.673, 21.952], [88.671, 21.952], [88.67, 21.952], [88.668, 21.953], [88.671, 21.951], [88.672, 21.951], [88.674, 21.951], [88.676, 21.952], [88.678, 21.952], [88.679, 21.953], [88.681, 21.953], [88.683, 21.953], [88.685, 21.953], [88.687, 21.953], [88.688, 21.952], [88.686, 21.951], [88.684, 21.95], [88.683, 21.949], [88.682, 21.947], [88.681, 21.946], [88.68, 21.944], [88.679, 21.943], [88.677, 21.943], [88.675, 21.945], [88.673, 21.946], [88.672, 21.947], [88.67, 21.948], [88.668, 21.949], [88.667, 21.95], [88.665, 21.951], [88.663, 21.952], [88.661, 21.953], [88.659, 21.954], [88.657, 21.954], [88.654, 21.954], [88.652, 21.954], [88.65, 21.954], [88.648, 21.954], [88.646, 21.954], [88.643, 21.954], [88.642, 21.953], [88.64, 21.952], [88.639, 21.951], [88.637, 21.951], [88.635, 21.951], [88.633, 21.952], [88.632, 21.953], [88.631, 21.955], [88.63, 21.956], [88.629, 21.958], [88.628, 21.96], [88.628, 21.962], [88.628, 21.966], [88.628, 21.968], [88.629, 21.969], [88.629, 21.971], [88.63, 21.974], [88.63, 21.976], [88.631, 21.979], [88.631, 21.981], [88.631, 21.983], [88.632, 21.985], [88.632, 21.987], [88.633, 21.988], [88.633, 21.99], [88.634, 21.992], [88.634, 21.995], [88.636, 21.997], [88.637, 21.998], [88.639, 21.999], [88.641, 22.0], [88.644, 22.005], [88.646, 22.006], [88.646, 22.008], [88.647, 22.009], [88.647, 22.011], [88.649, 22.013], [88.65, 22.014], [88.651, 22.016], [88.652, 22.017], [88.654, 22.019], [88.656, 22.019], [88.657, 22.02], [88.659, 22.02], [88.66, 22.019]]], [[[88.141, 22.026], [88.144, 22.025], [88.144, 22.023], [88.144, 22.022], [88.143, 22.021], [88.139, 22.016], [88.137, 22.013], [88.134, 22.01], [88.132, 22.007], [88.13, 22.005], [88.129, 22.003], [88.128, 22.001], [88.128, 22.0], [88.127, 21.998], [88.126, 21.997], [88.126, 21.996], [88.125, 21.995], [88.124, 21.993], [88.124, 21.992], [88.123, 21.99], [88.122, 21.989], [88.121, 21.986], [88.12, 21.985], [88.119, 21.984], [88.118, 21.982], [88.117, 21.98], [88.116, 21.979], [88.115, 21.977], [88.114, 21.976], [88.113, 21.974], [88.112, 21.973], [88.11, 21.97], [88.109, 21.968], [88.106, 21.965], [88.105, 21.963], [88.104, 21.962], [88.101, 21.959], [88.1, 21.957], [88.099, 21.955], [88.098, 21.954], [88.094, 21.949], [88.093, 21.947], [88.092, 21.946], [88.092, 21.944], [88.091, 21.943], [88.09, 21.942], [88.09, 21.94], [88.089, 21.938], [88.089, 21.936], [88.088, 21.934], [88.085, 21.93], [88.083, 21.932], [88.081, 21.931], [88.079, 21.929], [88.074, 21.926], [88.072, 21.926], [88.071, 21.925], [88.071, 21.924], [88.071, 21.922], [88.071, 21.921], [88.069, 21.92], [88.068, 21.92], [88.064, 21.918], [88.062, 21.917], [88.061, 21.916], [88.059, 21.915], [88.057, 21.914], [88.055, 21.913], [88.053, 21.912], [88.051, 21.912], [88.048, 21.911], [88.047, 21.912], [88.046, 21.916], [88.048, 21.928], [88.049, 21.936], [88.051, 21.943], [88.053, 21.95], [88.055, 21.955], [88.058, 21.964], [88.06, 21.969], [88.063, 21.976], [88.066, 21.981], [88.07, 21.989], [88.071, 21.991], [88.073, 21.995], [88.077, 21.999], [88.08, 22.0], [88.081, 22.001], [88.083, 22.003], [88.087, 22.006], [88.088, 22.007], [88.092, 22.01], [88.095, 22.012], [88.096, 22.012], [88.099, 22.013], [88.101, 22.013], [88.103, 22.014], [88.104, 22.014], [88.106, 22.015], [88.108, 22.015], [88.11, 22.016], [88.113, 22.016], [88.114, 22.017], [88.115, 22.016], [88.117, 22.017], [88.118, 22.017], [88.122, 22.019], [88.125, 22.019], [88.127, 22.02], [88.128, 22.02], [88.13, 22.021], [88.131, 22.022], [88.133, 22.023], [88.134, 22.023], [88.135, 22.024], [88.137, 22.025], [88.139, 22.025], [88.141, 22.026]]], [[[88.813, 22.019], [88.816, 22.02], [88.822, 22.022], [88.83, 22.021], [88.836, 22.019], [88.848, 22.017], [88.856, 22.019], [88.863, 22.024], [88.867, 22.024], [88.869, 22.021], [88.87, 22.02], [88.871, 22.017], [88.873, 22.014], [88.88, 22.011], [88.893, 22.012], [88.898, 22.013], [88.902, 22.012], [88.904, 22.008], [88.904, 22.007], [88.904, 22.0], [88.904, 21.981], [88.907, 21.962], [88.906, 21.936], [88.907, 21.931], [88.901, 21.925], [88.895, 21.922], [88.882, 21.922], [88.868, 21.922], [88.85, 21.92], [88.833, 21.935], [88.816, 21.941], [88.815, 21.941], [88.813, 21.94], [88.811, 21.939], [88.809, 21.939], [88.808, 21.939], [88.806, 21.94], [88.804, 21.941], [88.803, 21.941], [88.802, 21.942], [88.797, 21.942], [88.793, 21.941], [88.789, 21.943], [88.789, 21.946], [88.79, 21.949], [88.79, 21.952], [88.788, 21.954], [88.785, 21.955], [88.784, 21.954], [88.781, 21.951], [88.78, 21.949], [88.779, 21.948], [88.779, 21.947], [88.777, 21.945], [88.775, 21.944], [88.774, 21.944], [88.773, 21.945], [88.772, 21.946], [88.769, 21.947], [88.768, 21.948], [88.766, 21.949], [88.762, 21.953], [88.761, 21.953], [88.759, 21.954], [88.757, 21.955], [88.756, 21.955], [88.754, 21.956], [88.752, 21.957], [88.752, 21.96], [88.753, 21.961], [88.754, 21.962], [88.754, 21.965], [88.755, 21.966], [88.756, 21.969], [88.756, 21.97], [88.757, 21.972], [88.757, 21.975], [88.756, 21.977], [88.753, 21.979], [88.751, 21.981], [88.75, 21.982], [88.751, 21.984], [88.752, 21.985], [88.757, 21.985], [88.764, 21.984], [88.766, 21.985], [88.767, 21.986], [88.768, 21.986], [88.772, 21.989], [88.775, 21.989], [88.78, 21.985], [88.781, 21.984], [88.783, 21.983], [88.781, 21.979], [88.78, 21.976], [88.784, 21.972], [88.791, 21.971], [88.794, 21.971], [88.8, 21.97], [88.798, 21.972], [88.789, 21.972], [88.785, 21.973], [88.782, 21.975], [88.782, 21.977], [88.785, 21.98], [88.786, 21.983], [88.789, 21.984], [88.79, 21.985], [88.788, 21.985], [88.785, 21.984], [88.782, 21.986], [88.777, 21.99], [88.774, 21.991], [88.771, 21.991], [88.77, 21.991], [88.768, 21.99], [88.765, 21.987], [88.764, 21.986], [88.76, 21.986], [88.759, 21.987], [88.755, 21.988], [88.754, 21.988], [88.754, 21.989], [88.758, 21.993], [88.759, 21.995], [88.76, 21.997], [88.761, 21.999], [88.761, 22.001], [88.761, 22.004], [88.761, 22.006], [88.764, 22.008], [88.765, 22.009], [88.767, 22.009], [88.77, 22.01], [88.772, 22.011], [88.771, 22.012], [88.769, 22.011], [88.768, 22.011], [88.766, 22.01], [88.763, 22.009], [88.762, 22.008], [88.761, 22.009], [88.76, 22.011], [88.761, 22.013], [88.762, 22.015], [88.763, 22.016], [88.765, 22.016], [88.768, 22.016], [88.773, 22.015], [88.78, 22.016], [88.782, 22.018], [88.783, 22.019], [88.785, 22.02], [88.787, 22.021], [88.79, 22.024], [88.796, 22.027], [88.801, 22.029], [88.802, 22.03], [88.804, 22.029], [88.804, 22.027], [88.805, 22.026], [88.806, 22.024], [88.809, 22.022], [88.812, 22.02], [88.813, 22.019]]], [[[88.731, 22.045], [88.734, 22.043], [88.732, 22.043], [88.731, 22.045], [88.731, 22.045]]], [[[88.764, 22.052], [88.766, 22.052], [88.768, 22.051], [88.769, 22.051], [88.771, 22.051], [88.773, 22.051], [88.775, 22.05], [88.776, 22.049], [88.777, 22.048], [88.779, 22.047], [88.78, 22.046], [88.779, 22.044], [88.778, 22.042], [88.778, 22.04], [88.779, 22.038], [88.78, 22.037], [88.781, 22.036], [88.783, 22.035], [88.785, 22.035], [88.787, 22.034], [88.788, 22.034], [88.79, 22.033], [88.792, 22.031], [88.79, 22.029], [88.788, 22.027], [88.786, 22.026], [88.784, 22.025], [88.782, 22.023], [88.781, 22.023], [88.779, 22.021], [88.774, 22.02], [88.768, 22.021], [88.761, 22.022], [88.761, 22.026], [88.76, 22.028], [88.76, 22.029], [88.759, 22.034], [88.759, 22.036], [88.758, 22.037], [88.757, 22.039], [88.756, 22.04], [88.755, 22.042], [88.755, 22.043], [88.754, 22.045], [88.753, 22.047], [88.752, 22.049], [88.751, 22.05], [88.752, 22.052], [88.752, 22.053], [88.754, 22.053], [88.757, 22.054], [88.759, 22.053], [88.76, 22.052], [88.762, 22.052], [88.764, 22.052]]], [[[88.903, 22.045], [88.902, 22.043], [88.901, 22.041], [88.901, 22.04], [88.901, 22.038], [88.901, 22.036], [88.901, 22.035], [88.901, 22.032], [88.902, 22.029], [88.902, 22.027], [88.902, 22.025], [88.902, 22.023], [88.901, 22.018], [88.899, 22.017], [88.898, 22.017], [88.897, 22.017], [88.895, 22.016], [88.892, 22.015], [88.89, 22.015], [88.888, 22.015], [88.886, 22.015], [88.884, 22.015], [88.882, 22.015], [88.88, 22.015], [88.878, 22.015], [88.876, 22.015], [88.875, 22.017], [88.875, 22.018], [88.875, 22.02], [88.874, 22.021], [88.874, 22.023], [88.873, 22.024], [88.872, 22.026], [88.871, 22.027], [88.87, 22.028], [88.868, 22.028], [88.866, 22.028], [88.864, 22.029], [88.863, 22.03], [88.861, 22.032], [88.859, 22.033], [88.858, 22.035], [88.856, 22.036], [88.854, 22.038], [88.853, 22.04], [88.852, 22.042], [88.853, 22.043], [88.856, 22.044], [88.859, 22.044], [88.861, 22.044], [88.862, 22.044], [88.864, 22.044], [88.866, 22.043], [88.868, 22.043], [88.871, 22.043], [88.873, 22.043], [88.875, 22.043], [88.878, 22.044], [88.88, 22.044], [88.882, 22.044], [88.884, 22.044], [88.886, 22.045], [88.888, 22.045], [88.89, 22.046], [88.892, 22.047], [88.892, 22.049], [88.892, 22.051], [88.89, 22.052], [88.889, 22.054], [88.887, 22.056], [88.886, 22.057], [88.887, 22.058], [88.889, 22.057], [88.891, 22.057], [88.892, 22.056], [88.894, 22.055], [88.897, 22.054], [88.898, 22.052], [88.899, 22.052], [88.901, 22.051], [88.902, 22.051], [88.904, 22.049], [88.904, 22.048], [88.903, 22.046], [88.903, 22.045]]], [[[88.031, 22.061], [88.031, 22.059], [88.028, 22.059], [88.028, 22.061], [88.028, 22.062], [88.031, 22.061]]], [[[89.016, 22.051], [89.018, 22.05], [89.02, 22.05], [89.022, 22.05], [89.023, 22.051], [89.026, 22.052], [89.028, 22.051], [89.03, 22.051], [89.033, 22.051], [89.035, 22.051], [89.038, 22.05], [89.04, 22.049], [89.042, 22.047], [89.043, 22.045], [89.044, 22.043], [89.044, 22.042], [89.045, 22.04], [89.046, 22.039], [89.047, 22.037], [89.048, 22.035], [89.051, 22.031], [89.066, 22.016], [89.068, 22.013], [89.069, 22.011], [89.071, 22.009], [89.072, 22.008], [89.073, 22.006], [89.073, 22.005], [89.074, 22.003], [89.074, 22.002], [89.075, 22.0], [89.075, 21.998], [89.076, 21.997], [89.076, 21.995], [89.076, 21.994], [89.077, 21.992], [89.077, 21.99], [89.078, 21.988], [89.078, 21.986], [89.078, 21.984], [89.078, 21.981], [89.077, 21.98], [89.076, 21.977], [89.075, 21.975], [89.074, 21.973], [89.073, 21.971], [89.072, 21.97], [89.071, 21.973], [89.071, 21.975], [89.071, 21.978], [89.071, 21.98], [89.071, 21.983], [89.07, 21.985], [89.07, 21.983], [89.07, 21.981], [89.07, 21.979], [89.07, 21.977], [89.07, 21.974], [89.07, 21.972], [89.071, 21.97], [89.072, 21.968], [89.072, 21.965], [89.071, 21.963], [89.071, 21.961], [89.071, 21.959], [89.071, 21.957], [89.07, 21.955], [89.07, 21.953], [89.069, 21.951], [89.069, 21.949], [89.069, 21.947], [89.068, 21.945], [89.067, 21.943], [89.066, 21.941], [89.065, 21.939], [89.064, 21.937], [89.064, 21.935], [89.062, 21.934], [89.061, 21.933], [89.06, 21.932], [89.058, 21.932], [89.056, 21.932], [89.054, 21.931], [89.052, 21.93], [89.051, 21.93], [89.05, 21.931], [89.049, 21.933], [89.046, 21.933], [89.043, 21.933], [89.042, 21.934], [89.042, 21.937], [89.042, 21.94], [89.042, 21.941], [89.042, 21.944], [89.042, 21.946], [89.042, 21.949], [89.041, 21.951], [89.04, 21.95], [89.041, 21.947], [89.041, 21.944], [89.041, 21.943], [89.041, 21.94], [89.041, 21.939], [89.041, 21.936], [89.041, 21.934], [89.041, 21.933], [89.043, 21.932], [89.044, 21.932], [89.046, 21.932], [89.048, 21.931], [89.05, 21.93], [89.049, 21.929], [89.047, 21.929], [89.044, 21.929], [89.042, 21.928], [89.04, 21.928], [89.038, 21.928], [89.036, 21.928], [89.034, 21.927], [89.032, 21.926], [89.03, 21.926], [89.03, 21.928], [89.028, 21.929], [89.026, 21.93], [89.025, 21.931], [89.024, 21.932], [89.023, 21.934], [89.022, 21.935], [89.02, 21.936], [89.019, 21.937], [89.018, 21.938], [89.016, 21.939], [89.014, 21.94], [89.013, 21.941], [89.011, 21.942], [89.008, 21.943], [89.007, 21.943], [89.005, 21.944], [89.004, 21.945], [89.002, 21.946], [89.001, 21.948], [89.0, 21.95], [88.999, 21.951], [88.999, 21.953], [89.0, 21.955], [89.002, 21.958], [89.003, 21.96], [89.004, 21.961], [89.006, 21.962], [89.007, 21.963], [89.009, 21.964], [89.01, 21.966], [89.011, 21.967], [89.012, 21.968], [89.013, 21.969], [89.014, 21.97], [89.015, 21.971], [89.016, 21.972], [89.017, 21.974], [89.018, 21.976], [89.018, 21.977], [89.018, 21.979], [89.018, 21.98], [89.016, 21.983], [89.015, 21.984], [89.013, 21.985], [89.011, 21.985], [89.009, 21.985], [89.007, 21.985], [89.005, 21.985], [89.007, 21.987], [89.009, 21.988], [89.011, 21.989], [89.013, 21.99], [89.015, 21.991], [89.016, 21.993], [89.018, 21.994], [89.02, 21.995], [89.022, 21.996], [89.024, 21.996], [89.027, 21.996], [89.028, 21.996], [89.029, 21.996], [89.031, 21.997], [89.032, 21.998], [89.033, 22.0], [89.033, 22.002], [89.03, 22.002], [89.03, 21.999], [89.029, 21.998], [89.028, 21.997], [89.026, 21.997], [89.024, 21.997], [89.022, 21.998], [89.02, 21.997], [89.018, 21.996], [89.016, 21.995], [89.014, 21.994], [89.012, 21.992], [89.011, 21.991], [89.009, 21.99], [89.007, 21.989], [89.005, 21.988], [89.004, 21.987], [89.003, 21.986], [89.002, 21.984], [89.001, 21.983], [89.0, 21.981], [88.999, 21.98], [88.997, 21.979], [88.996, 21.977], [88.995, 21.976], [88.993, 21.974], [88.992, 21.974], [88.991, 21.979], [88.992, 21.981], [88.991, 21.983], [88.991, 21.984], [88.989, 21.986], [88.987, 21.988], [88.985, 21.989], [88.983, 21.989], [88.98, 21.99], [88.978, 21.99], [88.977, 21.991], [88.978, 21.991], [88.98, 21.991], [88.982, 21.992], [88.984, 21.994], [88.986, 21.995], [88.987, 21.997], [88.988, 21.998], [88.989, 21.999], [88.993, 22.0], [88.994, 22.003], [88.995, 22.005], [88.996, 22.006], [88.999, 22.007], [88.999, 22.007], [88.997, 22.007], [88.995, 22.006], [88.993, 22.005], [88.993, 22.003], [88.989, 22.0], [88.988, 21.999], [88.986, 21.998], [88.985, 21.997], [88.984, 21.995], [88.983, 21.994], [88.981, 21.993], [88.979, 21.992], [88.975, 21.993], [88.974, 21.995], [88.975, 21.996], [88.976, 21.997], [88.977, 21.999], [88.979, 22.0], [88.979, 22.002], [88.979, 22.005], [88.979, 22.006], [88.978, 22.007], [88.976, 22.009], [88.974, 22.01], [88.972, 22.011], [88.97, 22.012], [88.969, 22.013], [88.968, 22.015], [88.968, 22.016], [88.969, 22.017], [88.97, 22.019], [88.971, 22.02], [88.971, 22.021], [88.972, 22.022], [88.972, 22.024], [88.973, 22.026], [88.974, 22.028], [88.975, 22.03], [88.976, 22.032], [88.977, 22.033], [88.978, 22.035], [88.979, 22.037], [88.98, 22.039], [88.981, 22.041], [88.982, 22.042], [88.983, 22.043], [88.984, 22.044], [88.985, 22.045], [88.986, 22.047], [88.986, 22.048], [88.986, 22.05], [88.986, 22.052], [88.985, 22.053], [88.985, 22.055], [88.986, 22.056], [88.988, 22.055], [88.99, 22.055], [88.992, 22.055], [88.993, 22.055], [88.995, 22.055], [88.997, 22.056], [88.999, 22.057], [89.0, 22.058], [89.001, 22.059], [89.003, 22.059], [89.003, 22.057], [89.003, 22.056], [89.004, 22.055], [89.005, 22.053], [89.006, 22.052], [89.009, 22.052], [89.01, 22.054], [89.011, 22.055], [89.012, 22.057], [89.012, 22.059], [89.013, 22.061], [89.014, 22.062], [89.015, 22.063], [89.016, 22.063], [89.017, 22.061], [89.016, 22.058], [89.015, 22.056], [89.016, 22.054], [89.016, 22.052], [89.016, 22.051]]], [[[88.636, 22.051], [88.636, 22.049], [88.634, 22.049], [88.633, 22.05], [88.631, 22.051], [88.629, 22.053], [88.629, 22.054], [88.628, 22.055], [88.628, 22.059], [88.63, 22.062], [88.631, 22.063], [88.632, 22.061], [88.633, 22.059], [88.634, 22.057], [88.634, 22.055], [88.635, 22.053], [88.635, 22.052], [88.636, 22.051]]], [[[88.812, 22.061], [88.814, 22.061], [88.816, 22.061], [88.818, 22.061], [88.82, 22.059], [88.821, 22.058], [88.823, 22.057], [88.825, 22.056], [88.827, 22.054], [88.828, 22.053], [88.829, 22.052], [88.831, 22.051], [88.832, 22.049], [88.831, 22.047], [88.83, 22.045], [88.83, 22.043], [88.831, 22.041], [88.831, 22.04], [88.831, 22.038], [88.831, 22.036], [88.832, 22.034], [88.832, 22.032], [88.833, 22.029], [88.832, 22.027], [88.83, 22.027], [88.829, 22.027], [88.827, 22.027], [88.825, 22.027], [88.823, 22.027], [88.821, 22.027], [88.819, 22.027], [88.817, 22.026], [88.815, 22.025], [88.813, 22.025], [88.812, 22.027], [88.812, 22.029], [88.811, 22.03], [88.81, 22.031], [88.809, 22.031], [88.807, 22.033], [88.805, 22.033], [88.803, 22.034], [88.801, 22.034], [88.799, 22.033], [88.798, 22.032], [88.796, 22.031], [88.794, 22.031], [88.793, 22.031], [88.792, 22.033], [88.79, 22.035], [88.788, 22.036], [88.787, 22.036], [88.785, 22.037], [88.783, 22.037], [88.781, 22.037], [88.78, 22.039], [88.78, 22.041], [88.781, 22.043], [88.781, 22.044], [88.782, 22.045], [88.784, 22.046], [88.785, 22.048], [88.786, 22.05], [88.786, 22.052], [88.786, 22.054], [88.787, 22.055], [88.787, 22.057], [88.787, 22.059], [88.788, 22.06], [88.789, 22.058], [88.79, 22.057], [88.791, 22.055], [88.793, 22.055], [88.795, 22.054], [88.797, 22.055], [88.8, 22.056], [88.801, 22.057], [88.802, 22.059], [88.803, 22.062], [88.804, 22.064], [88.806, 22.064], [88.809, 22.063], [88.81, 22.061], [88.812, 22.061]]], [[[88.871, 22.079], [88.87, 22.077], [88.87, 22.075], [88.869, 22.072], [88.868, 22.07], [88.868, 22.069], [88.869, 22.067], [88.869, 22.065], [88.87, 22.064], [88.871, 22.063], [88.872, 22.062], [88.874, 22.061], [88.877, 22.06], [88.879, 22.059], [88.88, 22.058], [88.882, 22.057], [88.884, 22.056], [88.886, 22.055], [88.887, 22.053], [88.889, 22.052], [88.89, 22.051], [88.891, 22.049], [88.89, 22.047], [88.888, 22.047], [88.885, 22.046], [88.883, 22.046], [88.881, 22.046], [88.878, 22.046], [88.877, 22.045], [88.875, 22.045], [88.873, 22.045], [88.872, 22.045], [88.868, 22.045], [88.866, 22.045], [88.865, 22.046], [88.863, 22.046], [88.861, 22.046], [88.86, 22.046], [88.858, 22.046], [88.856, 22.045], [88.854, 22.045], [88.853, 22.044], [88.851, 22.043], [88.85, 22.042], [88.85, 22.04], [88.851, 22.038], [88.852, 22.036], [88.853, 22.035], [88.854, 22.033], [88.856, 22.032], [88.857, 22.03], [88.859, 22.028], [88.859, 22.026], [88.857, 22.024], [88.856, 22.024], [88.854, 22.023], [88.852, 22.023], [88.85, 22.022], [88.847, 22.022], [88.845, 22.022], [88.843, 22.022], [88.842, 22.023], [88.84, 22.023], [88.838, 22.024], [88.836, 22.025], [88.835, 22.027], [88.835, 22.028], [88.834, 22.029], [88.834, 22.032], [88.833, 22.034], [88.833, 22.035], [88.833, 22.036], [88.833, 22.038], [88.832, 22.04], [88.832, 22.041], [88.832, 22.043], [88.832, 22.044], [88.832, 22.046], [88.833, 22.049], [88.834, 22.05], [88.836, 22.05], [88.838, 22.051], [88.84, 22.053], [88.841, 22.054], [88.843, 22.053], [88.845, 22.053], [88.844, 22.054], [88.842, 22.054], [88.841, 22.056], [88.842, 22.057], [88.843, 22.059], [88.845, 22.06], [88.846, 22.062], [88.844, 22.061], [88.842, 22.059], [88.841, 22.058], [88.84, 22.056], [88.839, 22.054], [88.838, 22.052], [88.836, 22.052], [88.834, 22.052], [88.833, 22.052], [88.831, 22.052], [88.829, 22.054], [88.827, 22.055], [88.825, 22.057], [88.823, 22.059], [88.821, 22.06], [88.82, 22.062], [88.82, 22.063], [88.82, 22.064], [88.821, 22.065], [88.823, 22.067], [88.825, 22.069], [88.827, 22.07], [88.829, 22.07], [88.83, 22.069], [88.832, 22.068], [88.832, 22.066], [88.833, 22.064], [88.835, 22.064], [88.837, 22.065], [88.837, 22.067], [88.838, 22.069], [88.836, 22.072], [88.836, 22.073], [88.837, 22.072], [88.839, 22.072], [88.842, 22.072], [88.844, 22.073], [88.846, 22.074], [88.848, 22.076], [88.849, 22.077], [88.851, 22.078], [88.853, 22.079], [88.855, 22.079], [88.857, 22.079], [88.859, 22.079], [88.861, 22.079], [88.863, 22.079], [88.865, 22.08], [88.867, 22.081], [88.87, 22.081], [88.871, 22.079]]], [[[88.69, 22.08], [88.689, 22.081], [88.69, 22.08], [88.69, 22.08]]], [[[88.904, 22.084], [88.903, 22.083], [88.901, 22.082], [88.899, 22.081], [88.898, 22.079], [88.897, 22.078], [88.895, 22.077], [88.894, 22.075], [88.893, 22.074], [88.892, 22.072], [88.892, 22.069], [88.891, 22.067], [88.891, 22.065], [88.891, 22.062], [88.89, 22.06], [88.888, 22.06], [88.886, 22.06], [88.884, 22.059], [88.883, 22.059], [88.881, 22.06], [88.879, 22.061], [88.877, 22.062], [88.874, 22.063], [88.872, 22.063], [88.871, 22.065], [88.87, 22.067], [88.87, 22.07], [88.871, 22.072], [88.872, 22.074], [88.872, 22.076], [88.872, 22.077], [88.872, 22.079], [88.872, 22.081], [88.871, 22.082], [88.87, 22.083], [88.869, 22.085], [88.87, 22.087], [88.872, 22.087], [88.874, 22.086], [88.876, 22.085], [88.877, 22.084], [88.879, 22.084], [88.882, 22.084], [88.884, 22.085], [88.886, 22.086], [88.889, 22.087], [88.891, 22.088], [88.892, 22.089], [88.894, 22.089], [88.897, 22.089], [88.899, 22.089], [88.901, 22.088], [88.902, 22.087], [88.904, 22.087], [88.905, 22.085], [88.904, 22.084]]], [[[88.722, 22.099], [88.721, 22.097], [88.72, 22.096], [88.718, 22.095], [88.716, 22.094], [88.715, 22.093], [88.713, 22.092], [88.711, 22.092], [88.71, 22.091], [88.708, 22.091], [88.705, 22.089], [88.702, 22.087], [88.699, 22.084], [88.696, 22.081], [88.695, 22.08], [88.694, 22.078], [88.693, 22.079], [88.692, 22.081], [88.691, 22.082], [88.691, 22.084], [88.694, 22.087], [88.696, 22.088], [88.698, 22.089], [88.701, 22.09], [88.704, 22.092], [88.706, 22.093], [88.708, 22.094], [88.711, 22.096], [88.714, 22.097], [88.716, 22.098], [88.717, 22.099], [88.719, 22.1], [88.722, 22.101], [88.723, 22.101], [88.722, 22.099]]], [[[88.803, 22.085], [88.805, 22.084], [88.806, 22.083], [88.808, 22.082], [88.81, 22.082], [88.812, 22.081], [88.813, 22.081], [88.815, 22.081], [88.817, 22.081], [88.818, 22.083], [88.82, 22.083], [88.821, 22.084], [88.823, 22.085], [88.825, 22.086], [88.827, 22.086], [88.829, 22.085], [88.831, 22.083], [88.832, 22.081], [88.832, 22.079], [88.833, 22.078], [88.834, 22.076], [88.835, 22.075], [88.835, 22.073], [88.835, 22.072], [88.836, 22.07], [88.837, 22.068], [88.835, 22.066], [88.834, 22.065], [88.833, 22.066], [88.833, 22.068], [88.831, 22.07], [88.829, 22.071], [88.827, 22.071], [88.826, 22.071], [88.824, 22.07], [88.824, 22.069], [88.822, 22.068], [88.82, 22.066], [88.819, 22.064], [88.816, 22.063], [88.814, 22.062], [88.813, 22.062], [88.811, 22.062], [88.811, 22.063], [88.811, 22.064], [88.809, 22.064], [88.807, 22.065], [88.806, 22.066], [88.803, 22.065], [88.802, 22.064], [88.801, 22.061], [88.801, 22.06], [88.8, 22.058], [88.799, 22.057], [88.797, 22.056], [88.795, 22.056], [88.793, 22.056], [88.791, 22.058], [88.791, 22.059], [88.79, 22.061], [88.788, 22.062], [88.788, 22.063], [88.788, 22.066], [88.789, 22.069], [88.788, 22.071], [88.787, 22.072], [88.787, 22.072], [88.787, 22.07], [88.787, 22.068], [88.787, 22.066], [88.787, 22.064], [88.786, 22.062], [88.785, 22.06], [88.785, 22.059], [88.784, 22.057], [88.784, 22.055], [88.784, 22.052], [88.783, 22.05], [88.782, 22.049], [88.781, 22.049], [88.779, 22.05], [88.778, 22.051], [88.776, 22.053], [88.775, 22.053], [88.774, 22.054], [88.773, 22.054], [88.772, 22.054], [88.77, 22.054], [88.768, 22.054], [88.766, 22.054], [88.765, 22.054], [88.763, 22.053], [88.762, 22.054], [88.76, 22.054], [88.757, 22.055], [88.755, 22.056], [88.752, 22.056], [88.751, 22.056], [88.749, 22.057], [88.748, 22.058], [88.748, 22.06], [88.749, 22.062], [88.75, 22.063], [88.751, 22.065], [88.751, 22.067], [88.752, 22.068], [88.753, 22.07], [88.754, 22.072], [88.755, 22.074], [88.756, 22.075], [88.756, 22.076], [88.757, 22.078], [88.759, 22.08], [88.761, 22.082], [88.763, 22.082], [88.765, 22.083], [88.767, 22.084], [88.769, 22.085], [88.77, 22.085], [88.772, 22.085], [88.771, 22.087], [88.772, 22.088], [88.773, 22.09], [88.775, 22.091], [88.776, 22.093], [88.776, 22.094], [88.777, 22.095], [88.777, 22.097], [88.777, 22.099], [88.778, 22.101], [88.779, 22.103], [88.781, 22.104], [88.782, 22.105], [88.783, 22.107], [88.786, 22.107], [88.788, 22.108], [88.79, 22.108], [88.792, 22.108], [88.794, 22.109], [88.796, 22.109], [88.798, 22.109], [88.8, 22.107], [88.8, 22.105], [88.8, 22.104], [88.799, 22.102], [88.798, 22.1], [88.798, 22.098], [88.799, 22.097], [88.801, 22.096], [88.802, 22.094], [88.802, 22.092], [88.802, 22.09], [88.801, 22.089], [88.802, 22.087], [88.803, 22.086], [88.803, 22.085]]], [[[88.818, 22.123], [88.819, 22.123], [88.821, 22.123], [88.823, 22.123], [88.825, 22.124], [88.827, 22.124], [88.828, 22.124], [88.831, 22.125], [88.833, 22.124], [88.835, 22.124], [88.837, 22.123], [88.839, 22.123], [88.841, 22.122], [88.843, 22.121], [88.845, 22.12], [88.847, 22.118], [88.847, 22.115], [88.848, 22.113], [88.848, 22.11], [88.848, 22.108], [88.849, 22.106], [88.849, 22.104], [88.85, 22.103], [88.851, 22.102], [88.853, 22.1], [88.854, 22.099], [88.856, 22.097], [88.858, 22.095], [88.86, 22.094], [88.863, 22.092], [88.865, 22.09], [88.867, 22.089], [88.868, 22.087], [88.868, 22.085], [88.867, 22.084], [88.865, 22.085], [88.864, 22.085], [88.862, 22.085], [88.86, 22.086], [88.858, 22.086], [88.856, 22.087], [88.854, 22.087], [88.851, 22.088], [88.849, 22.089], [88.846, 22.089], [88.844, 22.09], [88.841, 22.09], [88.841, 22.091], [88.842, 22.092], [88.843, 22.094], [88.844, 22.096], [88.844, 22.097], [88.844, 22.098], [88.843, 22.097], [88.843, 22.095], [88.841, 22.094], [88.841, 22.092], [88.84, 22.091], [88.839, 22.091], [88.838, 22.09], [88.839, 22.09], [88.841, 22.089], [88.842, 22.089], [88.844, 22.088], [88.846, 22.088], [88.849, 22.087], [88.851, 22.087], [88.854, 22.086], [88.856, 22.086], [88.858, 22.085], [88.86, 22.085], [88.862, 22.084], [88.863, 22.084], [88.866, 22.084], [88.868, 22.083], [88.866, 22.082], [88.865, 22.081], [88.863, 22.081], [88.861, 22.08], [88.859, 22.08], [88.857, 22.08], [88.855, 22.08], [88.853, 22.08], [88.851, 22.079], [88.849, 22.078], [88.847, 22.077], [88.846, 22.075], [88.844, 22.074], [88.842, 22.073], [88.84, 22.073], [88.838, 22.073], [88.837, 22.074], [88.836, 22.075], [88.835, 22.076], [88.834, 22.078], [88.834, 22.079], [88.833, 22.081], [88.833, 22.083], [88.831, 22.084], [88.83, 22.086], [88.828, 22.088], [88.826, 22.089], [88.825, 22.091], [88.823, 22.092], [88.822, 22.093], [88.822, 22.095], [88.822, 22.097], [88.822, 22.099], [88.822, 22.101], [88.821, 22.102], [88.821, 22.103], [88.819, 22.104], [88.819, 22.104], [88.82, 22.102], [88.82, 22.101], [88.821, 22.1], [88.821, 22.097], [88.821, 22.094], [88.821, 22.093], [88.822, 22.092], [88.823, 22.091], [88.825, 22.089], [88.825, 22.087], [88.823, 22.086], [88.821, 22.085], [88.819, 22.085], [88.818, 22.083], [88.816, 22.083], [88.814, 22.082], [88.812, 22.082], [88.81, 22.083], [88.808, 22.084], [88.806, 22.085], [88.805, 22.086], [88.804, 22.088], [88.803, 22.09], [88.804, 22.092], [88.804, 22.094], [88.803, 22.096], [88.801, 22.098], [88.8, 22.099], [88.801, 22.101], [88.801, 22.102], [88.802, 22.104], [88.802, 22.107], [88.801, 22.108], [88.8, 22.109], [88.799, 22.111], [88.8, 22.113], [88.801, 22.115], [88.802, 22.117], [88.803, 22.12], [88.804, 22.122], [88.805, 22.124], [88.808, 22.126], [88.81, 22.126], [88.813, 22.125], [88.814, 22.124], [88.816, 22.123], [88.818, 22.123], [88.818, 22.123]]], [[[88.729, 22.114], [88.727, 22.114], [88.728, 22.115], [88.728, 22.118], [88.729, 22.12], [88.729, 22.121], [88.729, 22.123], [88.73, 22.124], [88.732, 22.126], [88.734, 22.128], [88.735, 22.129], [88.737, 22.128], [88.736, 22.127], [88.736, 22.125], [88.735, 22.123], [88.735, 22.122], [88.734, 22.121], [88.734, 22.12], [88.733, 22.119], [88.732, 22.117], [88.73, 22.115], [88.729, 22.114]]], [[[88.865, 22.167], [88.868, 22.167], [88.87, 22.168], [88.872, 22.168], [88.876, 22.168], [88.878, 22.168], [88.88, 22.168], [88.882, 22.167], [88.883, 22.166], [88.885, 22.165], [88.887, 22.163], [88.889, 22.161], [88.89, 22.159], [88.892, 22.158], [88.893, 22.156], [88.894, 22.155], [88.895, 22.154], [88.895, 22.152], [88.897, 22.151], [88.899, 22.149], [88.9, 22.147], [88.901, 22.144], [88.901, 22.142], [88.901, 22.14], [88.902, 22.138], [88.903, 22.136], [88.904, 22.134], [88.905, 22.132], [88.906, 22.13], [88.907, 22.128], [88.908, 22.127], [88.909, 22.126], [88.911, 22.125], [88.913, 22.123], [88.914, 22.121], [88.917, 22.119], [88.918, 22.117], [88.919, 22.116], [88.919, 22.114], [88.921, 22.112], [88.922, 22.111], [88.923, 22.109], [88.923, 22.108], [88.924, 22.105], [88.923, 22.103], [88.923, 22.101], [88.922, 22.099], [88.921, 22.097], [88.92, 22.095], [88.919, 22.094], [88.918, 22.092], [88.917, 22.091], [88.915, 22.09], [88.913, 22.089], [88.911, 22.088], [88.91, 22.088], [88.908, 22.087], [88.907, 22.087], [88.905, 22.089], [88.903, 22.09], [88.901, 22.09], [88.898, 22.09], [88.896, 22.091], [88.897, 22.093], [88.897, 22.095], [88.896, 22.098], [88.893, 22.098], [88.892, 22.099], [88.891, 22.1], [88.891, 22.103], [88.892, 22.105], [88.892, 22.107], [88.892, 22.11], [88.892, 22.112], [88.893, 22.114], [88.892, 22.113], [88.891, 22.111], [88.891, 22.109], [88.891, 22.107], [88.891, 22.105], [88.89, 22.103], [88.89, 22.102], [88.89, 22.099], [88.892, 22.098], [88.894, 22.097], [88.896, 22.095], [88.896, 22.093], [88.895, 22.091], [88.892, 22.09], [88.889, 22.089], [88.887, 22.088], [88.885, 22.087], [88.883, 22.086], [88.881, 22.086], [88.879, 22.086], [88.877, 22.086], [88.876, 22.087], [88.874, 22.087], [88.872, 22.088], [88.87, 22.089], [88.868, 22.09], [88.867, 22.091], [88.865, 22.092], [88.863, 22.094], [88.861, 22.095], [88.859, 22.097], [88.857, 22.098], [88.855, 22.1], [88.854, 22.101], [88.852, 22.103], [88.851, 22.105], [88.851, 22.106], [88.85, 22.107], [88.85, 22.109], [88.85, 22.111], [88.85, 22.112], [88.85, 22.114], [88.849, 22.116], [88.849, 22.117], [88.848, 22.118], [88.847, 22.12], [88.846, 22.121], [88.845, 22.123], [88.843, 22.124], [88.842, 22.124], [88.839, 22.125], [88.837, 22.125], [88.835, 22.126], [88.833, 22.126], [88.831, 22.127], [88.831, 22.127], [88.831, 22.129], [88.832, 22.13], [88.834, 22.131], [88.836, 22.131], [88.838, 22.131], [88.84, 22.132], [88.842, 22.133], [88.844, 22.134], [88.845, 22.135], [88.847, 22.137], [88.848, 22.138], [88.85, 22.139], [88.853, 22.139], [88.855, 22.139], [88.857, 22.14], [88.859, 22.141], [88.86, 22.142], [88.86, 22.143], [88.861, 22.145], [88.861, 22.147], [88.86, 22.148], [88.859, 22.15], [88.857, 22.151], [88.856, 22.151], [88.856, 22.153], [88.857, 22.155], [88.856, 22.157], [88.854, 22.159], [88.852, 22.16], [88.851, 22.161], [88.85, 22.162], [88.849, 22.164], [88.848, 22.166], [88.848, 22.168], [88.849, 22.169], [88.851, 22.17], [88.853, 22.17], [88.856, 22.17], [88.858, 22.169], [88.86, 22.169], [88.861, 22.168], [88.863, 22.167], [88.865, 22.167], [88.865, 22.167]]], [[[88.95, 22.189], [88.953, 22.189], [88.955, 22.19], [88.957, 22.19], [88.959, 22.19], [88.96, 22.19], [88.961, 22.189], [88.962, 22.187], [88.962, 22.186], [88.962, 22.184], [88.963, 22.182], [88.963, 22.18], [88.964, 22.178], [88.964, 22.177], [88.965, 22.175], [88.966, 22.174], [88.966, 22.172], [88.967, 22.17], [88.968, 22.168], [88.969, 22.166], [88.97, 22.164], [88.971, 22.163], [88.972, 22.162], [88.973, 22.16], [88.974, 22.159], [88.975, 22.158], [88.977, 22.156], [88.978, 22.155], [88.98, 22.154], [88.982, 22.152], [88.983, 22.151], [88.984, 22.149], [88.985, 22.148], [88.985, 22.146], [88.985, 22.144], [88.985, 22.143], [88.985, 22.141], [88.985, 22.139], [88.983, 22.138], [88.982, 22.136], [88.981, 22.134], [88.98, 22.133], [88.979, 22.133], [88.977, 22.134], [88.976, 22.136], [88.975, 22.138], [88.973, 22.139], [88.972, 22.141], [88.97, 22.142], [88.97, 22.144], [88.97, 22.146], [88.969, 22.148], [88.969, 22.149], [88.969, 22.15], [88.97, 22.152], [88.971, 22.154], [88.97, 22.156], [88.969, 22.157], [88.967, 22.157], [88.965, 22.158], [88.964, 22.16], [88.962, 22.16], [88.961, 22.16], [88.959, 22.159], [88.958, 22.158], [88.957, 22.158], [88.955, 22.158], [88.953, 22.159], [88.953, 22.158], [88.955, 22.157], [88.957, 22.157], [88.959, 22.157], [88.961, 22.159], [88.963, 22.159], [88.965, 22.157], [88.966, 22.156], [88.968, 22.156], [88.969, 22.155], [88.969, 22.153], [88.968, 22.151], [88.968, 22.15], [88.968, 22.148], [88.968, 22.146], [88.968, 22.144], [88.969, 22.142], [88.97, 22.141], [88.972, 22.139], [88.974, 22.137], [88.975, 22.135], [88.977, 22.133], [88.978, 22.132], [88.979, 22.131], [88.981, 22.131], [88.982, 22.133], [88.983, 22.134], [88.983, 22.136], [88.984, 22.138], [88.986, 22.138], [88.986, 22.136], [88.986, 22.134], [88.986, 22.132], [88.985, 22.129], [88.985, 22.127], [88.984, 22.125], [88.984, 22.123], [88.983, 22.119], [88.983, 22.117], [88.982, 22.115], [88.982, 22.114], [88.981, 22.112], [88.98, 22.111], [88.979, 22.109], [88.979, 22.108], [88.978, 22.106], [88.977, 22.105], [88.976, 22.103], [88.976, 22.102], [88.975, 22.101], [88.974, 22.099], [88.973, 22.097], [88.973, 22.095], [88.972, 22.092], [88.971, 22.09], [88.971, 22.087], [88.97, 22.085], [88.969, 22.083], [88.968, 22.082], [88.967, 22.084], [88.966, 22.086], [88.965, 22.087], [88.965, 22.088], [88.965, 22.09], [88.964, 22.092], [88.962, 22.094], [88.96, 22.095], [88.958, 22.096], [88.957, 22.098], [88.957, 22.1], [88.956, 22.102], [88.954, 22.103], [88.952, 22.103], [88.952, 22.104], [88.951, 22.104], [88.952, 22.102], [88.954, 22.102], [88.956, 22.1], [88.955, 22.098], [88.955, 22.097], [88.957, 22.095], [88.959, 22.094], [88.961, 22.093], [88.963, 22.092], [88.963, 22.09], [88.963, 22.088], [88.964, 22.086], [88.965, 22.084], [88.966, 22.082], [88.967, 22.08], [88.966, 22.078], [88.964, 22.076], [88.962, 22.075], [88.96, 22.075], [88.958, 22.074], [88.956, 22.074], [88.954, 22.074], [88.951, 22.074], [88.948, 22.074], [88.946, 22.074], [88.945, 22.074], [88.943, 22.074], [88.941, 22.073], [88.939, 22.073], [88.937, 22.073], [88.936, 22.072], [88.934, 22.071], [88.933, 22.07], [88.931, 22.069], [88.929, 22.068], [88.928, 22.067], [88.926, 22.066], [88.925, 22.065], [88.924, 22.063], [88.924, 22.061], [88.923, 22.059], [88.922, 22.056], [88.922, 22.054], [88.922, 22.051], [88.922, 22.048], [88.922, 22.046], [88.922, 22.045], [88.923, 22.043], [88.923, 22.042], [88.923, 22.039], [88.924, 22.037], [88.924, 22.034], [88.924, 22.033], [88.924, 22.03], [88.924, 22.029], [88.924, 22.026], [88.924, 22.024], [88.924, 22.023], [88.925, 22.021], [88.925, 22.019], [88.926, 22.017], [88.926, 22.016], [88.927, 22.015], [88.927, 22.013], [88.928, 22.011], [88.928, 22.009], [88.928, 22.007], [88.929, 22.006], [88.929, 22.005], [88.93, 22.003], [88.931, 22.001], [88.944, 22.0], [88.946, 22.001], [88.946, 22.004], [88.945, 22.005], [88.944, 22.007], [88.943, 22.008], [88.942, 22.01], [88.941, 22.011], [88.94, 22.013], [88.939, 22.014], [88.939, 22.016], [88.938, 22.017], [88.937, 22.019], [88.936, 22.021], [88.936, 22.023], [88.936, 22.025], [88.935, 22.026], [88.935, 22.028], [88.935, 22.03], [88.935, 22.031], [88.935, 22.033], [88.935, 22.035], [88.935, 22.038], [88.934, 22.04], [88.934, 22.043], [88.934, 22.044], [88.934, 22.047], [88.934, 22.049], [88.934, 22.051], [88.934, 22.052], [88.935, 22.054], [88.935, 22.056], [88.936, 22.058], [88.938, 22.06], [88.938, 22.061], [88.94, 22.062], [88.942, 22.062], [88.944, 22.062], [88.947, 22.062], [88.949, 22.061], [88.952, 22.061], [88.954, 22.06], [88.957, 22.06], [88.959, 22.06], [88.96, 22.059], [88.962, 22.058], [88.964, 22.057], [88.964, 22.056], [88.962, 22.054], [88.961, 22.053], [88.96, 22.051], [88.961, 22.049], [88.963, 22.048], [88.965, 22.046], [88.966, 22.045], [88.968, 22.044], [88.969, 22.043], [88.971, 22.042], [88.973, 22.041], [88.975, 22.04], [88.977, 22.039], [88.977, 22.037], [88.975, 22.035], [88.973, 22.033], [88.972, 22.031], [88.971, 22.029], [88.971, 22.027], [88.97, 22.026], [88.97, 22.024], [88.969, 22.023], [88.968, 22.021], [88.967, 22.02], [88.966, 22.019], [88.964, 22.019], [88.963, 22.019], [88.963, 22.017], [88.964, 22.017], [88.966, 22.016], [88.966, 22.014], [88.966, 22.012], [88.968, 22.011], [88.969, 22.009], [88.971, 22.008], [88.973, 22.007], [88.974, 22.006], [88.976, 22.004], [88.976, 22.002], [88.975, 22.0], [88.974, 21.999], [88.973, 21.998], [88.972, 21.996], [88.972, 21.995], [88.971, 21.993], [88.971, 21.991], [88.972, 21.99], [88.973, 21.987], [88.976, 21.986], [88.979, 21.986], [88.982, 21.985], [88.984, 21.985], [88.986, 21.984], [88.988, 21.983], [88.987, 21.981], [88.987, 21.979], [88.987, 21.977], [88.987, 21.976], [88.988, 21.974], [88.989, 21.972], [88.991, 21.97], [88.994, 21.97], [88.995, 21.971], [88.996, 21.972], [88.998, 21.973], [89.0, 21.974], [89.001, 21.976], [89.002, 21.977], [89.004, 21.978], [89.005, 21.98], [89.007, 21.981], [89.009, 21.982], [89.011, 21.982], [89.013, 21.981], [89.013, 21.979], [89.014, 21.978], [89.014, 21.977], [89.013, 21.976], [89.012, 21.975], [89.011, 21.973], [89.009, 21.972], [89.008, 21.971], [89.006, 21.969], [89.004, 21.968], [89.002, 21.967], [89.001, 21.965], [88.999, 21.964], [88.995, 21.961], [88.994, 21.959], [88.993, 21.958], [88.992, 21.956], [88.991, 21.954], [88.991, 21.948], [88.994, 21.943], [88.999, 21.939], [89.002, 21.938], [89.004, 21.937], [89.005, 21.937], [89.007, 21.936], [89.008, 21.936], [89.01, 21.935], [89.011, 21.934], [89.013, 21.933], [89.014, 21.932], [89.015, 21.93], [89.017, 21.929], [89.018, 21.928], [89.019, 21.925], [89.02, 21.923], [89.021, 21.921], [89.021, 21.919], [89.021, 21.918], [89.02, 21.916], [89.019, 21.914], [89.019, 21.913], [89.018, 21.912], [89.017, 21.91], [89.016, 21.909], [89.015, 21.907], [89.015, 21.905], [89.015, 21.903], [89.013, 21.902], [89.011, 21.902], [89.009, 21.902], [89.007, 21.903], [89.006, 21.903], [89.004, 21.903], [89.002, 21.904], [88.998, 21.905], [88.997, 21.905], [88.995, 21.906], [88.993, 21.907], [88.991, 21.908], [88.99, 21.909], [88.988, 21.91], [88.986, 21.911], [88.985, 21.912], [88.982, 21.914], [88.981, 21.915], [88.978, 21.916], [88.976, 21.917], [88.974, 21.918], [88.972, 21.919], [88.971, 21.92], [88.969, 21.921], [88.969, 21.923], [88.97, 21.925], [88.972, 21.926], [88.972, 21.929], [88.971, 21.93], [88.969, 21.932], [88.967, 21.933], [88.966, 21.934], [88.965, 21.935], [88.966, 21.936], [88.968, 21.936], [88.97, 21.937], [88.971, 21.937], [88.973, 21.937], [88.975, 21.938], [88.977, 21.939], [88.977, 21.941], [88.977, 21.942], [88.975, 21.946], [88.975, 21.944], [88.976, 21.942], [88.975, 21.94], [88.973, 21.939], [88.97, 21.938], [88.968, 21.937], [88.966, 21.937], [88.964, 21.936], [88.963, 21.935], [88.964, 21.933], [88.966, 21.932], [88.968, 21.931], [88.97, 21.929], [88.97, 21.927], [88.968, 21.925], [88.967, 21.924], [88.966, 21.923], [88.964, 21.923], [88.962, 21.924], [88.959, 21.925], [88.957, 21.925], [88.954, 21.926], [88.952, 21.927], [88.95, 21.927], [88.948, 21.928], [88.946, 21.929], [88.944, 21.93], [88.942, 21.931], [88.941, 21.933], [88.938, 21.934], [88.937, 21.936], [88.935, 21.937], [88.934, 21.939], [88.932, 21.941], [88.93, 21.946], [88.926, 21.962], [88.924, 21.964], [88.917, 21.979], [88.917, 21.981], [88.916, 21.984], [88.913, 21.997], [88.915, 22.002], [88.915, 22.005], [88.916, 22.007], [88.916, 22.008], [88.916, 22.01], [88.916, 22.012], [88.916, 22.014], [88.916, 22.016], [88.915, 22.018], [88.915, 22.02], [88.914, 22.021], [88.914, 22.023], [88.913, 22.024], [88.912, 22.025], [88.912, 22.027], [88.911, 22.029], [88.91, 22.031], [88.909, 22.032], [88.908, 22.034], [88.908, 22.036], [88.909, 22.038], [88.91, 22.04], [88.911, 22.041], [88.911, 22.043], [88.911, 22.045], [88.911, 22.047], [88.91, 22.049], [88.91, 22.051], [88.91, 22.052], [88.909, 22.053], [88.909, 22.055], [88.908, 22.056], [88.907, 22.058], [88.905, 22.061], [88.904, 22.062], [88.902, 22.064], [88.901, 22.065], [88.903, 22.067], [88.904, 22.068], [88.904, 22.069], [88.905, 22.071], [88.906, 22.072], [88.906, 22.073], [88.906, 22.074], [88.907, 22.076], [88.908, 22.077], [88.909, 22.079], [88.911, 22.08], [88.913, 22.081], [88.916, 22.082], [88.917, 22.084], [88.919, 22.085], [88.921, 22.086], [88.922, 22.087], [88.923, 22.088], [88.925, 22.09], [88.926, 22.091], [88.927, 22.093], [88.929, 22.095], [88.93, 22.097], [88.931, 22.099], [88.931, 22.101], [88.931, 22.103], [88.931, 22.105], [88.931, 22.107], [88.931, 22.109], [88.93, 22.11], [88.929, 22.112], [88.928, 22.114], [88.927, 22.116], [88.926, 22.117], [88.925, 22.119], [88.924, 22.121], [88.923, 22.122], [88.924, 22.123], [88.925, 22.123], [88.928, 22.122], [88.931, 22.123], [88.936, 22.125], [88.938, 22.125], [88.939, 22.126], [88.94, 22.128], [88.939, 22.13], [88.937, 22.131], [88.936, 22.133], [88.934, 22.134], [88.932, 22.135], [88.93, 22.138], [88.932, 22.139], [88.934, 22.14], [88.936, 22.141], [88.936, 22.142], [88.936, 22.143], [88.935, 22.142], [88.934, 22.141], [88.932, 22.14], [88.93, 22.138], [88.93, 22.136], [88.931, 22.135], [88.932, 22.133], [88.934, 22.132], [88.936, 22.131], [88.937, 22.13], [88.939, 22.128], [88.939, 22.127], [88.937, 22.126], [88.935, 22.126], [88.932, 22.125], [88.931, 22.124], [88.929, 22.124], [88.928, 22.124], [88.926, 22.124], [88.924, 22.124], [88.921, 22.125], [88.919, 22.126], [88.917, 22.127], [88.916, 22.128], [88.914, 22.129], [88.913, 22.13], [88.911, 22.132], [88.91, 22.133], [88.909, 22.135], [88.909, 22.137], [88.909, 22.139], [88.909, 22.141], [88.909, 22.142], [88.908, 22.144], [88.908, 22.146], [88.907, 22.148], [88.907, 22.149], [88.906, 22.151], [88.905, 22.153], [88.903, 22.154], [88.902, 22.156], [88.9, 22.158], [88.898, 22.159], [88.897, 22.161], [88.895, 22.162], [88.894, 22.164], [88.894, 22.165], [88.894, 22.167], [88.894, 22.169], [88.895, 22.171], [88.897, 22.171], [88.899, 22.17], [88.901, 22.169], [88.903, 22.168], [88.905, 22.167], [88.906, 22.166], [88.908, 22.165], [88.909, 22.164], [88.911, 22.163], [88.913, 22.162], [88.916, 22.161], [88.918, 22.161], [88.92, 22.161], [88.921, 22.162], [88.922, 22.163], [88.924, 22.164], [88.925, 22.165], [88.926, 22.166], [88.926, 22.168], [88.926, 22.17], [88.926, 22.173], [88.926, 22.174], [88.926, 22.176], [88.928, 22.176], [88.93, 22.175], [88.931, 22.174], [88.933, 22.175], [88.934, 22.175], [88.935, 22.177], [88.936, 22.179], [88.938, 22.18], [88.94, 22.181], [88.941, 22.181], [88.943, 22.181], [88.945, 22.182], [88.946, 22.184], [88.946, 22.186], [88.945, 22.188], [88.943, 22.189], [88.943, 22.19], [88.945, 22.19], [88.947, 22.19], [88.949, 22.189], [88.95, 22.189]]], [[[89.002, 22.199], [89.004, 22.199], [89.006, 22.198], [89.008, 22.198], [89.01, 22.197], [89.011, 22.196], [89.013, 22.196], [89.014, 22.194], [89.014, 22.192], [89.014, 22.19], [89.014, 22.189], [89.014, 22.187], [89.014, 22.185], [89.013, 22.183], [89.013, 22.181], [89.013, 22.179], [89.013, 22.176], [89.013, 22.174], [89.014, 22.172], [89.014, 22.171], [89.014, 22.168], [89.015, 22.166], [89.015, 22.164], [89.015, 22.162], [89.016, 22.16], [89.016, 22.158], [89.017, 22.156], [89.018, 22.155], [89.019, 22.153], [89.021, 22.151], [89.022, 22.149], [89.023, 22.148], [89.024, 22.147], [89.026, 22.146], [89.028, 22.145], [89.03, 22.144], [89.032, 22.143], [89.034, 22.141], [89.036, 22.14], [89.038, 22.139], [89.04, 22.138], [89.042, 22.137], [89.044, 22.136], [89.045, 22.135], [89.047, 22.134], [89.049, 22.133], [89.05, 22.132], [89.05, 22.13], [89.049, 22.128], [89.049, 22.127], [89.047, 22.125], [89.045, 22.122], [89.044, 22.121], [89.043, 22.119], [89.041, 22.118], [89.04, 22.116], [89.039, 22.115], [89.038, 22.114], [89.037, 22.112], [89.036, 22.111], [89.034, 22.111], [89.032, 22.111], [89.031, 22.111], [89.028, 22.111], [89.026, 22.111], [89.024, 22.111], [89.022, 22.112], [89.02, 22.112], [89.018, 22.113], [89.016, 22.114], [89.018, 22.116], [89.02, 22.116], [89.022, 22.117], [89.023, 22.117], [89.025, 22.118], [89.027, 22.119], [89.03, 22.12], [89.031, 22.121], [89.031, 22.122], [89.029, 22.123], [89.029, 22.121], [89.028, 22.12], [89.025, 22.12], [89.022, 22.118], [89.02, 22.117], [89.018, 22.117], [89.015, 22.115], [89.015, 22.113], [89.017, 22.112], [89.019, 22.111], [89.021, 22.111], [89.023, 22.11], [89.028, 22.11], [89.03, 22.11], [89.033, 22.11], [89.036, 22.109], [89.035, 22.108], [89.035, 22.106], [89.035, 22.104], [89.034, 22.102], [89.034, 22.1], [89.033, 22.098], [89.033, 22.096], [89.032, 22.095], [89.031, 22.093], [89.032, 22.092], [89.032, 22.09], [89.032, 22.088], [89.032, 22.085], [89.032, 22.083], [89.032, 22.082], [89.033, 22.08], [89.033, 22.078], [89.034, 22.077], [89.034, 22.075], [89.034, 22.074], [89.035, 22.072], [89.035, 22.07], [89.036, 22.068], [89.036, 22.066], [89.037, 22.065], [89.037, 22.062], [89.038, 22.061], [89.038, 22.059], [89.039, 22.057], [89.039, 22.054], [89.037, 22.053], [89.035, 22.053], [89.033, 22.053], [89.031, 22.053], [89.029, 22.053], [89.028, 22.053], [89.028, 22.055], [89.029, 22.057], [89.03, 22.059], [89.03, 22.062], [89.029, 22.064], [89.029, 22.066], [89.029, 22.068], [89.028, 22.07], [89.028, 22.072], [89.029, 22.075], [89.029, 22.077], [89.028, 22.079], [89.026, 22.079], [89.023, 22.079], [89.022, 22.078], [89.023, 22.078], [89.025, 22.078], [89.027, 22.078], [89.028, 22.076], [89.027, 22.074], [89.027, 22.072], [89.027, 22.069], [89.027, 22.067], [89.028, 22.065], [89.028, 22.063], [89.029, 22.062], [89.029, 22.059], [89.028, 22.058], [89.026, 22.055], [89.026, 22.053], [89.024, 22.053], [89.022, 22.052], [89.02, 22.052], [89.018, 22.052], [89.017, 22.052], [89.017, 22.054], [89.017, 22.057], [89.018, 22.058], [89.018, 22.059], [89.018, 22.061], [89.018, 22.062], [89.017, 22.063], [89.016, 22.064], [89.015, 22.064], [89.014, 22.064], [89.012, 22.062], [89.011, 22.061], [89.011, 22.059], [89.01, 22.058], [89.01, 22.056], [89.009, 22.055], [89.009, 22.053], [89.007, 22.053], [89.007, 22.054], [89.006, 22.055], [89.005, 22.057], [89.004, 22.059], [89.002, 22.06], [89.001, 22.06], [88.999, 22.059], [88.998, 22.058], [88.996, 22.057], [88.994, 22.056], [88.991, 22.056], [88.989, 22.056], [88.988, 22.057], [88.986, 22.057], [88.984, 22.057], [88.984, 22.055], [88.984, 22.054], [88.984, 22.052], [88.984, 22.051], [88.985, 22.048], [88.984, 22.046], [88.984, 22.045], [88.983, 22.044], [88.981, 22.042], [88.979, 22.04], [88.977, 22.041], [88.974, 22.041], [88.972, 22.043], [88.97, 22.044], [88.968, 22.046], [88.966, 22.048], [88.964, 22.049], [88.962, 22.051], [88.963, 22.053], [88.965, 22.054], [88.966, 22.056], [88.965, 22.058], [88.964, 22.059], [88.963, 22.06], [88.963, 22.061], [88.965, 22.063], [88.967, 22.064], [88.969, 22.065], [88.97, 22.066], [88.972, 22.067], [88.973, 22.069], [88.975, 22.071], [88.977, 22.073], [88.978, 22.074], [88.978, 22.075], [88.979, 22.077], [88.98, 22.079], [88.981, 22.08], [88.981, 22.082], [88.981, 22.084], [88.982, 22.085], [88.982, 22.087], [88.983, 22.089], [88.983, 22.091], [88.983, 22.093], [88.984, 22.094], [88.984, 22.096], [88.985, 22.097], [88.985, 22.099], [88.986, 22.101], [88.987, 22.103], [88.988, 22.105], [88.988, 22.106], [88.989, 22.108], [88.99, 22.111], [88.991, 22.112], [88.991, 22.113], [88.992, 22.115], [88.993, 22.117], [88.994, 22.12], [88.994, 22.122], [88.995, 22.124], [88.996, 22.125], [88.996, 22.127], [88.996, 22.128], [88.997, 22.13], [88.997, 22.132], [88.997, 22.135], [88.997, 22.137], [88.997, 22.139], [88.996, 22.141], [88.996, 22.143], [88.995, 22.145], [88.994, 22.147], [88.994, 22.149], [88.993, 22.15], [88.992, 22.151], [88.991, 22.153], [88.99, 22.155], [88.989, 22.156], [88.988, 22.157], [88.987, 22.159], [88.986, 22.16], [88.984, 22.162], [88.982, 22.164], [88.981, 22.165], [88.979, 22.167], [88.977, 22.169], [88.976, 22.171], [88.975, 22.173], [88.975, 22.174], [88.974, 22.176], [88.974, 22.179], [88.974, 22.181], [88.973, 22.183], [88.973, 22.186], [88.973, 22.189], [88.973, 22.191], [88.973, 22.193], [88.973, 22.194], [88.975, 22.194], [88.978, 22.194], [88.981, 22.194], [88.983, 22.195], [88.985, 22.196], [88.987, 22.196], [88.988, 22.197], [88.99, 22.198], [88.992, 22.199], [88.995, 22.199], [88.997, 22.199], [88.999, 22.199], [89.001, 22.199], [89.002, 22.199]]], [[[88.695, 22.209], [88.697, 22.209], [88.699, 22.208], [88.702, 22.208], [88.704, 22.207], [88.706, 22.206], [88.708, 22.204], [88.71, 22.203], [88.712, 22.202], [88.714, 22.201], [88.715, 22.2], [88.717, 22.199], [88.719, 22.198], [88.72, 22.197], [88.722, 22.197], [88.724, 22.196], [88.727, 22.196], [88.728, 22.195], [88.73, 22.195], [88.731, 22.194], [88.733, 22.194], [88.735, 22.195], [88.737, 22.196], [88.738, 22.197], [88.741, 22.197], [88.743, 22.197], [88.745, 22.196], [88.747, 22.196], [88.749, 22.195], [88.751, 22.195], [88.753, 22.195], [88.755, 22.194], [88.756, 22.194], [88.759, 22.193], [88.761, 22.193], [88.764, 22.192], [88.766, 22.191], [88.767, 22.19], [88.766, 22.189], [88.766, 22.187], [88.767, 22.185], [88.767, 22.183], [88.768, 22.181], [88.77, 22.179], [88.772, 22.179], [88.773, 22.178], [88.775, 22.178], [88.777, 22.177], [88.779, 22.177], [88.781, 22.176], [88.782, 22.175], [88.784, 22.174], [88.788, 22.171], [88.788, 22.168], [88.787, 22.167], [88.784, 22.165], [88.78, 22.161], [88.777, 22.159], [88.775, 22.157], [88.773, 22.155], [88.771, 22.152], [88.769, 22.151], [88.768, 22.149], [88.767, 22.148], [88.766, 22.146], [88.764, 22.146], [88.762, 22.146], [88.76, 22.146], [88.759, 22.146], [88.757, 22.146], [88.755, 22.145], [88.753, 22.144], [88.751, 22.143], [88.75, 22.142], [88.749, 22.141], [88.747, 22.14], [88.745, 22.139], [88.744, 22.138], [88.742, 22.137], [88.74, 22.136], [88.738, 22.134], [88.736, 22.133], [88.735, 22.132], [88.734, 22.131], [88.733, 22.129], [88.732, 22.128], [88.73, 22.127], [88.729, 22.125], [88.728, 22.124], [88.727, 22.122], [88.726, 22.12], [88.725, 22.118], [88.724, 22.115], [88.723, 22.113], [88.722, 22.112], [88.72, 22.111], [88.719, 22.109], [88.717, 22.108], [88.715, 22.107], [88.713, 22.106], [88.71, 22.105], [88.709, 22.104], [88.707, 22.103], [88.706, 22.102], [88.704, 22.101], [88.704, 22.099], [88.702, 22.098], [88.7, 22.097], [88.698, 22.097], [88.696, 22.095], [88.694, 22.094], [88.693, 22.093], [88.691, 22.092], [88.689, 22.09], [88.688, 22.088], [88.686, 22.086], [88.685, 22.085], [88.684, 22.083], [88.683, 22.081], [88.683, 22.078], [88.683, 22.077], [88.683, 22.075], [88.683, 22.073], [88.683, 22.071], [88.684, 22.069], [88.684, 22.067], [88.685, 22.065], [88.686, 22.064], [88.687, 22.063], [88.687, 22.061], [88.689, 22.059], [88.691, 22.058], [88.692, 22.057], [88.693, 22.055], [88.695, 22.054], [88.696, 22.053], [88.698, 22.052], [88.699, 22.051], [88.701, 22.05], [88.703, 22.049], [88.705, 22.048], [88.707, 22.047], [88.709, 22.047], [88.711, 22.046], [88.713, 22.045], [88.715, 22.044], [88.716, 22.044], [88.718, 22.043], [88.72, 22.042], [88.722, 22.041], [88.724, 22.041], [88.726, 22.04], [88.728, 22.039], [88.73, 22.038], [88.732, 22.037], [88.733, 22.035], [88.735, 22.033], [88.736, 22.032], [88.736, 22.03], [88.737, 22.029], [88.737, 22.028], [88.738, 22.026], [88.739, 22.024], [88.739, 22.024], [88.74, 22.022], [88.74, 22.02], [88.74, 22.018], [88.739, 22.017], [88.737, 22.015], [88.736, 22.015], [88.735, 22.013], [88.734, 22.011], [88.732, 22.01], [88.73, 22.009], [88.728, 22.008], [88.726, 22.007], [88.724, 22.006], [88.722, 22.006], [88.721, 22.005], [88.719, 22.007], [88.717, 22.008], [88.716, 22.009], [88.714, 22.011], [88.714, 22.009], [88.712, 22.009], [88.711, 22.008], [88.709, 22.008], [88.707, 22.007], [88.706, 22.007], [88.704, 22.007], [88.702, 22.007], [88.701, 22.009], [88.699, 22.01], [88.697, 22.012], [88.696, 22.014], [88.694, 22.015], [88.692, 22.015], [88.69, 22.016], [88.687, 22.017], [88.685, 22.017], [88.684, 22.018], [88.682, 22.019], [88.681, 22.02], [88.679, 22.021], [88.677, 22.022], [88.676, 22.023], [88.674, 22.023], [88.671, 22.023], [88.669, 22.023], [88.667, 22.023], [88.665, 22.023], [88.664, 22.024], [88.663, 22.025], [88.663, 22.027], [88.663, 22.03], [88.663, 22.032], [88.662, 22.033], [88.662, 22.035], [88.662, 22.037], [88.661, 22.039], [88.661, 22.04], [88.661, 22.042], [88.661, 22.044], [88.661, 22.046], [88.662, 22.048], [88.662, 22.051], [88.661, 22.053], [88.661, 22.054], [88.661, 22.055], [88.66, 22.056], [88.66, 22.058], [88.659, 22.059], [88.659, 22.061], [88.658, 22.063], [88.657, 22.064], [88.656, 22.066], [88.656, 22.068], [88.656, 22.07], [88.655, 22.072], [88.655, 22.074], [88.654, 22.076], [88.654, 22.078], [88.653, 22.08], [88.652, 22.082], [88.651, 22.083], [88.651, 22.084], [88.65, 22.086], [88.648, 22.088], [88.647, 22.088], [88.646, 22.089], [88.645, 22.091], [88.644, 22.092], [88.642, 22.093], [88.641, 22.094], [88.64, 22.096], [88.639, 22.098], [88.637, 22.099], [88.637, 22.1], [88.636, 22.101], [88.635, 22.103], [88.635, 22.105], [88.634, 22.107], [88.634, 22.109], [88.635, 22.111], [88.635, 22.113], [88.635, 22.116], [88.636, 22.118], [88.636, 22.119], [88.637, 22.121], [88.638, 22.122], [88.639, 22.125], [88.641, 22.127], [88.642, 22.128], [88.643, 22.13], [88.644, 22.131], [88.644, 22.132], [88.645, 22.134], [88.646, 22.135], [88.646, 22.137], [88.647, 22.139], [88.648, 22.141], [88.648, 22.143], [88.649, 22.144], [88.65, 22.146], [88.65, 22.148], [88.651, 22.149], [88.652, 22.151], [88.652, 22.153], [88.652, 22.155], [88.652, 22.157], [88.652, 22.158], [88.652, 22.16], [88.652, 22.162], [88.653, 22.163], [88.656, 22.166], [88.657, 22.167], [88.659, 22.168], [88.662, 22.169], [88.664, 22.171], [88.666, 22.173], [88.671, 22.177], [88.678, 22.184], [88.679, 22.186], [88.681, 22.189], [88.683, 22.191], [88.684, 22.193], [88.684, 22.195], [88.685, 22.197], [88.686, 22.199], [88.685, 22.2], [88.684, 22.202], [88.684, 22.205], [88.684, 22.207], [88.685, 22.208], [88.686, 22.208], [88.688, 22.208], [88.69, 22.208], [88.692, 22.208], [88.694, 22.209], [88.695, 22.209]]], [[[88.845, 22.189], [88.846, 22.189], [88.848, 22.19], [88.85, 22.192], [88.851, 22.193], [88.851, 22.195], [88.851, 22.198], [88.851, 22.2], [88.852, 22.202], [88.853, 22.204], [88.855, 22.205], [88.857, 22.205], [88.86, 22.204], [88.861, 22.202], [88.862, 22.201], [88.863, 22.199], [88.864, 22.197], [88.864, 22.195], [88.864, 22.193], [88.864, 22.191], [88.864, 22.188], [88.864, 22.187], [88.865, 22.185], [88.865, 22.183], [88.866, 22.181], [88.867, 22.179], [88.867, 22.178], [88.868, 22.176], [88.868, 22.174], [88.868, 22.172], [88.867, 22.17], [88.865, 22.17], [88.862, 22.17], [88.861, 22.171], [88.859, 22.171], [88.857, 22.172], [88.855, 22.173], [88.853, 22.173], [88.851, 22.174], [88.849, 22.173], [88.847, 22.172], [88.846, 22.171], [88.844, 22.169], [88.843, 22.168], [88.844, 22.166], [88.844, 22.163], [88.845, 22.162], [88.846, 22.161], [88.848, 22.159], [88.849, 22.158], [88.851, 22.156], [88.851, 22.155], [88.851, 22.154], [88.849, 22.154], [88.847, 22.153], [88.846, 22.152], [88.845, 22.15], [88.846, 22.148], [88.847, 22.147], [88.849, 22.146], [88.851, 22.146], [88.853, 22.146], [88.855, 22.146], [88.856, 22.145], [88.856, 22.144], [88.853, 22.144], [88.851, 22.143], [88.849, 22.143], [88.848, 22.142], [88.846, 22.141], [88.844, 22.14], [88.842, 22.139], [88.841, 22.138], [88.84, 22.137], [88.839, 22.136], [88.837, 22.136], [88.835, 22.136], [88.833, 22.136], [88.832, 22.135], [88.83, 22.135], [88.828, 22.134], [88.826, 22.132], [88.825, 22.131], [88.823, 22.13], [88.822, 22.128], [88.822, 22.127], [88.82, 22.127], [88.819, 22.127], [88.817, 22.128], [88.815, 22.13], [88.813, 22.13], [88.81, 22.131], [88.808, 22.131], [88.806, 22.131], [88.804, 22.13], [88.802, 22.129], [88.801, 22.127], [88.799, 22.126], [88.798, 22.124], [88.797, 22.122], [88.797, 22.121], [88.796, 22.119], [88.796, 22.117], [88.795, 22.114], [88.793, 22.114], [88.791, 22.114], [88.789, 22.114], [88.786, 22.114], [88.783, 22.114], [88.781, 22.113], [88.78, 22.112], [88.778, 22.111], [88.776, 22.11], [88.772, 22.107], [88.771, 22.105], [88.771, 22.103], [88.771, 22.101], [88.771, 22.099], [88.77, 22.097], [88.77, 22.095], [88.77, 22.093], [88.768, 22.092], [88.766, 22.091], [88.764, 22.09], [88.762, 22.09], [88.761, 22.089], [88.759, 22.088], [88.757, 22.088], [88.756, 22.087], [88.754, 22.086], [88.753, 22.084], [88.751, 22.083], [88.75, 22.081], [88.749, 22.08], [88.748, 22.078], [88.747, 22.077], [88.746, 22.075], [88.744, 22.073], [88.743, 22.07], [88.742, 22.068], [88.741, 22.066], [88.74, 22.064], [88.74, 22.062], [88.74, 22.06], [88.74, 22.058], [88.739, 22.057], [88.737, 22.057], [88.734, 22.057], [88.732, 22.057], [88.73, 22.056], [88.727, 22.056], [88.725, 22.057], [88.723, 22.057], [88.721, 22.057], [88.72, 22.058], [88.718, 22.058], [88.716, 22.058], [88.715, 22.059], [88.713, 22.059], [88.711, 22.06], [88.709, 22.061], [88.708, 22.063], [88.705, 22.064], [88.704, 22.066], [88.703, 22.068], [88.703, 22.07], [88.703, 22.072], [88.702, 22.074], [88.702, 22.076], [88.703, 22.078], [88.704, 22.08], [88.705, 22.081], [88.707, 22.083], [88.709, 22.084], [88.71, 22.085], [88.712, 22.086], [88.714, 22.087], [88.716, 22.088], [88.717, 22.089], [88.719, 22.091], [88.722, 22.093], [88.723, 22.094], [88.725, 22.096], [88.726, 22.097], [88.728, 22.098], [88.729, 22.099], [88.731, 22.101], [88.732, 22.102], [88.734, 22.103], [88.735, 22.104], [88.736, 22.106], [88.737, 22.108], [88.738, 22.11], [88.739, 22.112], [88.74, 22.113], [88.741, 22.115], [88.741, 22.117], [88.742, 22.119], [88.743, 22.121], [88.744, 22.124], [88.745, 22.125], [88.746, 22.127], [88.745, 22.129], [88.746, 22.131], [88.746, 22.132], [88.749, 22.135], [88.75, 22.136], [88.752, 22.136], [88.753, 22.137], [88.756, 22.137], [88.758, 22.138], [88.759, 22.138], [88.76, 22.139], [88.762, 22.139], [88.763, 22.139], [88.765, 22.14], [88.767, 22.141], [88.77, 22.142], [88.771, 22.143], [88.773, 22.144], [88.775, 22.145], [88.777, 22.147], [88.779, 22.149], [88.779, 22.151], [88.781, 22.153], [88.781, 22.155], [88.783, 22.156], [88.786, 22.157], [88.788, 22.158], [88.79, 22.159], [88.791, 22.16], [88.792, 22.162], [88.794, 22.164], [88.796, 22.166], [88.798, 22.166], [88.798, 22.168], [88.799, 22.17], [88.8, 22.171], [88.801, 22.173], [88.803, 22.174], [88.804, 22.176], [88.805, 22.177], [88.807, 22.178], [88.809, 22.179], [88.812, 22.179], [88.814, 22.178], [88.816, 22.176], [88.817, 22.175], [88.819, 22.173], [88.82, 22.172], [88.822, 22.171], [88.823, 22.169], [88.826, 22.168], [88.828, 22.167], [88.83, 22.165], [88.831, 22.165], [88.834, 22.165], [88.836, 22.165], [88.838, 22.166], [88.839, 22.168], [88.84, 22.17], [88.841, 22.173], [88.84, 22.175], [88.84, 22.178], [88.839, 22.179], [88.839, 22.18], [88.838, 22.182], [88.837, 22.183], [88.835, 22.186], [88.834, 22.188], [88.834, 22.189], [88.833, 22.19], [88.832, 22.192], [88.831, 22.193], [88.831, 22.194], [88.83, 22.196], [88.828, 22.197], [88.827, 22.199], [88.826, 22.2], [88.826, 22.201], [88.826, 22.203], [88.826, 22.205], [88.827, 22.207], [88.828, 22.208], [88.83, 22.209], [88.832, 22.209], [88.834, 22.208], [88.836, 22.206], [88.836, 22.204], [88.837, 22.202], [88.837, 22.201], [88.838, 22.196], [88.838, 22.195], [88.84, 22.193], [88.841, 22.191], [88.843, 22.19], [88.845, 22.189]]], [[[87.99, 22.218], [87.991, 22.217], [87.993, 22.216], [87.994, 22.216], [87.997, 22.213], [87.993, 22.212], [87.991, 22.214], [87.988, 22.217], [87.988, 22.218], [87.989, 22.218], [87.99, 22.218]]], [[[88.932, 22.225], [88.935, 22.225], [88.938, 22.224], [88.941, 22.223], [88.944, 22.223], [88.946, 22.223], [88.948, 22.222], [88.95, 22.222], [88.953, 22.222], [88.955, 22.221], [88.955, 22.218], [88.955, 22.217], [88.955, 22.215], [88.956, 22.214], [88.956, 22.213], [88.957, 22.211], [88.957, 22.209], [88.958, 22.207], [88.959, 22.205], [88.96, 22.203], [88.961, 22.201], [88.961, 22.2], [88.961, 22.198], [88.961, 22.195], [88.961, 22.194], [88.959, 22.192], [88.958, 22.192], [88.956, 22.192], [88.954, 22.191], [88.952, 22.191], [88.949, 22.192], [88.947, 22.192], [88.944, 22.193], [88.942, 22.192], [88.941, 22.191], [88.94, 22.19], [88.941, 22.189], [88.942, 22.188], [88.943, 22.187], [88.945, 22.185], [88.943, 22.184], [88.942, 22.183], [88.94, 22.183], [88.938, 22.183], [88.936, 22.182], [88.934, 22.18], [88.933, 22.178], [88.931, 22.177], [88.93, 22.178], [88.929, 22.179], [88.926, 22.179], [88.924, 22.179], [88.923, 22.18], [88.922, 22.182], [88.92, 22.184], [88.918, 22.185], [88.917, 22.186], [88.916, 22.188], [88.914, 22.189], [88.912, 22.191], [88.911, 22.192], [88.909, 22.194], [88.908, 22.195], [88.908, 22.197], [88.909, 22.199], [88.911, 22.201], [88.912, 22.202], [88.913, 22.204], [88.915, 22.205], [88.916, 22.207], [88.917, 22.208], [88.917, 22.21], [88.918, 22.213], [88.917, 22.215], [88.917, 22.217], [88.916, 22.219], [88.918, 22.221], [88.918, 22.224], [88.919, 22.226], [88.918, 22.227], [88.918, 22.229], [88.919, 22.231], [88.921, 22.23], [88.922, 22.229], [88.924, 22.228], [88.926, 22.227], [88.928, 22.226], [88.929, 22.226], [88.931, 22.225], [88.932, 22.225]]], [[[88.813, 22.283], [88.814, 22.283], [88.815, 22.281], [88.815, 22.279], [88.815, 22.277], [88.815, 22.275], [88.815, 22.273], [88.815, 22.271], [88.816, 22.269], [88.815, 22.267], [88.815, 22.265], [88.816, 22.264], [88.818, 22.263], [88.821, 22.264], [88.823, 22.265], [88.825, 22.265], [88.826, 22.265], [88.827, 22.262], [88.827, 22.26], [88.827, 22.258], [88.828, 22.256], [88.827, 22.253], [88.827, 22.252], [88.826, 22.249], [88.826, 22.248], [88.826, 22.246], [88.826, 22.244], [88.826, 22.241], [88.824, 22.24], [88.822, 22.238], [88.82, 22.237], [88.819, 22.235], [88.818, 22.233], [88.817, 22.232], [88.815, 22.231], [88.814, 22.23], [88.812, 22.229], [88.809, 22.229], [88.806, 22.229], [88.804, 22.228], [88.801, 22.228], [88.799, 22.227], [88.799, 22.226], [88.8, 22.224], [88.802, 22.223], [88.804, 22.221], [88.805, 22.22], [88.805, 22.217], [88.804, 22.216], [88.804, 22.214], [88.804, 22.212], [88.805, 22.21], [88.805, 22.209], [88.807, 22.207], [88.809, 22.207], [88.811, 22.207], [88.813, 22.206], [88.815, 22.206], [88.816, 22.204], [88.816, 22.203], [88.816, 22.2], [88.817, 22.198], [88.818, 22.196], [88.819, 22.195], [88.821, 22.195], [88.823, 22.196], [88.825, 22.196], [88.827, 22.195], [88.828, 22.193], [88.829, 22.191], [88.83, 22.189], [88.831, 22.188], [88.832, 22.186], [88.833, 22.184], [88.834, 22.182], [88.835, 22.181], [88.836, 22.18], [88.837, 22.178], [88.838, 22.176], [88.838, 22.174], [88.838, 22.172], [88.837, 22.17], [88.836, 22.168], [88.834, 22.167], [88.833, 22.167], [88.831, 22.168], [88.829, 22.17], [88.828, 22.171], [88.826, 22.173], [88.825, 22.174], [88.823, 22.175], [88.821, 22.176], [88.819, 22.178], [88.818, 22.179], [88.816, 22.18], [88.815, 22.181], [88.813, 22.182], [88.811, 22.183], [88.81, 22.183], [88.808, 22.183], [88.806, 22.182], [88.804, 22.181], [88.802, 22.18], [88.8, 22.179], [88.799, 22.177], [88.798, 22.176], [88.797, 22.174], [88.796, 22.173], [88.795, 22.171], [88.794, 22.171], [88.793, 22.172], [88.792, 22.174], [88.791, 22.176], [88.79, 22.178], [88.788, 22.179], [88.786, 22.18], [88.784, 22.18], [88.782, 22.181], [88.779, 22.181], [88.777, 22.181], [88.776, 22.182], [88.774, 22.183], [88.772, 22.184], [88.771, 22.185], [88.77, 22.187], [88.77, 22.189], [88.77, 22.191], [88.769, 22.192], [88.769, 22.193], [88.767, 22.194], [88.766, 22.195], [88.764, 22.195], [88.762, 22.194], [88.76, 22.194], [88.759, 22.195], [88.757, 22.196], [88.755, 22.197], [88.753, 22.197], [88.75, 22.197], [88.748, 22.197], [88.747, 22.199], [88.747, 22.2], [88.748, 22.201], [88.748, 22.203], [88.748, 22.205], [88.748, 22.207], [88.747, 22.208], [88.747, 22.21], [88.748, 22.213], [88.749, 22.215], [88.751, 22.217], [88.752, 22.218], [88.752, 22.221], [88.752, 22.223], [88.752, 22.226], [88.751, 22.228], [88.752, 22.229], [88.753, 22.231], [88.754, 22.233], [88.755, 22.234], [88.757, 22.236], [88.758, 22.237], [88.76, 22.239], [88.761, 22.24], [88.763, 22.241], [88.765, 22.241], [88.766, 22.241], [88.768, 22.24], [88.769, 22.241], [88.77, 22.243], [88.77, 22.244], [88.771, 22.246], [88.772, 22.248], [88.773, 22.25], [88.774, 22.251], [88.776, 22.252], [88.777, 22.253], [88.779, 22.253], [88.781, 22.254], [88.783, 22.256], [88.785, 22.257], [88.786, 22.258], [88.788, 22.258], [88.79, 22.258], [88.792, 22.259], [88.793, 22.26], [88.793, 22.261], [88.793, 22.263], [88.794, 22.265], [88.794, 22.266], [88.794, 22.269], [88.794, 22.271], [88.794, 22.272], [88.794, 22.273], [88.795, 22.274], [88.795, 22.276], [88.797, 22.276], [88.798, 22.276], [88.8, 22.277], [88.802, 22.278], [88.804, 22.279], [88.805, 22.28], [88.806, 22.282], [88.808, 22.283], [88.81, 22.283], [88.812, 22.283], [88.813, 22.283]]], [[[88.85, 22.363], [88.851, 22.363], [88.853, 22.361], [88.854, 22.361], [88.856, 22.36], [88.857, 22.36], [88.859, 22.359], [88.86, 22.359], [88.862, 22.358], [88.864, 22.357], [88.865, 22.357], [88.866, 22.357], [88.869, 22.358], [88.871, 22.357], [88.874, 22.355], [88.877, 22.353], [88.878, 22.352], [88.879, 22.352], [88.881, 22.351], [88.882, 22.35], [88.884, 22.349], [88.886, 22.347], [88.888, 22.345], [88.89, 22.344], [88.892, 22.343], [88.893, 22.34], [88.894, 22.339], [88.895, 22.337], [88.896, 22.336], [88.898, 22.334], [88.899, 22.333], [88.901, 22.331], [88.901, 22.329], [88.901, 22.328], [88.902, 22.326], [88.902, 22.325], [88.903, 22.323], [88.904, 22.322], [88.904, 22.32], [88.906, 22.318], [88.907, 22.316], [88.908, 22.315], [88.91, 22.313], [88.912, 22.312], [88.911, 22.311], [88.911, 22.308], [88.911, 22.306], [88.912, 22.306], [88.914, 22.308], [88.915, 22.308], [88.917, 22.309], [88.918, 22.308], [88.921, 22.306], [88.923, 22.305], [88.925, 22.305], [88.927, 22.304], [88.929, 22.303], [88.931, 22.303], [88.934, 22.303], [88.935, 22.302], [88.936, 22.3], [88.937, 22.299], [88.937, 22.297], [88.938, 22.295], [88.937, 22.293], [88.937, 22.291], [88.937, 22.29], [88.936, 22.287], [88.936, 22.285], [88.935, 22.283], [88.934, 22.281], [88.933, 22.278], [88.933, 22.276], [88.932, 22.275], [88.932, 22.273], [88.932, 22.271], [88.931, 22.269], [88.931, 22.267], [88.93, 22.265], [88.93, 22.263], [88.93, 22.261], [88.931, 22.259], [88.931, 22.257], [88.932, 22.255], [88.933, 22.254], [88.935, 22.252], [88.937, 22.251], [88.939, 22.248], [88.941, 22.247], [88.943, 22.247], [88.945, 22.247], [88.947, 22.246], [88.949, 22.246], [88.951, 22.244], [88.951, 22.242], [88.952, 22.24], [88.952, 22.238], [88.952, 22.236], [88.953, 22.234], [88.953, 22.233], [88.953, 22.231], [88.954, 22.23], [88.954, 22.228], [88.954, 22.226], [88.954, 22.225], [88.951, 22.224], [88.949, 22.224], [88.947, 22.224], [88.945, 22.224], [88.943, 22.225], [88.941, 22.225], [88.939, 22.226], [88.937, 22.226], [88.934, 22.227], [88.932, 22.227], [88.93, 22.227], [88.928, 22.228], [88.926, 22.229], [88.925, 22.23], [88.923, 22.231], [88.921, 22.232], [88.919, 22.233], [88.917, 22.232], [88.916, 22.231], [88.916, 22.229], [88.916, 22.227], [88.917, 22.225], [88.916, 22.223], [88.915, 22.222], [88.914, 22.22], [88.913, 22.22], [88.911, 22.22], [88.909, 22.221], [88.907, 22.222], [88.905, 22.222], [88.903, 22.223], [88.901, 22.224], [88.899, 22.226], [88.898, 22.227], [88.896, 22.228], [88.894, 22.229], [88.892, 22.231], [88.889, 22.233], [88.888, 22.235], [88.887, 22.236], [88.887, 22.238], [88.886, 22.24], [88.887, 22.241], [88.888, 22.243], [88.89, 22.245], [88.891, 22.247], [88.893, 22.248], [88.894, 22.25], [88.895, 22.251], [88.895, 22.253], [88.895, 22.255], [88.893, 22.256], [88.891, 22.257], [88.89, 22.26], [88.889, 22.262], [88.889, 22.264], [88.888, 22.266], [88.885, 22.267], [88.883, 22.267], [88.881, 22.268], [88.88, 22.27], [88.88, 22.271], [88.879, 22.273], [88.878, 22.274], [88.876, 22.275], [88.874, 22.275], [88.872, 22.274], [88.87, 22.273], [88.868, 22.271], [88.866, 22.271], [88.864, 22.272], [88.864, 22.273], [88.864, 22.275], [88.863, 22.277], [88.861, 22.278], [88.858, 22.279], [88.857, 22.28], [88.856, 22.281], [88.855, 22.282], [88.853, 22.283], [88.852, 22.284], [88.852, 22.286], [88.851, 22.287], [88.85, 22.289], [88.848, 22.29], [88.844, 22.29], [88.844, 22.289], [88.845, 22.289], [88.848, 22.289], [88.85, 22.288], [88.85, 22.287], [88.851, 22.285], [88.851, 22.284], [88.852, 22.283], [88.854, 22.282], [88.856, 22.281], [88.857, 22.279], [88.858, 22.277], [88.86, 22.277], [88.862, 22.276], [88.863, 22.275], [88.863, 22.272], [88.864, 22.271], [88.866, 22.27], [88.868, 22.27], [88.87, 22.272], [88.871, 22.273], [88.873, 22.274], [88.875, 22.274], [88.877, 22.274], [88.878, 22.272], [88.879, 22.27], [88.88, 22.268], [88.881, 22.267], [88.883, 22.266], [88.885, 22.266], [88.887, 22.266], [88.888, 22.264], [88.888, 22.261], [88.889, 22.259], [88.89, 22.257], [88.891, 22.256], [88.893, 22.254], [88.893, 22.252], [88.893, 22.25], [88.891, 22.248], [88.889, 22.246], [88.888, 22.245], [88.887, 22.243], [88.886, 22.241], [88.885, 22.239], [88.886, 22.236], [88.887, 22.234], [88.888, 22.233], [88.89, 22.231], [88.892, 22.229], [88.894, 22.228], [88.896, 22.226], [88.897, 22.225], [88.899, 22.224], [88.902, 22.222], [88.904, 22.221], [88.906, 22.22], [88.908, 22.219], [88.91, 22.219], [88.912, 22.218], [88.913, 22.217], [88.914, 22.215], [88.914, 22.214], [88.914, 22.212], [88.913, 22.21], [88.913, 22.209], [88.912, 22.207], [88.91, 22.205], [88.908, 22.203], [88.906, 22.201], [88.905, 22.2], [88.905, 22.198], [88.905, 22.196], [88.906, 22.194], [88.906, 22.192], [88.908, 22.191], [88.909, 22.189], [88.911, 22.188], [88.912, 22.187], [88.913, 22.185], [88.914, 22.184], [88.915, 22.183], [88.917, 22.181], [88.918, 22.179], [88.92, 22.178], [88.921, 22.176], [88.921, 22.174], [88.921, 22.171], [88.921, 22.169], [88.92, 22.167], [88.919, 22.166], [88.918, 22.165], [88.916, 22.166], [88.914, 22.166], [88.913, 22.167], [88.911, 22.168], [88.909, 22.17], [88.908, 22.171], [88.907, 22.173], [88.905, 22.174], [88.904, 22.176], [88.902, 22.177], [88.901, 22.177], [88.898, 22.178], [88.895, 22.178], [88.893, 22.177], [88.891, 22.176], [88.889, 22.174], [88.888, 22.172], [88.887, 22.171], [88.887, 22.169], [88.886, 22.168], [88.885, 22.168], [88.883, 22.169], [88.881, 22.169], [88.88, 22.17], [88.877, 22.17], [88.875, 22.17], [88.873, 22.171], [88.872, 22.172], [88.872, 22.173], [88.871, 22.175], [88.871, 22.177], [88.87, 22.179], [88.869, 22.181], [88.869, 22.183], [88.868, 22.184], [88.868, 22.186], [88.867, 22.188], [88.866, 22.19], [88.866, 22.192], [88.866, 22.195], [88.868, 22.197], [88.87, 22.197], [88.874, 22.197], [88.875, 22.197], [88.877, 22.198], [88.88, 22.198], [88.882, 22.199], [88.883, 22.2], [88.885, 22.202], [88.886, 22.203], [88.886, 22.205], [88.886, 22.207], [88.885, 22.209], [88.885, 22.211], [88.884, 22.212], [88.882, 22.213], [88.88, 22.214], [88.878, 22.214], [88.875, 22.214], [88.873, 22.213], [88.871, 22.213], [88.87, 22.212], [88.868, 22.212], [88.866, 22.211], [88.863, 22.211], [88.861, 22.211], [88.859, 22.211], [88.857, 22.211], [88.854, 22.211], [88.851, 22.211], [88.848, 22.212], [88.845, 22.212], [88.843, 22.213], [88.841, 22.214], [88.841, 22.216], [88.841, 22.218], [88.842, 22.22], [88.843, 22.221], [88.845, 22.223], [88.846, 22.224], [88.847, 22.225], [88.849, 22.227], [88.85, 22.228], [88.852, 22.229], [88.853, 22.231], [88.855, 22.234], [88.856, 22.236], [88.857, 22.237], [88.857, 22.239], [88.858, 22.241], [88.859, 22.244], [88.861, 22.245], [88.864, 22.246], [88.866, 22.247], [88.868, 22.248], [88.87, 22.249], [88.872, 22.25], [88.873, 22.251], [88.875, 22.252], [88.876, 22.253], [88.874, 22.252], [88.872, 22.251], [88.87, 22.25], [88.868, 22.249], [88.866, 22.248], [88.864, 22.247], [88.862, 22.246], [88.86, 22.245], [88.858, 22.244], [88.857, 22.243], [88.857, 22.241], [88.856, 22.239], [88.856, 22.238], [88.855, 22.237], [88.854, 22.236], [88.854, 22.234], [88.852, 22.232], [88.85, 22.23], [88.849, 22.229], [88.848, 22.228], [88.846, 22.226], [88.845, 22.225], [88.843, 22.223], [88.842, 22.222], [88.841, 22.22], [88.84, 22.218], [88.84, 22.217], [88.84, 22.215], [88.84, 22.213], [88.841, 22.212], [88.844, 22.211], [88.845, 22.211], [88.847, 22.21], [88.849, 22.21], [88.851, 22.21], [88.853, 22.21], [88.855, 22.21], [88.856, 22.209], [88.858, 22.209], [88.86, 22.209], [88.862, 22.209], [88.864, 22.21], [88.867, 22.21], [88.869, 22.211], [88.871, 22.211], [88.873, 22.212], [88.874, 22.212], [88.877, 22.212], [88.879, 22.212], [88.882, 22.212], [88.884, 22.21], [88.884, 22.208], [88.884, 22.206], [88.884, 22.204], [88.884, 22.202], [88.883, 22.201], [88.881, 22.2], [88.879, 22.2], [88.877, 22.199], [88.875, 22.199], [88.874, 22.199], [88.871, 22.199], [88.868, 22.199], [88.866, 22.198], [88.865, 22.199], [88.864, 22.2], [88.863, 22.202], [88.862, 22.204], [88.86, 22.205], [88.858, 22.206], [88.855, 22.206], [88.853, 22.205], [88.851, 22.204], [88.85, 22.202], [88.85, 22.2], [88.85, 22.197], [88.85, 22.195], [88.849, 22.193], [88.848, 22.192], [88.847, 22.19], [88.845, 22.19], [88.844, 22.19], [88.842, 22.191], [88.841, 22.192], [88.84, 22.194], [88.84, 22.195], [88.839, 22.197], [88.839, 22.198], [88.839, 22.201], [88.838, 22.203], [88.838, 22.204], [88.837, 22.206], [88.837, 22.207], [88.835, 22.209], [88.833, 22.209], [88.831, 22.21], [88.827, 22.209], [88.826, 22.207], [88.825, 22.205], [88.825, 22.203], [88.825, 22.202], [88.825, 22.2], [88.825, 22.198], [88.823, 22.197], [88.821, 22.196], [88.819, 22.196], [88.819, 22.197], [88.818, 22.199], [88.818, 22.201], [88.818, 22.203], [88.817, 22.205], [88.815, 22.207], [88.812, 22.208], [88.81, 22.208], [88.807, 22.209], [88.806, 22.211], [88.805, 22.213], [88.805, 22.215], [88.806, 22.216], [88.806, 22.218], [88.806, 22.22], [88.806, 22.221], [88.805, 22.222], [88.803, 22.224], [88.801, 22.225], [88.801, 22.227], [88.803, 22.227], [88.805, 22.227], [88.806, 22.227], [88.807, 22.227], [88.809, 22.227], [88.811, 22.227], [88.813, 22.228], [88.814, 22.229], [88.816, 22.229], [88.818, 22.231], [88.819, 22.232], [88.82, 22.233], [88.822, 22.235], [88.823, 22.237], [88.825, 22.238], [88.827, 22.239], [88.827, 22.241], [88.828, 22.244], [88.828, 22.247], [88.829, 22.249], [88.829, 22.25], [88.829, 22.253], [88.83, 22.255], [88.829, 22.257], [88.829, 22.258], [88.829, 22.26], [88.828, 22.262], [88.828, 22.263], [88.828, 22.265], [88.826, 22.266], [88.824, 22.267], [88.822, 22.265], [88.82, 22.266], [88.821, 22.269], [88.819, 22.27], [88.817, 22.272], [88.817, 22.273], [88.817, 22.275], [88.817, 22.277], [88.816, 22.279], [88.816, 22.28], [88.816, 22.282], [88.815, 22.283], [88.813, 22.284], [88.81, 22.285], [88.808, 22.285], [88.806, 22.286], [88.806, 22.289], [88.805, 22.292], [88.805, 22.293], [88.805, 22.295], [88.806, 22.297], [88.806, 22.298], [88.807, 22.301], [88.808, 22.302], [88.808, 22.305], [88.808, 22.307], [88.81, 22.309], [88.811, 22.311], [88.811, 22.313], [88.812, 22.314], [88.812, 22.317], [88.811, 22.319], [88.812, 22.321], [88.811, 22.321], [88.809, 22.323], [88.806, 22.326], [88.805, 22.328], [88.804, 22.33], [88.805, 22.33], [88.806, 22.332], [88.808, 22.335], [88.808, 22.336], [88.809, 22.338], [88.81, 22.339], [88.811, 22.34], [88.811, 22.341], [88.812, 22.343], [88.812, 22.345], [88.813, 22.347], [88.813, 22.348], [88.816, 22.351], [88.817, 22.352], [88.817, 22.354], [88.817, 22.357], [88.818, 22.359], [88.819, 22.359], [88.821, 22.359], [88.823, 22.359], [88.826, 22.359], [88.828, 22.359], [88.831, 22.359], [88.833, 22.358], [88.837, 22.359], [88.838, 22.359], [88.839, 22.36], [88.84, 22.36], [88.842, 22.361], [88.843, 22.361], [88.845, 22.362], [88.846, 22.362], [88.847, 22.363], [88.85, 22.363]]], [[[88.985, 22.382], [88.984, 22.381], [88.984, 22.379], [88.983, 22.378], [88.983, 22.376], [88.982, 22.374], [88.983, 22.372], [88.983, 22.371], [88.984, 22.369], [88.985, 22.368], [88.986, 22.367], [88.988, 22.365], [88.988, 22.363], [88.988, 22.362], [88.987, 22.361], [88.986, 22.359], [88.986, 22.357], [88.986, 22.355], [88.986, 22.353], [88.987, 22.351], [88.988, 22.349], [88.987, 22.346], [88.986, 22.344], [88.986, 22.343], [88.985, 22.341], [88.985, 22.339], [88.984, 22.337], [88.984, 22.335], [88.984, 22.333], [88.984, 22.332], [88.984, 22.33], [88.983, 22.328], [88.983, 22.326], [88.984, 22.325], [88.986, 22.323], [88.987, 22.322], [88.989, 22.322], [88.991, 22.321], [88.993, 22.321], [88.994, 22.322], [88.997, 22.322], [88.999, 22.323], [89.001, 22.323], [89.002, 22.321], [89.003, 22.32], [89.004, 22.319], [89.006, 22.317], [89.008, 22.316], [89.009, 22.315], [89.011, 22.313], [89.012, 22.311], [89.013, 22.31], [89.013, 22.309], [89.014, 22.307], [89.015, 22.306], [89.017, 22.304], [89.018, 22.303], [89.019, 22.302], [89.021, 22.301], [89.022, 22.3], [89.023, 22.299], [89.023, 22.298], [89.022, 22.295], [89.02, 22.296], [89.019, 22.296], [89.017, 22.297], [89.016, 22.297], [89.014, 22.298], [89.012, 22.299], [89.01, 22.299], [89.009, 22.299], [89.006, 22.299], [89.004, 22.298], [89.002, 22.298], [89.001, 22.298], [88.999, 22.297], [88.997, 22.297], [88.996, 22.296], [88.995, 22.294], [88.994, 22.293], [88.994, 22.291], [88.994, 22.289], [88.994, 22.287], [88.994, 22.286], [88.995, 22.285], [88.996, 22.283], [88.998, 22.282], [88.999, 22.281], [89.0, 22.28], [89.002, 22.278], [89.004, 22.277], [89.005, 22.276], [89.007, 22.275], [89.009, 22.274], [89.01, 22.273], [89.012, 22.272], [89.014, 22.271], [89.017, 22.269], [89.018, 22.267], [89.017, 22.266], [89.016, 22.265], [89.015, 22.263], [89.014, 22.262], [89.012, 22.261], [89.012, 22.259], [89.011, 22.257], [89.012, 22.256], [89.012, 22.255], [89.013, 22.254], [89.013, 22.253], [89.015, 22.251], [89.017, 22.251], [89.018, 22.251], [89.019, 22.252], [89.021, 22.252], [89.023, 22.253], [89.025, 22.255], [89.026, 22.256], [89.028, 22.257], [89.03, 22.257], [89.032, 22.258], [89.033, 22.256], [89.034, 22.254], [89.033, 22.253], [89.034, 22.251], [89.034, 22.25], [89.034, 22.248], [89.034, 22.246], [89.034, 22.244], [89.034, 22.242], [89.034, 22.241], [89.034, 22.239], [89.034, 22.237], [89.034, 22.235], [89.035, 22.233], [89.035, 22.232], [89.036, 22.23], [89.036, 22.229], [89.037, 22.227], [89.038, 22.225], [89.039, 22.224], [89.04, 22.223], [89.041, 22.222], [89.043, 22.22], [89.044, 22.219], [89.046, 22.218], [89.048, 22.216], [89.05, 22.215], [89.051, 22.213], [89.052, 22.212], [89.054, 22.211], [89.056, 22.209], [89.058, 22.207], [89.061, 22.205], [89.063, 22.203], [89.065, 22.201], [89.067, 22.199], [89.068, 22.197], [89.068, 22.196], [89.069, 22.194], [89.069, 22.192], [89.069, 22.19], [89.069, 22.188], [89.068, 22.186], [89.067, 22.185], [89.066, 22.184], [89.065, 22.182], [89.064, 22.18], [89.063, 22.178], [89.062, 22.176], [89.061, 22.173], [89.061, 22.171], [89.061, 22.17], [89.061, 22.167], [89.061, 22.165], [89.062, 22.163], [89.063, 22.161], [89.063, 22.159], [89.064, 22.157], [89.065, 22.155], [89.066, 22.153], [89.067, 22.151], [89.068, 22.149], [89.069, 22.147], [89.071, 22.146], [89.073, 22.145], [89.075, 22.145], [89.077, 22.145], [89.079, 22.145], [89.081, 22.146], [89.083, 22.148], [89.085, 22.149], [89.086, 22.151], [89.087, 22.152], [89.088, 22.154], [89.09, 22.156], [89.092, 22.157], [89.094, 22.158], [89.096, 22.156], [89.096, 22.154], [89.096, 22.153], [89.094, 22.151], [89.093, 22.15], [89.092, 22.148], [89.091, 22.146], [89.089, 22.145], [89.087, 22.143], [89.085, 22.142], [89.083, 22.141], [89.081, 22.14], [89.079, 22.139], [89.078, 22.138], [89.076, 22.137], [89.074, 22.136], [89.072, 22.135], [89.071, 22.134], [89.069, 22.133], [89.068, 22.132], [89.066, 22.13], [89.064, 22.13], [89.063, 22.129], [89.062, 22.128], [89.061, 22.131], [89.061, 22.133], [89.06, 22.136], [89.06, 22.137], [89.059, 22.139], [89.057, 22.14], [89.056, 22.142], [89.053, 22.144], [89.051, 22.147], [89.049, 22.147], [89.048, 22.148], [89.046, 22.148], [89.044, 22.149], [89.042, 22.149], [89.04, 22.15], [89.038, 22.151], [89.036, 22.153], [89.035, 22.153], [89.033, 22.154], [89.032, 22.156], [89.031, 22.157], [89.029, 22.159], [89.028, 22.161], [89.027, 22.162], [89.025, 22.163], [89.024, 22.165], [89.023, 22.166], [89.023, 22.169], [89.024, 22.17], [89.025, 22.172], [89.025, 22.175], [89.026, 22.177], [89.026, 22.179], [89.027, 22.181], [89.027, 22.183], [89.027, 22.185], [89.027, 22.187], [89.027, 22.188], [89.027, 22.19], [89.026, 22.192], [89.026, 22.194], [89.026, 22.196], [89.025, 22.197], [89.025, 22.198], [89.024, 22.2], [89.023, 22.202], [89.021, 22.204], [89.02, 22.205], [89.018, 22.207], [89.016, 22.207], [89.015, 22.208], [89.013, 22.209], [89.011, 22.21], [89.008, 22.21], [89.006, 22.211], [89.004, 22.211], [89.002, 22.211], [89.001, 22.211], [88.999, 22.211], [88.996, 22.21], [88.994, 22.209], [88.992, 22.208], [88.99, 22.207], [88.988, 22.206], [88.986, 22.206], [88.984, 22.206], [88.982, 22.206], [88.981, 22.207], [88.979, 22.207], [88.977, 22.208], [88.975, 22.209], [88.973, 22.209], [88.971, 22.211], [88.971, 22.211], [88.97, 22.212], [88.969, 22.214], [88.968, 22.215], [88.968, 22.217], [88.967, 22.218], [88.967, 22.22], [88.966, 22.223], [88.966, 22.225], [88.965, 22.226], [88.965, 22.228], [88.965, 22.229], [88.965, 22.231], [88.964, 22.234], [88.964, 22.235], [88.964, 22.237], [88.963, 22.239], [88.962, 22.241], [88.961, 22.243], [88.96, 22.245], [88.959, 22.246], [88.957, 22.248], [88.955, 22.249], [88.953, 22.251], [88.952, 22.252], [88.95, 22.253], [88.948, 22.255], [88.948, 22.256], [88.948, 22.259], [88.949, 22.261], [88.95, 22.263], [88.95, 22.264], [88.95, 22.266], [88.951, 22.268], [88.952, 22.271], [88.952, 22.273], [88.953, 22.274], [88.953, 22.276], [88.953, 22.279], [88.953, 22.282], [88.953, 22.284], [88.953, 22.286], [88.953, 22.288], [88.953, 22.29], [88.953, 22.292], [88.952, 22.294], [88.952, 22.295], [88.951, 22.297], [88.951, 22.299], [88.951, 22.302], [88.951, 22.304], [88.951, 22.306], [88.952, 22.308], [88.952, 22.31], [88.952, 22.312], [88.952, 22.315], [88.952, 22.317], [88.952, 22.319], [88.951, 22.321], [88.952, 22.322], [88.952, 22.324], [88.952, 22.326], [88.952, 22.328], [88.952, 22.329], [88.952, 22.33], [88.952, 22.332], [88.953, 22.334], [88.954, 22.335], [88.954, 22.337], [88.955, 22.338], [88.955, 22.34], [88.955, 22.341], [88.956, 22.343], [88.956, 22.344], [88.956, 22.345], [88.956, 22.347], [88.957, 22.349], [88.956, 22.351], [88.956, 22.354], [88.955, 22.356], [88.954, 22.357], [88.954, 22.359], [88.954, 22.361], [88.956, 22.362], [88.958, 22.362], [88.96, 22.363], [88.961, 22.364], [88.962, 22.366], [88.964, 22.367], [88.965, 22.369], [88.966, 22.371], [88.966, 22.373], [88.967, 22.375], [88.967, 22.377], [88.967, 22.379], [88.967, 22.381], [88.968, 22.383], [88.968, 22.385], [88.968, 22.387], [88.968, 22.388], [88.968, 22.389], [88.969, 22.39], [88.971, 22.391], [88.972, 22.392], [88.973, 22.393], [88.974, 22.394], [88.974, 22.397], [88.973, 22.399], [88.972, 22.4], [88.97, 22.402], [88.969, 22.403], [88.967, 22.405], [88.967, 22.406], [88.967, 22.408], [88.969, 22.408], [88.972, 22.408], [88.972, 22.406], [88.974, 22.404], [88.975, 22.404], [88.977, 22.402], [88.978, 22.401], [88.979, 22.399], [88.981, 22.398], [88.983, 22.397], [88.985, 22.395], [88.987, 22.394], [88.988, 22.392], [88.989, 22.391], [88.989, 22.389], [88.988, 22.387], [88.987, 22.385], [88.985, 22.384], [88.985, 22.382]]], [[[87.938, 22.397], [87.937, 22.398], [87.937, 22.399], [87.936, 22.4], [87.936, 22.403], [87.935, 22.405], [87.934, 22.407], [87.933, 22.409], [87.935, 22.408], [87.936, 22.406], [87.937, 22.404], [87.937, 22.403], [87.938, 22.401], [87.938, 22.398], [87.938, 22.397]]], [[[88.862, 22.399], [88.864, 22.399], [88.867, 22.397], [88.867, 22.394], [88.866, 22.393], [88.866, 22.391], [88.864, 22.389], [88.865, 22.386], [88.867, 22.388], [88.868, 22.39], [88.87, 22.389], [88.871, 22.389], [88.873, 22.388], [88.874, 22.39], [88.874, 22.392], [88.874, 22.395], [88.874, 22.396], [88.874, 22.397], [88.873, 22.399], [88.873, 22.4], [88.875, 22.398], [88.877, 22.399], [88.879, 22.4], [88.879, 22.402], [88.879, 22.403], [88.88, 22.404], [88.881, 22.402], [88.88, 22.4], [88.879, 22.398], [88.879, 22.397], [88.878, 22.396], [88.878, 22.394], [88.877, 22.392], [88.876, 22.391], [88.875, 22.39], [88.875, 22.388], [88.875, 22.386], [88.876, 22.385], [88.877, 22.383], [88.878, 22.382], [88.879, 22.38], [88.88, 22.379], [88.88, 22.377], [88.882, 22.375], [88.883, 22.373], [88.884, 22.372], [88.885, 22.371], [88.886, 22.37], [88.889, 22.37], [88.892, 22.37], [88.893, 22.369], [88.895, 22.367], [88.896, 22.366], [88.897, 22.364], [88.895, 22.362], [88.895, 22.36], [88.895, 22.357], [88.895, 22.355], [88.898, 22.357], [88.899, 22.357], [88.9, 22.354], [88.901, 22.353], [88.901, 22.352], [88.902, 22.351], [88.902, 22.349], [88.903, 22.347], [88.903, 22.344], [88.902, 22.342], [88.901, 22.34], [88.9, 22.339], [88.899, 22.337], [88.897, 22.338], [88.896, 22.34], [88.895, 22.342], [88.894, 22.344], [88.893, 22.345], [88.892, 22.347], [88.89, 22.348], [88.888, 22.349], [88.887, 22.35], [88.885, 22.351], [88.884, 22.352], [88.882, 22.353], [88.881, 22.354], [88.88, 22.356], [88.879, 22.358], [88.879, 22.36], [88.877, 22.361], [88.875, 22.363], [88.874, 22.364], [88.872, 22.364], [88.87, 22.365], [88.868, 22.365], [88.866, 22.366], [88.865, 22.367], [88.863, 22.368], [88.862, 22.369], [88.861, 22.371], [88.861, 22.373], [88.86, 22.374], [88.86, 22.376], [88.86, 22.379], [88.859, 22.38], [88.859, 22.383], [88.858, 22.383], [88.857, 22.386], [88.856, 22.387], [88.855, 22.388], [88.856, 22.39], [88.856, 22.392], [88.856, 22.394], [88.856, 22.396], [88.858, 22.397], [88.859, 22.399], [88.859, 22.4], [88.86, 22.402], [88.86, 22.404], [88.86, 22.406], [88.86, 22.408], [88.861, 22.41], [88.863, 22.41], [88.862, 22.409], [88.861, 22.406], [88.861, 22.404], [88.862, 22.402], [88.862, 22.4], [88.862, 22.399]]], [[[88.868, 22.411], [88.87, 22.41], [88.873, 22.407], [88.874, 22.406], [88.873, 22.405], [88.871, 22.406], [88.871, 22.407], [88.868, 22.409], [88.867, 22.41], [88.868, 22.411]]], [[[88.919, 22.427], [88.918, 22.424], [88.916, 22.423], [88.914, 22.423], [88.913, 22.423], [88.912, 22.423], [88.912, 22.425], [88.913, 22.426], [88.915, 22.426], [88.916, 22.428], [88.917, 22.429], [88.918, 22.428], [88.919, 22.427]]], [[[87.926, 22.425], [87.922, 22.428], [87.919, 22.43], [87.922, 22.428], [87.925, 22.426], [87.926, 22.425]]], [[[87.912, 22.432], [87.913, 22.432], [87.915, 22.432], [87.917, 22.431], [87.918, 22.431], [87.917, 22.429], [87.915, 22.429], [87.913, 22.429], [87.911, 22.429], [87.909, 22.43], [87.909, 22.432], [87.911, 22.433], [87.912, 22.432]]], [[[88.859, 22.469], [88.859, 22.463], [88.858, 22.461], [88.857, 22.46], [88.856, 22.459], [88.855, 22.461], [88.856, 22.461], [88.857, 22.466], [88.858, 22.468], [88.856, 22.469], [88.856, 22.471], [88.857, 22.472], [88.858, 22.471], [88.859, 22.47], [88.859, 22.469]]], [[[88.781, 22.501], [88.783, 22.5], [88.786, 22.499], [88.788, 22.499], [88.79, 22.499], [88.792, 22.499], [88.794, 22.497], [88.796, 22.495], [88.796, 22.494], [88.797, 22.491], [88.797, 22.49], [88.798, 22.488], [88.8, 22.487], [88.801, 22.486], [88.803, 22.485], [88.806, 22.484], [88.808, 22.483], [88.81, 22.481], [88.811, 22.479], [88.812, 22.474], [88.812, 22.472], [88.813, 22.471], [88.813, 22.469], [88.812, 22.467], [88.812, 22.465], [88.812, 22.464], [88.812, 22.459], [88.813, 22.454], [88.813, 22.453], [88.814, 22.451], [88.816, 22.45], [88.818, 22.45], [88.819, 22.449], [88.821, 22.449], [88.823, 22.45], [88.825, 22.449], [88.827, 22.447], [88.827, 22.445], [88.826, 22.443], [88.826, 22.442], [88.825, 22.441], [88.824, 22.44], [88.822, 22.439], [88.821, 22.437], [88.822, 22.435], [88.823, 22.434], [88.825, 22.433], [88.829, 22.433], [88.832, 22.434], [88.835, 22.435], [88.835, 22.434], [88.833, 22.433], [88.829, 22.433], [88.823, 22.432], [88.821, 22.432], [88.82, 22.432], [88.818, 22.433], [88.816, 22.433], [88.815, 22.435], [88.814, 22.436], [88.812, 22.437], [88.81, 22.439], [88.809, 22.441], [88.806, 22.442], [88.805, 22.443], [88.804, 22.445], [88.803, 22.447], [88.803, 22.448], [88.803, 22.45], [88.803, 22.452], [88.803, 22.454], [88.802, 22.456], [88.801, 22.458], [88.801, 22.46], [88.801, 22.462], [88.8, 22.464], [88.798, 22.465], [88.797, 22.467], [88.797, 22.468], [88.796, 22.47], [88.795, 22.471], [88.794, 22.473], [88.794, 22.476], [88.793, 22.478], [88.793, 22.48], [88.792, 22.482], [88.79, 22.484], [88.789, 22.485], [88.788, 22.486], [88.786, 22.487], [88.785, 22.489], [88.784, 22.49], [88.783, 22.491], [88.781, 22.493], [88.781, 22.495], [88.78, 22.497], [88.781, 22.5], [88.781, 22.501]]], [[[88.898, 22.549], [88.899, 22.547], [88.9, 22.546], [88.9, 22.544], [88.9, 22.543], [88.9, 22.541], [88.901, 22.539], [88.902, 22.537], [88.903, 22.535], [88.902, 22.533], [88.902, 22.531], [88.902, 22.528], [88.903, 22.526], [88.904, 22.524], [88.906, 22.522], [88.905, 22.52], [88.904, 22.519], [88.904, 22.517], [88.904, 22.514], [88.904, 22.511], [88.903, 22.508], [88.903, 22.506], [88.902, 22.504], [88.902, 22.507], [88.9, 22.508], [88.897, 22.507], [88.896, 22.504], [88.895, 22.502], [88.897, 22.499], [88.899, 22.498], [88.901, 22.497], [88.902, 22.499], [88.905, 22.5], [88.905, 22.498], [88.904, 22.496], [88.902, 22.495], [88.9, 22.493], [88.899, 22.492], [88.897, 22.492], [88.894, 22.488], [88.893, 22.486], [88.892, 22.484], [88.893, 22.482], [88.894, 22.481], [88.895, 22.479], [88.896, 22.477], [88.897, 22.475], [88.896, 22.474], [88.896, 22.472], [88.896, 22.47], [88.894, 22.469], [88.893, 22.467], [88.893, 22.465], [88.894, 22.463], [88.896, 22.462], [88.897, 22.46], [88.898, 22.458], [88.898, 22.457], [88.898, 22.455], [88.899, 22.453], [88.899, 22.452], [88.899, 22.45], [88.899, 22.449], [88.9, 22.447], [88.9, 22.445], [88.901, 22.444], [88.902, 22.443], [88.903, 22.442], [88.904, 22.44], [88.905, 22.439], [88.907, 22.437], [88.907, 22.436], [88.908, 22.434], [88.908, 22.432], [88.907, 22.43], [88.906, 22.428], [88.905, 22.426], [88.904, 22.424], [88.903, 22.422], [88.902, 22.418], [88.903, 22.414], [88.904, 22.413], [88.905, 22.411], [88.906, 22.411], [88.908, 22.41], [88.91, 22.409], [88.912, 22.408], [88.914, 22.408], [88.916, 22.407], [88.918, 22.406], [88.919, 22.405], [88.921, 22.402], [88.921, 22.4], [88.917, 22.396], [88.916, 22.395], [88.913, 22.393], [88.912, 22.393], [88.91, 22.393], [88.908, 22.392], [88.906, 22.392], [88.904, 22.39], [88.902, 22.389], [88.901, 22.388], [88.899, 22.387], [88.897, 22.386], [88.896, 22.385], [88.896, 22.384], [88.895, 22.382], [88.894, 22.38], [88.895, 22.378], [88.893, 22.379], [88.891, 22.379], [88.889, 22.379], [88.889, 22.377], [88.89, 22.377], [88.891, 22.377], [88.892, 22.375], [88.894, 22.372], [88.896, 22.373], [88.896, 22.373], [88.897, 22.371], [88.899, 22.368], [88.897, 22.368], [88.895, 22.369], [88.894, 22.37], [88.893, 22.371], [88.891, 22.371], [88.89, 22.373], [88.891, 22.375], [88.889, 22.376], [88.886, 22.376], [88.886, 22.374], [88.886, 22.372], [88.885, 22.374], [88.884, 22.376], [88.883, 22.378], [88.882, 22.379], [88.881, 22.381], [88.88, 22.382], [88.879, 22.384], [88.878, 22.385], [88.877, 22.385], [88.877, 22.388], [88.877, 22.39], [88.878, 22.392], [88.879, 22.394], [88.88, 22.395], [88.88, 22.396], [88.881, 22.398], [88.882, 22.4], [88.882, 22.402], [88.882, 22.404], [88.88, 22.405], [88.878, 22.407], [88.876, 22.408], [88.874, 22.409], [88.872, 22.41], [88.87, 22.411], [88.869, 22.412], [88.867, 22.412], [88.865, 22.412], [88.863, 22.412], [88.861, 22.413], [88.86, 22.415], [88.859, 22.416], [88.858, 22.418], [88.857, 22.42], [88.857, 22.421], [88.856, 22.423], [88.856, 22.426], [88.856, 22.428], [88.856, 22.43], [88.855, 22.432], [88.855, 22.434], [88.855, 22.436], [88.855, 22.438], [88.856, 22.44], [88.858, 22.441], [88.859, 22.442], [88.861, 22.444], [88.861, 22.445], [88.861, 22.447], [88.86, 22.448], [88.86, 22.45], [88.859, 22.452], [88.858, 22.453], [88.857, 22.455], [88.857, 22.458], [88.858, 22.459], [88.859, 22.461], [88.86, 22.467], [88.86, 22.469], [88.86, 22.471], [88.859, 22.472], [88.859, 22.473], [88.858, 22.475], [88.858, 22.477], [88.858, 22.478], [88.858, 22.48], [88.859, 22.483], [88.86, 22.484], [88.862, 22.484], [88.863, 22.484], [88.864, 22.485], [88.866, 22.486], [88.868, 22.486], [88.868, 22.488], [88.866, 22.489], [88.864, 22.49], [88.863, 22.492], [88.862, 22.493], [88.862, 22.496], [88.861, 22.498], [88.861, 22.499], [88.859, 22.501], [88.857, 22.502], [88.855, 22.502], [88.851, 22.502], [88.849, 22.502], [88.846, 22.502], [88.845, 22.503], [88.844, 22.505], [88.844, 22.507], [88.845, 22.508], [88.848, 22.509], [88.85, 22.509], [88.853, 22.509], [88.855, 22.509], [88.857, 22.511], [88.859, 22.515], [88.859, 22.517], [88.86, 22.518], [88.861, 22.519], [88.862, 22.52], [88.864, 22.52], [88.866, 22.521], [88.868, 22.522], [88.869, 22.524], [88.868, 22.528], [88.868, 22.537], [88.87, 22.541], [88.872, 22.541], [88.871, 22.541], [88.87, 22.54], [88.87, 22.537], [88.868, 22.534], [88.869, 22.532], [88.869, 22.531], [88.872, 22.531], [88.873, 22.532], [88.873, 22.533], [88.874, 22.535], [88.875, 22.536], [88.878, 22.538], [88.876, 22.54], [88.878, 22.541], [88.879, 22.543], [88.881, 22.545], [88.882, 22.547], [88.883, 22.548], [88.884, 22.549], [88.886, 22.551], [88.887, 22.552], [88.888, 22.554], [88.889, 22.554], [88.889, 22.552], [88.889, 22.551], [88.889, 22.549], [88.891, 22.548], [88.892, 22.549], [88.893, 22.549], [88.894, 22.55], [88.895, 22.552], [88.895, 22.554], [88.896, 22.553], [88.897, 22.552], [88.897, 22.551], [88.898, 22.549]]], [[[88.934, 22.564], [88.936, 22.563], [88.936, 22.562], [88.935, 22.562], [88.933, 22.562], [88.933, 22.561], [88.934, 22.559], [88.934, 22.558], [88.933, 22.558], [88.932, 22.56], [88.931, 22.561], [88.93, 22.563], [88.931, 22.564], [88.933, 22.564], [88.934, 22.564]]], [[[88.92, 22.565], [88.922, 22.564], [88.923, 22.563], [88.925, 22.562], [88.926, 22.561], [88.928, 22.56], [88.93, 22.559], [88.932, 22.557], [88.933, 22.556], [88.935, 22.556], [88.936, 22.556], [88.937, 22.557], [88.939, 22.556], [88.94, 22.555], [88.942, 22.554], [88.943, 22.554], [88.945, 22.553], [88.947, 22.553], [88.949, 22.552], [88.952, 22.552], [88.953, 22.552], [88.955, 22.551], [88.958, 22.551], [88.959, 22.549], [88.96, 22.548], [88.961, 22.547], [88.962, 22.545], [88.962, 22.544], [88.963, 22.542], [88.963, 22.54], [88.964, 22.538], [88.965, 22.536], [88.965, 22.534], [88.966, 22.531], [88.966, 22.529], [88.967, 22.527], [88.967, 22.525], [88.968, 22.523], [88.968, 22.521], [88.968, 22.519], [88.968, 22.518], [88.969, 22.515], [88.969, 22.513], [88.97, 22.512], [88.97, 22.511], [88.97, 22.509], [88.97, 22.506], [88.971, 22.504], [88.971, 22.5], [88.972, 22.498], [88.973, 22.497], [88.974, 22.495], [88.974, 22.494], [88.975, 22.492], [88.976, 22.491], [88.977, 22.489], [88.978, 22.486], [88.978, 22.484], [88.979, 22.482], [88.979, 22.481], [88.98, 22.48], [88.982, 22.477], [88.984, 22.476], [88.985, 22.476], [88.988, 22.475], [88.991, 22.472], [88.993, 22.47], [88.995, 22.467], [88.994, 22.464], [88.994, 22.462], [88.993, 22.46], [88.993, 22.458], [88.993, 22.457], [88.993, 22.454], [88.992, 22.453], [88.991, 22.451], [88.99, 22.449], [88.988, 22.446], [88.988, 22.443], [88.989, 22.441], [88.989, 22.439], [88.99, 22.438], [88.996, 22.433], [88.997, 22.432], [88.998, 22.431], [88.999, 22.43], [88.998, 22.429], [88.997, 22.428], [88.995, 22.428], [88.994, 22.427], [88.993, 22.427], [88.992, 22.426], [88.991, 22.426], [88.989, 22.424], [88.986, 22.421], [88.981, 22.417], [88.979, 22.416], [88.977, 22.416], [88.976, 22.416], [88.975, 22.415], [88.974, 22.415], [88.972, 22.414], [88.97, 22.414], [88.969, 22.413], [88.968, 22.412], [88.966, 22.411], [88.965, 22.41], [88.964, 22.409], [88.963, 22.408], [88.963, 22.406], [88.964, 22.404], [88.968, 22.4], [88.968, 22.399], [88.969, 22.397], [88.969, 22.396], [88.97, 22.395], [88.969, 22.393], [88.967, 22.392], [88.965, 22.39], [88.965, 22.388], [88.966, 22.386], [88.966, 22.384], [88.965, 22.381], [88.964, 22.379], [88.964, 22.374], [88.964, 22.372], [88.963, 22.371], [88.962, 22.369], [88.961, 22.368], [88.957, 22.365], [88.956, 22.366], [88.954, 22.368], [88.952, 22.369], [88.95, 22.369], [88.948, 22.37], [88.947, 22.37], [88.946, 22.375], [88.946, 22.376], [88.947, 22.379], [88.946, 22.382], [88.945, 22.383], [88.944, 22.384], [88.942, 22.384], [88.939, 22.387], [88.939, 22.388], [88.939, 22.392], [88.935, 22.396], [88.937, 22.397], [88.938, 22.398], [88.94, 22.398], [88.941, 22.399], [88.942, 22.403], [88.941, 22.405], [88.941, 22.408], [88.941, 22.41], [88.941, 22.411], [88.94, 22.419], [88.941, 22.419], [88.944, 22.419], [88.947, 22.42], [88.944, 22.421], [88.941, 22.421], [88.94, 22.419], [88.939, 22.418], [88.939, 22.415], [88.939, 22.413], [88.939, 22.41], [88.94, 22.407], [88.94, 22.405], [88.94, 22.403], [88.94, 22.4], [88.938, 22.399], [88.936, 22.399], [88.935, 22.398], [88.934, 22.396], [88.935, 22.395], [88.936, 22.393], [88.938, 22.392], [88.938, 22.389], [88.938, 22.387], [88.939, 22.386], [88.94, 22.384], [88.942, 22.383], [88.944, 22.382], [88.945, 22.38], [88.945, 22.378], [88.944, 22.376], [88.944, 22.374], [88.944, 22.372], [88.945, 22.37], [88.946, 22.369], [88.948, 22.368], [88.949, 22.368], [88.951, 22.367], [88.953, 22.367], [88.953, 22.365], [88.952, 22.364], [88.951, 22.363], [88.95, 22.361], [88.949, 22.359], [88.949, 22.358], [88.949, 22.356], [88.949, 22.354], [88.949, 22.353], [88.949, 22.351], [88.95, 22.349], [88.95, 22.348], [88.95, 22.346], [88.951, 22.344], [88.95, 22.342], [88.949, 22.34], [88.948, 22.338], [88.947, 22.336], [88.946, 22.334], [88.946, 22.332], [88.945, 22.33], [88.945, 22.328], [88.945, 22.326], [88.945, 22.324], [88.946, 22.323], [88.946, 22.321], [88.946, 22.319], [88.946, 22.317], [88.945, 22.315], [88.945, 22.314], [88.944, 22.313], [88.944, 22.312], [88.943, 22.31], [88.942, 22.31], [88.94, 22.31], [88.939, 22.311], [88.937, 22.311], [88.934, 22.311], [88.932, 22.311], [88.931, 22.312], [88.929, 22.313], [88.928, 22.314], [88.927, 22.315], [88.926, 22.316], [88.925, 22.317], [88.924, 22.319], [88.922, 22.321], [88.921, 22.322], [88.92, 22.324], [88.918, 22.326], [88.917, 22.327], [88.915, 22.329], [88.914, 22.33], [88.912, 22.332], [88.911, 22.333], [88.909, 22.334], [88.907, 22.336], [88.906, 22.338], [88.906, 22.34], [88.906, 22.342], [88.906, 22.344], [88.906, 22.346], [88.906, 22.348], [88.905, 22.35], [88.905, 22.351], [88.904, 22.352], [88.903, 22.354], [88.903, 22.356], [88.902, 22.358], [88.902, 22.36], [88.902, 22.362], [88.902, 22.364], [88.901, 22.366], [88.901, 22.368], [88.9, 22.37], [88.899, 22.372], [88.898, 22.374], [88.898, 22.376], [88.897, 22.377], [88.897, 22.379], [88.897, 22.381], [88.898, 22.383], [88.899, 22.384], [88.901, 22.385], [88.902, 22.386], [88.904, 22.387], [88.907, 22.388], [88.909, 22.389], [88.912, 22.39], [88.913, 22.391], [88.915, 22.392], [88.917, 22.392], [88.919, 22.391], [88.92, 22.391], [88.923, 22.39], [88.922, 22.388], [88.922, 22.386], [88.924, 22.384], [88.926, 22.388], [88.927, 22.389], [88.929, 22.389], [88.93, 22.392], [88.928, 22.393], [88.926, 22.392], [88.924, 22.392], [88.922, 22.392], [88.924, 22.394], [88.925, 22.394], [88.927, 22.396], [88.928, 22.397], [88.928, 22.4], [88.928, 22.402], [88.927, 22.403], [88.927, 22.404], [88.926, 22.406], [88.924, 22.408], [88.922, 22.409], [88.92, 22.411], [88.919, 22.412], [88.918, 22.412], [88.917, 22.413], [88.915, 22.413], [88.914, 22.413], [88.912, 22.414], [88.909, 22.415], [88.908, 22.418], [88.91, 22.419], [88.912, 22.42], [88.913, 22.42], [88.915, 22.421], [88.916, 22.421], [88.917, 22.422], [88.919, 22.423], [88.921, 22.425], [88.92, 22.427], [88.92, 22.428], [88.919, 22.43], [88.916, 22.433], [88.915, 22.434], [88.915, 22.436], [88.914, 22.437], [88.913, 22.438], [88.911, 22.44], [88.909, 22.441], [88.907, 22.443], [88.905, 22.445], [88.904, 22.446], [88.904, 22.448], [88.904, 22.45], [88.904, 22.451], [88.903, 22.453], [88.903, 22.455], [88.903, 22.457], [88.902, 22.459], [88.901, 22.461], [88.9, 22.461], [88.9, 22.462], [88.898, 22.463], [88.895, 22.466], [88.897, 22.47], [88.897, 22.471], [88.898, 22.473], [88.899, 22.476], [88.899, 22.478], [88.898, 22.48], [88.897, 22.482], [88.896, 22.484], [88.897, 22.486], [88.898, 22.488], [88.9, 22.489], [88.901, 22.49], [88.903, 22.491], [88.904, 22.492], [88.905, 22.493], [88.906, 22.494], [88.907, 22.496], [88.907, 22.498], [88.907, 22.5], [88.907, 22.503], [88.909, 22.505], [88.909, 22.506], [88.907, 22.507], [88.906, 22.507], [88.906, 22.508], [88.908, 22.508], [88.912, 22.508], [88.914, 22.509], [88.914, 22.511], [88.914, 22.514], [88.912, 22.517], [88.912, 22.518], [88.911, 22.519], [88.909, 22.519], [88.908, 22.519], [88.907, 22.519], [88.91, 22.523], [88.909, 22.525], [88.908, 22.525], [88.908, 22.523], [88.907, 22.523], [88.906, 22.524], [88.905, 22.525], [88.904, 22.527], [88.904, 22.528], [88.904, 22.529], [88.903, 22.531], [88.904, 22.532], [88.904, 22.538], [88.902, 22.539], [88.902, 22.542], [88.902, 22.544], [88.902, 22.546], [88.901, 22.547], [88.9, 22.549], [88.899, 22.551], [88.898, 22.554], [88.897, 22.555], [88.895, 22.557], [88.895, 22.559], [88.896, 22.561], [88.899, 22.561], [88.901, 22.562], [88.903, 22.562], [88.906, 22.563], [88.908, 22.563], [88.91, 22.564], [88.912, 22.564], [88.914, 22.565], [88.916, 22.565], [88.918, 22.565], [88.92, 22.565]]], [[[88.936, 22.622], [88.937, 22.619], [88.935, 22.62], [88.935, 22.621], [88.935, 22.621], [88.936, 22.622]]], [[[88.676, 24.316], [88.675, 24.315], [88.675, 24.315], [88.676, 24.316]]], [[[88.127, 27.123], [88.155, 27.112], [88.184, 27.135], [88.214, 27.135], [88.24, 27.12], [88.277, 27.131], [88.304, 27.129], [88.32, 27.107], [88.345, 27.107], [88.371, 27.099], [88.429, 27.084], [88.454, 27.09], [88.469, 27.117], [88.492, 27.125], [88.503, 27.134], [88.519, 27.148], [88.532, 27.154], [88.521, 27.178], [88.566, 27.188], [88.594, 27.191], [88.607, 27.19], [88.642, 27.167], [88.674, 27.177], [88.702, 27.174], [88.725, 27.139], [88.751, 27.145], [88.761, 27.141], [88.775, 27.138], [88.796, 27.137], [88.804, 27.133], [88.807, 27.13], [88.811, 27.127], [88.826, 27.118], [88.847, 27.114], [88.865, 27.109], [88.87, 27.109], [88.872, 27.078], [88.877, 27.046], [88.878, 27.035], [88.872, 27.016], [88.872, 26.965], [88.874, 26.955], [88.88, 26.953], [88.889, 26.96], [88.902, 26.981], [88.91, 26.99], [88.917, 26.996], [88.92, 26.995], [88.923, 26.991], [88.93, 26.984], [88.947, 26.977], [88.953, 26.969], [88.955, 26.954], [88.94, 26.945], [88.943, 26.937], [88.971, 26.921], [88.985, 26.921], [89.016, 26.934], [89.024, 26.94], [89.027, 26.939], [89.046, 26.92], [89.048, 26.916], [89.046, 26.905], [89.061, 26.904], [89.086, 26.897], [89.092, 26.891], [89.095, 26.886], [89.091, 26.88], [89.088, 26.872], [89.098, 26.868], [89.102, 26.863], [89.104, 26.857], [89.102, 26.836], [89.113, 26.823], [89.123, 26.821], [89.128, 26.812], [89.132, 26.808], [89.161, 26.818], [89.175, 26.821], [89.183, 26.814], [89.195, 26.81], [89.236, 26.821], [89.252, 26.816], [89.269, 26.824], [89.282, 26.832], [89.304, 26.843], [89.312, 26.85], [89.319, 26.853], [89.328, 26.84], [89.338, 26.849], [89.36, 26.863], [89.377, 26.866], [89.386, 26.859], [89.39, 26.842], [89.401, 26.841], [89.42, 26.839], [89.428, 26.836], [89.438, 26.837], [89.449, 26.833], [89.454, 26.827], [89.453, 26.823], [89.453, 26.811], [89.456, 26.809], [89.49, 26.802], [89.504, 26.808], [89.517, 26.815], [89.531, 26.818], [89.546, 26.812], [89.562, 26.814], [89.571, 26.8], [89.618, 26.786], [89.622, 26.781], [89.627, 26.776], [89.637, 26.783], [89.645, 26.777], [89.654, 26.772], [89.646, 26.752], [89.643, 26.747], [89.633, 26.744], [89.624, 26.738], [89.613, 26.728], [89.621, 26.724], [89.637, 26.721], [89.655, 26.718], [89.664, 26.726], [89.674, 26.74], [89.691, 26.736], [89.707, 26.735], [89.718, 26.731], [89.723, 26.724], [89.733, 26.727], [89.741, 26.727], [89.746, 26.733], [89.757, 26.736], [89.76, 26.733], [89.757, 26.717], [89.767, 26.708], [89.771, 26.701], [89.781, 26.703], [89.798, 26.713], [89.832, 26.712], [89.871, 26.684], [89.871, 26.666], [89.873, 26.652], [89.861, 26.636], [89.862, 26.615], [89.875, 26.601], [89.878, 26.584], [89.865, 26.57], [89.861, 26.543], [89.853, 26.517], [89.861, 26.475], [89.871, 26.46], [89.858, 26.438], [89.848, 26.422], [89.836, 26.411], [89.828, 26.393], [89.846, 26.398], [89.857, 26.384], [89.841, 26.378], [89.826, 26.379], [89.821, 26.359], [89.816, 26.351], [89.813, 26.362], [89.81, 26.367], [89.781, 26.352], [89.781, 26.331], [89.754, 26.322], [89.759, 26.293], [89.746, 26.291], [89.721, 26.296], [89.718, 26.306], [89.721, 26.288], [89.733, 26.263], [89.711, 26.263], [89.705, 26.27], [89.711, 26.258], [89.715, 26.249], [89.723, 26.233], [89.71, 26.219], [89.697, 26.217], [89.716, 26.215], [89.731, 26.211], [89.717, 26.206], [89.717, 26.2], [89.711, 26.189], [89.698, 26.191], [89.704, 26.175], [89.72, 26.178], [89.734, 26.173], [89.725, 26.17], [89.716, 26.167], [89.713, 26.154], [89.705, 26.154], [89.699, 26.159], [89.69, 26.158], [89.684, 26.164], [89.696, 26.168], [89.704, 26.172], [89.693, 26.178], [89.686, 26.188], [89.685, 26.193], [89.685, 26.198], [89.678, 26.207], [89.689, 26.206], [89.694, 26.211], [89.686, 26.21], [89.682, 26.216], [89.684, 26.219], [89.692, 26.219], [89.689, 26.222], [89.682, 26.221], [89.687, 26.224], [89.689, 26.228], [89.683, 26.228], [89.68, 26.235], [89.674, 26.227], [89.673, 26.219], [89.661, 26.218], [89.648, 26.224], [89.639, 26.229], [89.638, 26.222], [89.637, 26.213], [89.641, 26.208], [89.644, 26.197], [89.651, 26.191], [89.65, 26.188], [89.647, 26.184], [89.64, 26.188], [89.636, 26.195], [89.633, 26.193], [89.634, 26.189], [89.631, 26.184], [89.637, 26.181], [89.644, 26.182], [89.655, 26.18], [89.661, 26.176], [89.656, 26.171], [89.653, 26.166], [89.643, 26.165], [89.64, 26.17], [89.634, 26.172], [89.638, 26.176], [89.635, 26.178], [89.628, 26.173], [89.625, 26.176], [89.618, 26.177], [89.614, 26.173], [89.615, 26.169], [89.619, 26.167], [89.617, 26.164], [89.615, 26.161], [89.613, 26.158], [89.61, 26.152], [89.608, 26.158], [89.602, 26.16], [89.595, 26.157], [89.6, 26.152], [89.601, 26.144], [89.6, 26.138], [89.601, 26.134], [89.605, 26.127], [89.61, 26.124], [89.606, 26.119], [89.611, 26.117], [89.613, 26.125], [89.614, 26.126], [89.619, 26.121], [89.626, 26.124], [89.632, 26.124], [89.632, 26.115], [89.622, 26.109], [89.616, 26.107], [89.609, 26.107], [89.605, 26.111], [89.601, 26.112], [89.603, 26.109], [89.598, 26.109], [89.599, 26.107], [89.603, 26.106], [89.604, 26.103], [89.597, 26.101], [89.601, 26.097], [89.609, 26.091], [89.614, 26.091], [89.617, 26.095], [89.618, 26.099], [89.618, 26.104], [89.625, 26.1], [89.627, 26.107], [89.632, 26.107], [89.635, 26.102], [89.637, 26.097], [89.643, 26.09], [89.636, 26.081], [89.643, 26.074], [89.652, 26.066], [89.648, 26.062], [89.638, 26.06], [89.631, 26.06], [89.626, 26.054], [89.621, 26.054], [89.62, 26.059], [89.616, 26.06], [89.613, 26.065], [89.608, 26.062], [89.613, 26.057], [89.616, 26.051], [89.607, 26.048], [89.6, 26.044], [89.596, 26.044], [89.598, 26.041], [89.596, 26.035], [89.59, 26.036], [89.587, 26.029], [89.584, 26.025], [89.584, 26.012], [89.584, 26.003], [89.591, 25.992], [89.591, 25.981], [89.588, 25.976], [89.581, 25.978], [89.578, 25.977], [89.581, 25.974], [89.577, 25.967], [89.573, 25.973], [89.568, 25.972], [89.558, 25.965], [89.548, 25.967], [89.543, 25.976], [89.54, 25.985], [89.543, 25.992], [89.553, 25.998], [89.545, 26.003], [89.54, 26.003], [89.53, 26.005], [89.522, 26.008], [89.514, 26.003], [89.502, 26.003], [89.494, 26.006], [89.489, 26.0], [89.478, 25.997], [89.469, 25.998], [89.458, 26.002], [89.45, 26.006], [89.436, 26.01], [89.434, 26.02], [89.439, 26.036], [89.43, 26.046], [89.423, 26.042], [89.413, 26.037], [89.404, 26.024], [89.4, 26.015], [89.398, 26.007], [89.39, 26.01], [89.381, 26.009], [89.373, 26.009], [89.363, 26.008], [89.356, 26.01], [89.352, 26.014], [89.348, 26.015], [89.344, 26.019], [89.341, 26.022], [89.336, 26.028], [89.33, 26.036], [89.318, 26.041], [89.307, 26.049], [89.302, 26.046], [89.294, 26.049], [89.286, 26.048], [89.284, 26.052], [89.286, 26.065], [89.279, 26.061], [89.27, 26.063], [89.261, 26.066], [89.265, 26.082], [89.272, 26.092], [89.263, 26.092], [89.257, 26.094], [89.252, 26.104], [89.244, 26.111], [89.235, 26.116], [89.228, 26.123], [89.222, 26.124], [89.213, 26.125], [89.208, 26.127], [89.201, 26.125], [89.195, 26.125], [89.185, 26.127], [89.177, 26.13], [89.168, 26.133], [89.16, 26.142], [89.155, 26.155], [89.158, 26.159], [89.161, 26.163], [89.151, 26.169], [89.146, 26.173], [89.14, 26.182], [89.146, 26.195], [89.148, 26.2], [89.155, 26.209], [89.147, 26.217], [89.146, 26.23], [89.143, 26.238], [89.137, 26.245], [89.128, 26.254], [89.131, 26.262], [89.128, 26.269], [89.118, 26.274], [89.115, 26.277], [89.114, 26.281], [89.112, 26.282], [89.11, 26.289], [89.115, 26.292], [89.112, 26.297], [89.115, 26.301], [89.11, 26.305], [89.111, 26.313], [89.114, 26.317], [89.119, 26.307], [89.123, 26.298], [89.131, 26.288], [89.135, 26.297], [89.14, 26.301], [89.134, 26.307], [89.142, 26.308], [89.14, 26.313], [89.145, 26.319], [89.139, 26.32], [89.135, 26.321], [89.133, 26.324], [89.125, 26.32], [89.12, 26.32], [89.119, 26.325], [89.112, 26.326], [89.107, 26.327], [89.103, 26.328], [89.099, 26.323], [89.094, 26.322], [89.09, 26.324], [89.098, 26.328], [89.103, 26.332], [89.107, 26.339], [89.107, 26.349], [89.103, 26.356], [89.1, 26.362], [89.093, 26.365], [89.087, 26.366], [89.091, 26.368], [89.097, 26.371], [89.097, 26.38], [89.098, 26.386], [89.101, 26.391], [89.099, 26.394], [89.092, 26.392], [89.092, 26.395], [89.094, 26.399], [89.086, 26.398], [89.082, 26.395], [89.078, 26.399], [89.071, 26.399], [89.064, 26.398], [89.056, 26.402], [89.047, 26.402], [89.045, 26.397], [89.041, 26.399], [89.038, 26.406], [89.03, 26.411], [89.025, 26.417], [89.013, 26.417], [89.008, 26.426], [89.002, 26.425], [89.005, 26.417], [88.999, 26.421], [88.99, 26.429], [88.988, 26.437], [88.99, 26.442], [88.989, 26.451], [88.983, 26.452], [88.974, 26.458], [88.966, 26.464], [88.967, 26.457], [88.969, 26.454], [88.962, 26.456], [88.959, 26.454], [88.953, 26.451], [88.957, 26.445], [88.956, 26.438], [88.951, 26.429], [88.944, 26.433], [88.934, 26.436], [88.937, 26.432], [88.938, 26.429], [88.932, 26.426], [88.937, 26.419], [88.931, 26.41], [88.923, 26.412], [88.914, 26.411], [88.914, 26.409], [88.918, 26.405], [88.925, 26.404], [88.924, 26.389], [88.916, 26.383], [88.927, 26.382], [88.92, 26.378], [88.92, 26.37], [88.927, 26.367], [88.926, 26.363], [88.931, 26.366], [88.936, 26.366], [88.945, 26.36], [88.954, 26.36], [88.957, 26.368], [88.965, 26.365], [88.962, 26.36], [88.954, 26.352], [88.959, 26.347], [88.964, 26.348], [88.962, 26.345], [88.959, 26.339], [88.962, 26.335], [88.968, 26.335], [88.967, 26.339], [88.969, 26.349], [88.968, 26.353], [88.972, 26.352], [88.98, 26.354], [88.986, 26.35], [88.994, 26.348], [88.994, 26.342], [88.99, 26.341], [88.996, 26.336], [89.004, 26.335], [89.007, 26.327], [88.999, 26.323], [89.003, 26.318], [88.998, 26.318], [88.992, 26.32], [88.991, 26.312], [88.992, 26.305], [89.002, 26.302], [89.002, 26.296], [89.008, 26.295], [89.011, 26.302], [89.018, 26.302], [89.021, 26.293], [89.026, 26.296], [89.024, 26.305], [89.032, 26.308], [89.029, 26.299], [89.028, 26.292], [89.033, 26.287], [89.036, 26.285], [89.044, 26.285], [89.052, 26.288], [89.052, 26.295], [89.058, 26.297], [89.063, 26.294], [89.067, 26.289], [89.07, 26.281], [89.062, 26.278], [89.068, 26.267], [89.069, 26.257], [89.064, 26.258], [89.058, 26.253], [89.057, 26.245], [89.05, 26.244], [89.046, 26.247], [89.041, 26.246], [89.036, 26.25], [89.03, 26.247], [89.023, 26.247], [89.011, 26.247], [88.996, 26.249], [88.983, 26.246], [88.97, 26.242], [88.956, 26.252], [88.949, 26.265], [88.939, 26.279], [88.935, 26.288], [88.926, 26.29], [88.909, 26.292], [88.888, 26.292], [88.876, 26.286], [88.873, 26.281], [88.869, 26.276], [88.868, 26.261], [88.875, 26.251], [88.879, 26.244], [88.885, 26.244], [88.882, 26.237], [88.871, 26.235], [88.853, 26.236], [88.845, 26.237], [88.835, 26.244], [88.836, 26.251], [88.831, 26.254], [88.821, 26.258], [88.819, 26.267], [88.82, 26.274], [88.816, 26.283], [88.818, 26.293], [88.822, 26.301], [88.804, 26.312], [88.787, 26.308], [88.776, 26.306], [88.762, 26.301], [88.758, 26.308], [88.757, 26.32], [88.761, 26.332], [88.756, 26.337], [88.753, 26.345], [88.749, 26.353], [88.742, 26.354], [88.735, 26.355], [88.735, 26.35], [88.727, 26.345], [88.714, 26.345], [88.712, 26.336], [88.704, 26.334], [88.704, 26.341], [88.697, 26.344], [88.699, 26.351], [88.695, 26.358], [88.697, 26.363], [88.691, 26.366], [88.687, 26.375], [88.683, 26.378], [88.689, 26.383], [88.7, 26.385], [88.7, 26.39], [88.693, 26.388], [88.689, 26.389], [88.686, 26.392], [88.684, 26.395], [88.675, 26.396], [88.675, 26.4], [88.683, 26.403], [88.686, 26.402], [88.688, 26.408], [88.683, 26.413], [88.68, 26.409], [88.671, 26.407], [88.663, 26.412], [88.659, 26.417], [88.653, 26.416], [88.648, 26.417], [88.649, 26.42], [88.65, 26.427], [88.643, 26.428], [88.633, 26.431], [88.626, 26.434], [88.627, 26.441], [88.627, 26.449], [88.625, 26.46], [88.623, 26.468], [88.614, 26.47], [88.603, 26.471], [88.597, 26.472], [88.595, 26.466], [88.596, 26.456], [88.597, 26.449], [88.586, 26.452], [88.576, 26.456], [88.567, 26.456], [88.557, 26.459], [88.561, 26.468], [88.561, 26.474], [88.555, 26.474], [88.552, 26.478], [88.557, 26.481], [88.561, 26.489], [88.549, 26.483], [88.539, 26.482], [88.528, 26.481], [88.525, 26.485], [88.525, 26.495], [88.524, 26.501], [88.524, 26.508], [88.517, 26.508], [88.513, 26.51], [88.51, 26.513], [88.501, 26.513], [88.493, 26.515], [88.492, 26.517], [88.491, 26.523], [88.49, 26.526], [88.489, 26.528], [88.49, 26.533], [88.485, 26.531], [88.484, 26.535], [88.487, 26.539], [88.483, 26.542], [88.48, 26.545], [88.472, 26.545], [88.466, 26.544], [88.459, 26.544], [88.456, 26.54], [88.457, 26.537], [88.452, 26.536], [88.445, 26.541], [88.44, 26.545], [88.432, 26.551], [88.424, 26.567], [88.424, 26.579], [88.423, 26.588], [88.421, 26.6], [88.419, 26.609], [88.419, 26.619], [88.417, 26.624], [88.417, 26.632], [88.413, 26.634], [88.408, 26.631], [88.402, 26.627], [88.398, 26.62], [88.393, 26.615], [88.388, 26.609], [88.396, 26.606], [88.399, 26.603], [88.397, 26.601], [88.393, 26.603], [88.387, 26.601], [88.385, 26.597], [88.378, 26.594], [88.377, 26.587], [88.374, 26.583], [88.373, 26.577], [88.37, 26.573], [88.373, 26.565], [88.371, 26.557], [88.362, 26.55], [88.359, 26.542], [88.358, 26.533], [88.357, 26.528], [88.353, 26.525], [88.352, 26.516], [88.35, 26.509], [88.344, 26.504], [88.338, 26.498], [88.334, 26.491], [88.334, 26.482], [88.335, 26.478], [88.342, 26.476], [88.345, 26.468], [88.349, 26.461], [88.353, 26.452], [88.355, 26.446], [88.36, 26.452], [88.363, 26.461], [88.366, 26.468], [88.364, 26.475], [88.363, 26.481], [88.365, 26.486], [88.376, 26.487], [88.385, 26.483], [88.391, 26.479], [88.4, 26.482], [88.405, 26.485], [88.409, 26.479], [88.417, 26.469], [88.422, 26.465], [88.425, 26.472], [88.432, 26.471], [88.436, 26.469], [88.442, 26.466], [88.455, 26.465], [88.461, 26.465], [88.47, 26.464], [88.478, 26.462], [88.484, 26.46], [88.479, 26.454], [88.484, 26.45], [88.488, 26.448], [88.491, 26.443], [88.493, 26.439], [88.498, 26.434], [88.491, 26.43], [88.496, 26.427], [88.498, 26.424], [88.494, 26.419], [88.496, 26.416], [88.5, 26.416], [88.502, 26.414], [88.497, 26.41], [88.501, 26.408], [88.504, 26.404], [88.506, 26.403], [88.511, 26.406], [88.512, 26.4], [88.507, 26.399], [88.513, 26.39], [88.514, 26.387], [88.518, 26.39], [88.52, 26.389], [88.518, 26.385], [88.515, 26.377], [88.518, 26.371], [88.523, 26.373], [88.525, 26.374], [88.523, 26.368], [88.519, 26.366], [88.517, 26.363], [88.522, 26.363], [88.525, 26.36], [88.521, 26.354], [88.517, 26.351], [88.514, 26.352], [88.507, 26.348], [88.504, 26.35], [88.508, 26.358], [88.507, 26.361], [88.499, 26.358], [88.493, 26.36], [88.49, 26.358], [88.492, 26.352], [88.488, 26.349], [88.482, 26.351], [88.479, 26.355], [88.473, 26.357], [88.466, 26.358], [88.461, 26.367], [88.461, 26.373], [88.455, 26.37], [88.45, 26.365], [88.443, 26.353], [88.439, 26.343], [88.437, 26.336], [88.426, 26.335], [88.417, 26.336], [88.411, 26.333], [88.407, 26.328], [88.411, 26.322], [88.417, 26.318], [88.41, 26.316], [88.401, 26.317], [88.397, 26.314], [88.391, 26.314], [88.388, 26.313], [88.384, 26.308], [88.38, 26.304], [88.376, 26.303], [88.373, 26.304], [88.371, 26.3], [88.366, 26.299], [88.365, 26.297], [88.361, 26.289], [88.357, 26.286], [88.354, 26.284], [88.352, 26.281], [88.352, 26.276], [88.351, 26.272], [88.35, 26.268], [88.354, 26.266], [88.352, 26.264], [88.352, 26.26], [88.35, 26.254], [88.351, 26.251], [88.355, 26.248], [88.352, 26.246], [88.359, 26.244], [88.36, 26.238], [88.359, 26.234], [88.353, 26.228], [88.353, 26.224], [88.35, 26.219], [88.342, 26.217], [88.333, 26.212], [88.329, 26.21], [88.326, 26.206], [88.324, 26.203], [88.319, 26.202], [88.314, 26.202], [88.309, 26.202], [88.306, 26.198], [88.302, 26.198], [88.299, 26.198], [88.294, 26.197], [88.294, 26.201], [88.29, 26.197], [88.285, 26.197], [88.286, 26.191], [88.282, 26.194], [88.282, 26.189], [88.276, 26.187], [88.27, 26.186], [88.265, 26.188], [88.26, 26.186], [88.256, 26.185], [88.251, 26.188], [88.248, 26.188], [88.242, 26.186], [88.238, 26.181], [88.236, 26.178], [88.236, 26.174], [88.23, 26.171], [88.229, 26.169], [88.226, 26.167], [88.22, 26.165], [88.216, 26.16], [88.204, 26.158], [88.199, 26.161], [88.195, 26.154], [88.197, 26.151], [88.188, 26.152], [88.183, 26.147], [88.18, 26.138], [88.178, 26.129], [88.18, 26.124], [88.177, 26.118], [88.176, 26.109], [88.167, 26.105], [88.164, 26.098], [88.163, 26.09], [88.167, 26.085], [88.162, 26.08], [88.164, 26.074], [88.168, 26.077], [88.17, 26.082], [88.174, 26.078], [88.177, 26.075], [88.186, 26.069], [88.188, 26.063], [88.182, 26.057], [88.182, 26.049], [88.175, 26.048], [88.175, 26.042], [88.176, 26.035], [88.176, 26.03], [88.186, 26.028], [88.186, 26.023], [88.177, 26.019], [88.168, 26.02], [88.159, 26.019], [88.152, 26.017], [88.147, 26.013], [88.143, 26.009], [88.147, 26.001], [88.142, 25.996], [88.135, 25.99], [88.13, 25.987], [88.131, 25.98], [88.126, 25.978], [88.126, 25.973], [88.128, 25.971], [88.126, 25.964], [88.12, 25.96], [88.121, 25.955], [88.119, 25.953], [88.12, 25.949], [88.116, 25.944], [88.114, 25.937], [88.111, 25.932], [88.104, 25.934], [88.096, 25.931], [88.089, 25.921], [88.087, 25.914], [88.091, 25.908], [88.091, 25.906], [88.093, 25.901], [88.099, 25.898], [88.094, 25.895], [88.098, 25.893], [88.102, 25.889], [88.107, 25.891], [88.104, 25.887], [88.105, 25.882], [88.107, 25.877], [88.109, 25.871], [88.11, 25.862], [88.113, 25.856], [88.115, 25.85], [88.105, 25.844], [88.105, 25.84], [88.112, 25.834], [88.108, 25.83], [88.107, 25.822], [88.111, 25.814], [88.12, 25.81], [88.117, 25.799], [88.123, 25.794], [88.135, 25.796], [88.146, 25.788], [88.144, 25.779], [88.149, 25.777], [88.154, 25.774], [88.161, 25.782], [88.168, 25.787], [88.175, 25.784], [88.181, 25.791], [88.184, 25.795], [88.188, 25.799], [88.196, 25.797], [88.202, 25.791], [88.206, 25.786], [88.214, 25.788], [88.215, 25.794], [88.22, 25.798], [88.226, 25.794], [88.234, 25.795], [88.237, 25.804], [88.24, 25.807], [88.246, 25.804], [88.25, 25.808], [88.253, 25.811], [88.259, 25.809], [88.264, 25.812], [88.272, 25.806], [88.276, 25.793], [88.273, 25.783], [88.28, 25.774], [88.29, 25.773], [88.295, 25.765], [88.308, 25.756], [88.32, 25.749], [88.322, 25.742], [88.325, 25.736], [88.333, 25.736], [88.345, 25.73], [88.355, 25.726], [88.362, 25.721], [88.367, 25.718], [88.376, 25.714], [88.374, 25.703], [88.374, 25.697], [88.385, 25.694], [88.394, 25.687], [88.395, 25.682], [88.404, 25.683], [88.407, 25.677], [88.407, 25.669], [88.421, 25.667], [88.429, 25.665], [88.438, 25.665], [88.452, 25.664], [88.458, 25.651], [88.457, 25.634], [88.455, 25.624], [88.45, 25.616], [88.449, 25.61], [88.451, 25.603], [88.446, 25.597], [88.455, 25.595], [88.46, 25.595], [88.467, 25.589], [88.471, 25.583], [88.487, 25.581], [88.498, 25.582], [88.5, 25.571], [88.496, 25.56], [88.501, 25.551], [88.508, 25.545], [88.515, 25.544], [88.521, 25.539], [88.523, 25.533], [88.53, 25.541], [88.534, 25.534], [88.536, 25.531], [88.54, 25.521], [88.541, 25.514], [88.543, 25.507], [88.55, 25.514], [88.555, 25.518], [88.563, 25.511], [88.57, 25.51], [88.581, 25.506], [88.592, 25.506], [88.6, 25.506], [88.605, 25.513], [88.61, 25.509], [88.616, 25.504], [88.623, 25.499], [88.627, 25.495], [88.637, 25.497], [88.646, 25.496], [88.649, 25.49], [88.645, 25.486], [88.65, 25.477], [88.66, 25.48], [88.664, 25.474], [88.67, 25.472], [88.681, 25.471], [88.695, 25.47], [88.704, 25.473], [88.71, 25.482], [88.711, 25.497], [88.713, 25.496], [88.722, 25.498], [88.732, 25.501], [88.741, 25.501], [88.745, 25.493], [88.743, 25.486], [88.751, 25.492], [88.761, 25.49], [88.771, 25.495], [88.769, 25.503], [88.762, 25.51], [88.766, 25.522], [88.771, 25.518], [88.778, 25.515], [88.786, 25.513], [88.797, 25.522], [88.807, 25.521], [88.81, 25.514], [88.812, 25.503], [88.814, 25.49], [88.819, 25.486], [88.828, 25.488], [88.835, 25.478], [88.839, 25.467], [88.84, 25.458], [88.839, 25.449], [88.83, 25.443], [88.83, 25.434], [88.836, 25.431], [88.835, 25.424], [88.834, 25.419], [88.828, 25.411], [88.818, 25.41], [88.826, 25.404], [88.827, 25.399], [88.837, 25.398], [88.842, 25.394], [88.843, 25.388], [88.843, 25.379], [88.843, 25.367], [88.848, 25.36], [88.854, 25.359], [88.859, 25.355], [88.864, 25.352], [88.87, 25.349], [88.871, 25.341], [88.88, 25.33], [88.886, 25.324], [88.891, 25.323], [88.893, 25.334], [88.902, 25.335], [88.909, 25.331], [88.914, 25.318], [88.917, 25.311], [88.929, 25.303], [88.934, 25.309], [88.941, 25.307], [88.948, 25.302], [88.956, 25.308], [88.968, 25.307], [88.975, 25.303], [88.981, 25.305], [88.987, 25.303], [88.989, 25.296], [89.004, 25.297], [89.008, 25.297], [89.011, 25.294], [89.008, 25.284], [89.007, 25.276], [89.001, 25.278], [88.997, 25.276], [88.993, 25.277], [88.987, 25.28], [88.982, 25.276], [88.973, 25.267], [88.96, 25.262], [88.953, 25.252], [88.951, 25.244], [88.952, 25.237], [88.957, 25.227], [88.957, 25.218], [88.946, 25.214], [88.937, 25.218], [88.935, 25.208], [88.941, 25.199], [88.947, 25.197], [88.945, 25.19], [88.946, 25.183], [88.94, 25.185], [88.927, 25.18], [88.923, 25.167], [88.914, 25.17], [88.913, 25.18], [88.9, 25.183], [88.891, 25.185], [88.891, 25.181], [88.877, 25.181], [88.874, 25.191], [88.866, 25.193], [88.859, 25.202], [88.849, 25.209], [88.84, 25.21], [88.832, 25.206], [88.829, 25.195], [88.817, 25.187], [88.815, 25.176], [88.806, 25.173], [88.795, 25.174], [88.781, 25.18], [88.775, 25.186], [88.771, 25.189], [88.766, 25.186], [88.757, 25.183], [88.752, 25.178], [88.743, 25.187], [88.735, 25.197], [88.728, 25.2], [88.716, 25.207], [88.703, 25.209], [88.688, 25.21], [88.68, 25.209], [88.67, 25.201], [88.657, 25.204], [88.641, 25.208], [88.624, 25.206], [88.613, 25.204], [88.601, 25.195], [88.591, 25.194], [88.586, 25.184], [88.581, 25.181], [88.566, 25.178], [88.558, 25.182], [88.561, 25.191], [88.545, 25.196], [88.539, 25.191], [88.533, 25.194], [88.537, 25.199], [88.527, 25.202], [88.515, 25.205], [88.501, 25.205], [88.496, 25.211], [88.484, 25.212], [88.479, 25.213], [88.474, 25.208], [88.471, 25.201], [88.465, 25.196], [88.451, 25.197], [88.444, 25.195], [88.445, 25.186], [88.445, 25.177], [88.453, 25.168], [88.459, 25.163], [88.462, 25.154], [88.462, 25.14], [88.446, 25.128], [88.444, 25.121], [88.447, 25.114], [88.447, 25.106], [88.447, 25.097], [88.448, 25.086], [88.452, 25.08], [88.447, 25.07], [88.444, 25.063], [88.437, 25.054], [88.442, 25.042], [88.453, 25.041], [88.449, 25.033], [88.446, 25.028], [88.443, 25.023], [88.44, 25.015], [88.436, 25.006], [88.424, 25.007], [88.421, 25.001], [88.414, 24.994], [88.416, 24.984], [88.417, 24.979], [88.414, 24.972], [88.407, 24.975], [88.4, 24.972], [88.397, 24.967], [88.395, 24.961], [88.4, 24.954], [88.399, 24.943], [88.391, 24.941], [88.379, 24.941], [88.368, 24.944], [88.366, 24.951], [88.361, 24.949], [88.357, 24.944], [88.349, 24.943], [88.342, 24.939], [88.34, 24.933], [88.338, 24.925], [88.335, 24.922], [88.333, 24.918], [88.329, 24.916], [88.326, 24.911], [88.333, 24.904], [88.335, 24.9], [88.343, 24.899], [88.348, 24.892], [88.344, 24.882], [88.334, 24.871], [88.328, 24.87], [88.324, 24.879], [88.317, 24.881], [88.311, 24.876], [88.301, 24.876], [88.302, 24.882], [88.293, 24.888], [88.287, 24.887], [88.279, 24.887], [88.278, 24.893], [88.272, 24.891], [88.27, 24.886], [88.269, 24.877], [88.264, 24.875], [88.267, 24.893], [88.259, 24.925], [88.242, 24.941], [88.234, 24.951], [88.228, 24.959], [88.207, 24.959], [88.19, 24.953], [88.179, 24.949], [88.171, 24.95], [88.164, 24.942], [88.161, 24.94], [88.152, 24.932], [88.141, 24.937], [88.14, 24.926], [88.142, 24.915], [88.156, 24.901], [88.162, 24.898], [88.168, 24.894], [88.168, 24.888], [88.161, 24.89], [88.157, 24.889], [88.159, 24.881], [88.162, 24.876], [88.162, 24.868], [88.174, 24.863], [88.172, 24.86], [88.164, 24.856], [88.163, 24.849], [88.156, 24.85], [88.15, 24.851], [88.145, 24.843], [88.141, 24.839], [88.139, 24.834], [88.135, 24.828], [88.135, 24.816], [88.137, 24.806], [88.131, 24.806], [88.127, 24.814], [88.124, 24.821], [88.112, 24.813], [88.106, 24.8], [88.107, 24.785], [88.1, 24.78], [88.087, 24.779], [88.08, 24.771], [88.072, 24.771], [88.07, 24.766], [88.074, 24.761], [88.07, 24.753], [88.068, 24.747], [88.069, 24.733], [88.063, 24.718], [88.046, 24.704], [88.034, 24.694], [88.022, 24.68], [88.011, 24.669], [88.017, 24.659], [88.032, 24.647], [88.048, 24.633], [88.056, 24.62], [88.07, 24.605], [88.081, 24.585], [88.094, 24.562], [88.104, 24.549], [88.118, 24.537], [88.129, 24.525], [88.141, 24.512], [88.152, 24.503], [88.168, 24.496], [88.18, 24.485], [88.192, 24.473], [88.2, 24.461], [88.22, 24.454], [88.232, 24.452], [88.256, 24.447], [88.271, 24.441], [88.284, 24.428], [88.299, 24.411], [88.323, 24.391], [88.343, 24.379], [88.367, 24.373], [88.385, 24.373], [88.414, 24.377], [88.433, 24.382], [88.454, 24.374], [88.477, 24.36], [88.494, 24.354], [88.507, 24.345], [88.531, 24.342], [88.548, 24.308], [88.568, 24.327], [88.584, 24.325], [88.589, 24.315], [88.608, 24.317], [88.627, 24.311], [88.636, 24.308], [88.648, 24.31], [88.655, 24.309], [88.659, 24.314], [88.673, 24.313], [88.689, 24.313], [88.708, 24.307], [88.723, 24.296], [88.724, 24.294], [88.726, 24.29], [88.728, 24.286], [88.731, 24.283], [88.734, 24.276], [88.737, 24.268], [88.738, 24.26], [88.735, 24.246], [88.735, 24.233], [88.733, 24.214], [88.732, 24.21], [88.72, 24.198], [88.704, 24.167], [88.707, 24.145], [88.71, 24.119], [88.696, 24.117], [88.698, 24.097], [88.705, 24.094], [88.726, 24.096], [88.724, 24.077], [88.723, 24.065], [88.735, 24.063], [88.738, 24.059], [88.731, 24.055], [88.727, 24.049], [88.739, 24.035], [88.738, 24.014], [88.729, 24.005], [88.737, 23.998], [88.746, 24.004], [88.765, 23.996], [88.77, 23.991], [88.769, 23.982], [88.755, 23.986], [88.741, 23.985], [88.735, 23.977], [88.734, 23.962], [88.739, 23.954], [88.74, 23.948], [88.742, 23.936], [88.736, 23.932], [88.732, 23.927], [88.732, 23.913], [88.721, 23.915], [88.71, 23.914], [88.701, 23.912], [88.704, 23.906], [88.705, 23.9], [88.692, 23.9], [88.687, 23.892], [88.671, 23.885], [88.665, 23.876], [88.655, 23.868], [88.638, 23.863], [88.627, 23.863], [88.623, 23.87], [88.617, 23.875], [88.61, 23.871], [88.6, 23.865], [88.587, 23.87], [88.581, 23.862], [88.581, 23.852], [88.588, 23.849], [88.588, 23.834], [88.602, 23.817], [88.589, 23.813], [88.589, 23.807], [88.592, 23.804], [88.589, 23.8], [88.585, 23.798], [88.581, 23.789], [88.573, 23.786], [88.559, 23.784], [88.56, 23.781], [88.573, 23.773], [88.579, 23.757], [88.574, 23.749], [88.571, 23.725], [88.565, 23.71], [88.571, 23.683], [88.569, 23.666], [88.568, 23.658], [88.562, 23.646], [88.567, 23.638], [88.578, 23.636], [88.593, 23.626], [88.59, 23.615], [88.582, 23.603], [88.595, 23.603], [88.601, 23.601], [88.606, 23.6], [88.621, 23.603], [88.631, 23.606], [88.644, 23.608], [88.645, 23.603], [88.64, 23.592], [88.645, 23.587], [88.65, 23.581], [88.656, 23.557], [88.659, 23.554], [88.662, 23.55], [88.677, 23.543], [88.686, 23.535], [88.699, 23.515], [88.709, 23.514], [88.716, 23.508], [88.731, 23.497], [88.74, 23.491], [88.749, 23.479], [88.756, 23.479], [88.76, 23.486], [88.767, 23.482], [88.772, 23.485], [88.77, 23.492], [88.778, 23.497], [88.785, 23.497], [88.791, 23.496], [88.799, 23.492], [88.796, 23.483], [88.8, 23.481], [88.797, 23.475], [88.788, 23.465], [88.791, 23.445], [88.784, 23.44], [88.778, 23.436], [88.773, 23.44], [88.769, 23.444], [88.76, 23.424], [88.76, 23.41], [88.759, 23.403], [88.754, 23.399], [88.753, 23.387], [88.76, 23.375], [88.761, 23.371], [88.762, 23.362], [88.755, 23.359], [88.75, 23.358], [88.747, 23.35], [88.736, 23.349], [88.738, 23.339], [88.737, 23.329], [88.739, 23.325], [88.747, 23.318], [88.744, 23.307], [88.736, 23.309], [88.734, 23.311], [88.727, 23.317], [88.725, 23.311], [88.727, 23.305], [88.721, 23.299], [88.714, 23.301], [88.707, 23.307], [88.697, 23.293], [88.699, 23.29], [88.711, 23.282], [88.715, 23.275], [88.717, 23.273], [88.72, 23.261], [88.721, 23.253], [88.731, 23.248], [88.75, 23.237], [88.764, 23.239], [88.777, 23.233], [88.784, 23.219], [88.791, 23.218], [88.813, 23.216], [88.81, 23.228], [88.809, 23.249], [88.819, 23.251], [88.825, 23.245], [88.831, 23.245], [88.822, 23.234], [88.83, 23.234], [88.838, 23.238], [88.851, 23.225], [88.856, 23.226], [88.872, 23.228], [88.888, 23.227], [88.907, 23.229], [88.918, 23.227], [88.918, 23.215], [88.914, 23.211], [88.921, 23.209], [88.929, 23.213], [88.935, 23.208], [88.949, 23.203], [88.963, 23.209], [88.972, 23.217], [88.98, 23.222], [88.989, 23.218], [88.995, 23.212], [88.992, 23.209], [88.987, 23.205], [88.989, 23.201], [88.986, 23.195], [88.982, 23.186], [88.981, 23.181], [88.975, 23.187], [88.972, 23.191], [88.962, 23.19], [88.957, 23.182], [88.949, 23.175], [88.939, 23.17], [88.937, 23.167], [88.932, 23.156], [88.931, 23.14], [88.926, 23.14], [88.922, 23.135], [88.918, 23.125], [88.905, 23.115], [88.891, 23.103], [88.884, 23.105], [88.88, 23.098], [88.87, 23.095], [88.871, 23.089], [88.868, 23.082], [88.866, 23.069], [88.875, 23.046], [88.879, 23.041], [88.873, 23.022], [88.873, 23.012], [88.873, 23.004], [88.87, 23.002], [88.849, 23.006], [88.847, 23.004], [88.848, 23.001], [88.862, 22.995], [88.869, 22.981], [88.867, 22.965], [88.862, 22.96], [88.866, 22.953], [88.875, 22.95], [88.895, 22.951], [88.897, 22.948], [88.896, 22.933], [88.905, 22.922], [88.914, 22.917], [88.906, 22.906], [88.904, 22.896], [88.907, 22.889], [88.915, 22.874], [88.933, 22.868], [88.947, 22.876], [88.952, 22.866], [88.96, 22.852], [88.968, 22.843], [88.963, 22.819], [88.96, 22.809], [88.958, 22.801], [88.951, 22.792], [88.94, 22.787], [88.937, 22.785], [88.93, 22.775], [88.922, 22.766], [88.919, 22.758], [88.921, 22.742], [88.923, 22.732], [88.927, 22.729], [88.935, 22.714], [88.938, 22.71], [88.943, 22.705], [88.947, 22.701], [88.949, 22.699], [88.959, 22.689], [88.953, 22.68], [88.947, 22.659], [88.933, 22.647], [88.931, 22.647], [88.93, 22.649], [88.929, 22.65], [88.928, 22.652], [88.927, 22.653], [88.927, 22.655], [88.925, 22.659], [88.925, 22.66], [88.924, 22.662], [88.923, 22.663], [88.922, 22.664], [88.921, 22.666], [88.92, 22.667], [88.919, 22.669], [88.917, 22.67], [88.915, 22.672], [88.914, 22.674], [88.913, 22.676], [88.911, 22.677], [88.91, 22.678], [88.909, 22.678], [88.907, 22.679], [88.905, 22.679], [88.903, 22.679], [88.9, 22.679], [88.898, 22.678], [88.896, 22.677], [88.895, 22.676], [88.894, 22.675], [88.893, 22.674], [88.891, 22.674], [88.889, 22.672], [88.888, 22.671], [88.886, 22.67], [88.884, 22.669], [88.881, 22.668], [88.879, 22.668], [88.877, 22.667], [88.875, 22.666], [88.873, 22.666], [88.871, 22.665], [88.869, 22.665], [88.867, 22.665], [88.865, 22.665], [88.864, 22.666], [88.864, 22.668], [88.864, 22.669], [88.864, 22.67], [88.864, 22.671], [88.864, 22.674], [88.864, 22.677], [88.863, 22.679], [88.863, 22.681], [88.862, 22.683], [88.862, 22.685], [88.863, 22.687], [88.863, 22.689], [88.864, 22.691], [88.864, 22.692], [88.864, 22.693], [88.863, 22.695], [88.862, 22.696], [88.86, 22.697], [88.857, 22.697], [88.855, 22.695], [88.854, 22.694], [88.852, 22.694], [88.85, 22.693], [88.849, 22.694], [88.849, 22.695], [88.85, 22.698], [88.85, 22.7], [88.85, 22.703], [88.849, 22.704], [88.849, 22.706], [88.849, 22.708], [88.845, 22.709], [88.842, 22.709], [88.841, 22.708], [88.839, 22.708], [88.837, 22.709], [88.835, 22.709], [88.832, 22.71], [88.83, 22.71], [88.828, 22.711], [88.825, 22.711], [88.82, 22.711], [88.818, 22.711], [88.815, 22.711], [88.814, 22.71], [88.811, 22.71], [88.81, 22.711], [88.809, 22.713], [88.81, 22.714], [88.81, 22.716], [88.811, 22.717], [88.811, 22.72], [88.811, 22.722], [88.81, 22.724], [88.81, 22.727], [88.809, 22.728], [88.808, 22.73], [88.807, 22.733], [88.808, 22.735], [88.81, 22.737], [88.811, 22.738], [88.811, 22.74], [88.812, 22.742], [88.811, 22.744], [88.811, 22.746], [88.81, 22.748], [88.809, 22.749], [88.809, 22.751], [88.811, 22.752], [88.813, 22.751], [88.816, 22.75], [88.818, 22.75], [88.818, 22.747], [88.816, 22.746], [88.814, 22.745], [88.813, 22.744], [88.813, 22.742], [88.814, 22.741], [88.817, 22.74], [88.82, 22.739], [88.822, 22.739], [88.824, 22.738], [88.826, 22.738], [88.828, 22.737], [88.829, 22.738], [88.83, 22.739], [88.831, 22.741], [88.831, 22.742], [88.832, 22.743], [88.833, 22.745], [88.835, 22.745], [88.835, 22.743], [88.835, 22.742], [88.835, 22.74], [88.836, 22.738], [88.837, 22.737], [88.838, 22.736], [88.84, 22.735], [88.842, 22.736], [88.843, 22.737], [88.844, 22.739], [88.844, 22.741], [88.845, 22.743], [88.846, 22.744], [88.847, 22.745], [88.847, 22.747], [88.848, 22.749], [88.849, 22.75], [88.847, 22.752], [88.844, 22.753], [88.841, 22.753], [88.839, 22.753], [88.838, 22.754], [88.836, 22.754], [88.834, 22.754], [88.833, 22.753], [88.835, 22.753], [88.837, 22.752], [88.839, 22.752], [88.842, 22.751], [88.844, 22.751], [88.847, 22.75], [88.846, 22.748], [88.846, 22.747], [88.845, 22.746], [88.844, 22.744], [88.843, 22.743], [88.843, 22.742], [88.842, 22.74], [88.841, 22.738], [88.841, 22.736], [88.84, 22.736], [88.838, 22.737], [88.837, 22.739], [88.837, 22.742], [88.837, 22.744], [88.836, 22.745], [88.835, 22.747], [88.833, 22.747], [88.832, 22.746], [88.831, 22.744], [88.83, 22.743], [88.829, 22.741], [88.828, 22.739], [88.827, 22.739], [88.825, 22.739], [88.822, 22.74], [88.82, 22.741], [88.818, 22.741], [88.816, 22.742], [88.815, 22.743], [88.816, 22.745], [88.818, 22.745], [88.819, 22.747], [88.82, 22.748], [88.82, 22.75], [88.818, 22.751], [88.816, 22.752], [88.814, 22.752], [88.812, 22.753], [88.81, 22.754], [88.808, 22.752], [88.807, 22.751], [88.807, 22.749], [88.808, 22.747], [88.809, 22.746], [88.81, 22.745], [88.81, 22.744], [88.81, 22.741], [88.809, 22.74], [88.809, 22.739], [88.808, 22.738], [88.807, 22.737], [88.806, 22.735], [88.806, 22.734], [88.806, 22.732], [88.806, 22.73], [88.807, 22.729], [88.808, 22.727], [88.809, 22.723], [88.808, 22.716], [88.807, 22.714], [88.808, 22.711], [88.809, 22.71], [88.81, 22.709], [88.812, 22.709], [88.814, 22.708], [88.815, 22.708], [88.817, 22.709], [88.82, 22.709], [88.822, 22.709], [88.824, 22.709], [88.827, 22.709], [88.829, 22.708], [88.832, 22.708], [88.834, 22.707], [88.836, 22.706], [88.838, 22.706], [88.839, 22.706], [88.841, 22.706], [88.843, 22.706], [88.844, 22.707], [88.847, 22.707], [88.847, 22.702], [88.847, 22.7], [88.846, 22.698], [88.846, 22.697], [88.846, 22.695], [88.846, 22.693], [88.847, 22.692], [88.848, 22.691], [88.85, 22.69], [88.851, 22.69], [88.852, 22.69], [88.854, 22.69], [88.856, 22.691], [88.858, 22.692], [88.859, 22.693], [88.861, 22.694], [88.862, 22.692], [88.861, 22.69], [88.86, 22.688], [88.859, 22.686], [88.859, 22.684], [88.858, 22.682], [88.858, 22.679], [88.857, 22.677], [88.858, 22.675], [88.859, 22.674], [88.86, 22.672], [88.861, 22.67], [88.861, 22.668], [88.861, 22.666], [88.863, 22.665], [88.864, 22.664], [88.866, 22.663], [88.868, 22.663], [88.871, 22.663], [88.873, 22.664], [88.875, 22.665], [88.877, 22.665], [88.879, 22.665], [88.881, 22.665], [88.882, 22.666], [88.884, 22.666], [88.886, 22.667], [88.888, 22.668], [88.89, 22.669], [88.891, 22.669], [88.893, 22.67], [88.896, 22.673], [88.897, 22.674], [88.898, 22.675], [88.9, 22.676], [88.902, 22.677], [88.904, 22.677], [88.906, 22.677], [88.908, 22.676], [88.911, 22.674], [88.912, 22.672], [88.913, 22.671], [88.914, 22.669], [88.915, 22.668], [88.916, 22.666], [88.917, 22.665], [88.918, 22.663], [88.92, 22.661], [88.92, 22.659], [88.921, 22.657], [88.922, 22.656], [88.923, 22.655], [88.923, 22.653], [88.924, 22.652], [88.925, 22.65], [88.926, 22.648], [88.927, 22.647], [88.928, 22.645], [88.929, 22.643], [88.93, 22.642], [88.93, 22.639], [88.93, 22.636], [88.93, 22.634], [88.931, 22.632], [88.931, 22.629], [88.931, 22.627], [88.931, 22.625], [88.931, 22.623], [88.931, 22.621], [88.932, 22.619], [88.934, 22.618], [88.935, 22.617], [88.936, 22.617], [88.938, 22.616], [88.94, 22.616], [88.942, 22.616], [88.944, 22.616], [88.946, 22.617], [88.948, 22.617], [88.95, 22.617], [88.953, 22.618], [88.957, 22.618], [88.958, 22.616], [88.958, 22.614], [88.958, 22.611], [88.956, 22.609], [88.955, 22.608], [88.953, 22.607], [88.951, 22.606], [88.95, 22.605], [88.949, 22.605], [88.948, 22.604], [88.947, 22.603], [88.946, 22.602], [88.944, 22.6], [88.943, 22.599], [88.941, 22.598], [88.94, 22.597], [88.938, 22.596], [88.937, 22.594], [88.936, 22.593], [88.936, 22.591], [88.936, 22.588], [88.936, 22.586], [88.936, 22.584], [88.936, 22.582], [88.936, 22.58], [88.936, 22.578], [88.937, 22.577], [88.937, 22.575], [88.937, 22.574], [88.938, 22.572], [88.938, 22.57], [88.935, 22.57], [88.933, 22.569], [88.931, 22.569], [88.929, 22.569], [88.928, 22.569], [88.926, 22.568], [88.925, 22.568], [88.924, 22.568], [88.922, 22.569], [88.92, 22.568], [88.918, 22.568], [88.917, 22.567], [88.916, 22.566], [88.914, 22.566], [88.912, 22.566], [88.911, 22.566], [88.909, 22.566], [88.908, 22.565], [88.906, 22.565], [88.903, 22.564], [88.901, 22.564], [88.899, 22.564], [88.897, 22.563], [88.896, 22.563], [88.895, 22.562], [88.893, 22.561], [88.892, 22.561], [88.891, 22.559], [88.889, 22.556], [88.888, 22.556], [88.887, 22.554], [88.886, 22.553], [88.885, 22.552], [88.884, 22.551], [88.883, 22.549], [88.881, 22.548], [88.88, 22.547], [88.879, 22.545], [88.878, 22.545], [88.876, 22.544], [88.875, 22.545], [88.874, 22.546], [88.872, 22.546], [88.871, 22.545], [88.87, 22.545], [88.867, 22.544], [88.867, 22.541], [88.867, 22.54], [88.867, 22.538], [88.866, 22.533], [88.866, 22.529], [88.867, 22.523], [88.865, 22.522], [88.863, 22.522], [88.862, 22.521], [88.86, 22.521], [88.859, 22.52], [88.858, 22.518], [88.858, 22.516], [88.857, 22.515], [88.857, 22.513], [88.855, 22.511], [88.854, 22.51], [88.853, 22.51], [88.851, 22.51], [88.849, 22.51], [88.847, 22.509], [88.846, 22.51], [88.845, 22.509], [88.843, 22.508], [88.843, 22.505], [88.846, 22.5], [88.848, 22.5], [88.849, 22.5], [88.85, 22.5], [88.853, 22.501], [88.855, 22.5], [88.857, 22.5], [88.859, 22.499], [88.86, 22.497], [88.86, 22.495], [88.861, 22.493], [88.862, 22.491], [88.864, 22.489], [88.865, 22.488], [88.864, 22.486], [88.861, 22.486], [88.859, 22.485], [88.858, 22.484], [88.857, 22.482], [88.857, 22.48], [88.857, 22.478], [88.857, 22.476], [88.856, 22.475], [88.855, 22.475], [88.853, 22.475], [88.852, 22.476], [88.853, 22.473], [88.854, 22.471], [88.855, 22.47], [88.855, 22.468], [88.855, 22.465], [88.854, 22.462], [88.853, 22.46], [88.853, 22.459], [88.852, 22.456], [88.853, 22.454], [88.854, 22.455], [88.856, 22.454], [88.856, 22.453], [88.858, 22.451], [88.859, 22.449], [88.859, 22.447], [88.86, 22.445], [88.858, 22.443], [88.856, 22.441], [88.855, 22.44], [88.854, 22.439], [88.853, 22.437], [88.853, 22.436], [88.853, 22.434], [88.853, 22.433], [88.851, 22.433], [88.85, 22.434], [88.848, 22.435], [88.846, 22.435], [88.845, 22.436], [88.843, 22.436], [88.84, 22.437], [88.838, 22.437], [88.836, 22.437], [88.833, 22.437], [88.831, 22.436], [88.829, 22.436], [88.826, 22.436], [88.824, 22.437], [88.825, 22.439], [88.827, 22.44], [88.829, 22.442], [88.83, 22.443], [88.83, 22.445], [88.83, 22.446], [88.829, 22.448], [88.828, 22.449], [88.826, 22.451], [88.824, 22.451], [88.822, 22.452], [88.82, 22.453], [88.818, 22.453], [88.816, 22.454], [88.815, 22.456], [88.814, 22.457], [88.815, 22.462], [88.814, 22.463], [88.814, 22.465], [88.814, 22.467], [88.814, 22.47], [88.814, 22.472], [88.813, 22.474], [88.813, 22.476], [88.813, 22.478], [88.812, 22.48], [88.812, 22.481], [88.811, 22.482], [88.808, 22.484], [88.807, 22.485], [88.806, 22.486], [88.804, 22.487], [88.802, 22.488], [88.8, 22.488], [88.799, 22.489], [88.798, 22.491], [88.798, 22.493], [88.797, 22.494], [88.797, 22.496], [88.796, 22.497], [88.794, 22.499], [88.792, 22.5], [88.79, 22.501], [88.788, 22.502], [88.786, 22.502], [88.784, 22.503], [88.783, 22.504], [88.782, 22.506], [88.78, 22.507], [88.779, 22.509], [88.777, 22.51], [88.776, 22.511], [88.774, 22.512], [88.772, 22.513], [88.771, 22.515], [88.773, 22.517], [88.774, 22.518], [88.776, 22.519], [88.778, 22.52], [88.781, 22.52], [88.782, 22.521], [88.783, 22.522], [88.784, 22.523], [88.784, 22.524], [88.783, 22.526], [88.781, 22.527], [88.778, 22.527], [88.776, 22.526], [88.774, 22.527], [88.773, 22.528], [88.772, 22.531], [88.771, 22.532], [88.769, 22.532], [88.766, 22.533], [88.765, 22.535], [88.765, 22.537], [88.765, 22.538], [88.765, 22.541], [88.765, 22.543], [88.765, 22.545], [88.764, 22.546], [88.763, 22.548], [88.762, 22.55], [88.763, 22.552], [88.765, 22.554], [88.766, 22.556], [88.766, 22.558], [88.766, 22.56], [88.766, 22.561], [88.766, 22.56], [88.765, 22.558], [88.765, 22.556], [88.762, 22.553], [88.761, 22.551], [88.761, 22.549], [88.762, 22.547], [88.764, 22.542], [88.764, 22.54], [88.763, 22.538], [88.764, 22.536], [88.764, 22.534], [88.766, 22.533], [88.768, 22.532], [88.77, 22.531], [88.769, 22.53], [88.766, 22.531], [88.765, 22.53], [88.765, 22.529], [88.764, 22.528], [88.766, 22.528], [88.767, 22.528], [88.769, 22.528], [88.771, 22.529], [88.772, 22.528], [88.773, 22.527], [88.776, 22.525], [88.778, 22.525], [88.782, 22.525], [88.782, 22.522], [88.781, 22.522], [88.779, 22.521], [88.777, 22.521], [88.776, 22.521], [88.775, 22.52], [88.773, 22.519], [88.771, 22.517], [88.77, 22.516], [88.769, 22.514], [88.768, 22.514], [88.766, 22.514], [88.764, 22.514], [88.762, 22.514], [88.76, 22.514], [88.758, 22.515], [88.757, 22.516], [88.755, 22.516], [88.753, 22.517], [88.751, 22.517], [88.749, 22.516], [88.744, 22.515], [88.742, 22.515], [88.74, 22.515], [88.738, 22.514], [88.737, 22.513], [88.736, 22.512], [88.734, 22.511], [88.733, 22.511], [88.732, 22.513], [88.731, 22.514], [88.729, 22.516], [88.728, 22.517], [88.726, 22.518], [88.725, 22.519], [88.724, 22.519], [88.721, 22.52], [88.719, 22.521], [88.716, 22.524], [88.714, 22.526], [88.713, 22.527], [88.711, 22.528], [88.709, 22.529], [88.707, 22.529], [88.705, 22.528], [88.704, 22.527], [88.702, 22.526], [88.701, 22.526], [88.702, 22.528], [88.704, 22.529], [88.701, 22.531], [88.699, 22.53], [88.697, 22.529], [88.695, 22.529], [88.692, 22.526], [88.694, 22.525], [88.697, 22.526], [88.697, 22.525], [88.694, 22.524], [88.692, 22.524], [88.691, 22.525], [88.69, 22.526], [88.691, 22.528], [88.691, 22.53], [88.692, 22.532], [88.691, 22.534], [88.69, 22.535], [88.689, 22.535], [88.687, 22.536], [88.684, 22.537], [88.682, 22.538], [88.683, 22.54], [88.683, 22.542], [88.682, 22.544], [88.68, 22.545], [88.678, 22.547], [88.676, 22.548], [88.674, 22.551], [88.674, 22.553], [88.673, 22.555], [88.673, 22.557], [88.674, 22.558], [88.676, 22.559], [88.676, 22.561], [88.676, 22.563], [88.675, 22.565], [88.674, 22.567], [88.676, 22.57], [88.677, 22.572], [88.677, 22.573], [88.678, 22.575], [88.679, 22.574], [88.679, 22.576], [88.681, 22.577], [88.68, 22.579], [88.679, 22.581], [88.678, 22.583], [88.678, 22.584], [88.679, 22.585], [88.679, 22.586], [88.679, 22.589], [88.678, 22.591], [88.678, 22.593], [88.677, 22.593], [88.677, 22.591], [88.677, 22.589], [88.678, 22.588], [88.678, 22.586], [88.677, 22.585], [88.676, 22.583], [88.677, 22.581], [88.678, 22.58], [88.679, 22.578], [88.678, 22.577], [88.677, 22.576], [88.676, 22.575], [88.675, 22.571], [88.673, 22.567], [88.673, 22.565], [88.673, 22.564], [88.674, 22.562], [88.675, 22.56], [88.673, 22.559], [88.672, 22.558], [88.672, 22.556], [88.673, 22.554], [88.673, 22.552], [88.674, 22.548], [88.675, 22.547], [88.677, 22.545], [88.68, 22.544], [88.681, 22.543], [88.681, 22.541], [88.681, 22.536], [88.684, 22.535], [88.687, 22.534], [88.69, 22.533], [88.691, 22.531], [88.69, 22.531], [88.689, 22.532], [88.689, 22.53], [88.689, 22.529], [88.689, 22.527], [88.69, 22.523], [88.696, 22.523], [88.698, 22.523], [88.699, 22.523], [88.702, 22.524], [88.704, 22.526], [88.705, 22.527], [88.707, 22.528], [88.709, 22.527], [88.711, 22.527], [88.713, 22.526], [88.714, 22.524], [88.715, 22.522], [88.717, 22.521], [88.718, 22.519], [88.72, 22.519], [88.722, 22.518], [88.723, 22.518], [88.725, 22.517], [88.727, 22.516], [88.728, 22.515], [88.73, 22.513], [88.731, 22.511], [88.733, 22.51], [88.734, 22.51], [88.736, 22.51], [88.737, 22.511], [88.739, 22.513], [88.741, 22.514], [88.743, 22.514], [88.745, 22.515], [88.747, 22.515], [88.749, 22.515], [88.751, 22.516], [88.753, 22.515], [88.756, 22.515], [88.757, 22.514], [88.759, 22.513], [88.761, 22.512], [88.762, 22.512], [88.764, 22.512], [88.766, 22.512], [88.768, 22.512], [88.77, 22.511], [88.771, 22.511], [88.773, 22.51], [88.775, 22.508], [88.778, 22.507], [88.779, 22.505], [88.78, 22.504], [88.78, 22.502], [88.779, 22.5], [88.779, 22.498], [88.779, 22.496], [88.779, 22.494], [88.78, 22.492], [88.781, 22.491], [88.782, 22.49], [88.783, 22.489], [88.784, 22.487], [88.785, 22.486], [88.788, 22.484], [88.789, 22.482], [88.79, 22.48], [88.791, 22.479], [88.791, 22.477], [88.792, 22.475], [88.793, 22.472], [88.794, 22.471], [88.794, 22.469], [88.795, 22.467], [88.796, 22.465], [88.797, 22.464], [88.798, 22.462], [88.799, 22.461], [88.8, 22.459], [88.8, 22.458], [88.801, 22.456], [88.801, 22.454], [88.801, 22.452], [88.801, 22.45], [88.801, 22.447], [88.802, 22.446], [88.802, 22.444], [88.803, 22.443], [88.804, 22.441], [88.806, 22.44], [88.808, 22.439], [88.809, 22.437], [88.811, 22.436], [88.813, 22.434], [88.814, 22.433], [88.816, 22.432], [88.818, 22.431], [88.82, 22.43], [88.822, 22.431], [88.824, 22.43], [88.825, 22.43], [88.829, 22.43], [88.831, 22.43], [88.833, 22.431], [88.834, 22.431], [88.836, 22.432], [88.837, 22.432], [88.842, 22.432], [88.847, 22.432], [88.849, 22.43], [88.849, 22.428], [88.85, 22.426], [88.85, 22.425], [88.85, 22.423], [88.851, 22.421], [88.852, 22.419], [88.852, 22.416], [88.853, 22.414], [88.854, 22.413], [88.855, 22.412], [88.855, 22.41], [88.856, 22.408], [88.856, 22.407], [88.855, 22.404], [88.855, 22.403], [88.854, 22.401], [88.854, 22.399], [88.853, 22.397], [88.853, 22.395], [88.853, 22.393], [88.852, 22.392], [88.851, 22.392], [88.847, 22.391], [88.846, 22.389], [88.847, 22.388], [88.849, 22.384], [88.851, 22.386], [88.853, 22.387], [88.853, 22.384], [88.853, 22.382], [88.854, 22.381], [88.855, 22.379], [88.855, 22.378], [88.856, 22.377], [88.856, 22.375], [88.857, 22.373], [88.858, 22.371], [88.858, 22.37], [88.859, 22.369], [88.86, 22.368], [88.86, 22.366], [88.861, 22.365], [88.863, 22.364], [88.865, 22.363], [88.867, 22.362], [88.869, 22.361], [88.871, 22.36], [88.873, 22.359], [88.875, 22.358], [88.876, 22.356], [88.875, 22.355], [88.874, 22.356], [88.871, 22.359], [88.869, 22.359], [88.868, 22.359], [88.866, 22.359], [88.865, 22.358], [88.863, 22.358], [88.862, 22.359], [88.86, 22.36], [88.858, 22.361], [88.855, 22.361], [88.853, 22.362], [88.852, 22.363], [88.85, 22.364], [88.848, 22.364], [88.847, 22.364], [88.845, 22.363], [88.842, 22.362], [88.84, 22.362], [88.838, 22.361], [88.836, 22.36], [88.834, 22.359], [88.832, 22.359], [88.831, 22.359], [88.829, 22.36], [88.827, 22.36], [88.825, 22.361], [88.824, 22.361], [88.822, 22.361], [88.822, 22.362], [88.819, 22.364], [88.818, 22.361], [88.817, 22.36], [88.816, 22.359], [88.816, 22.357], [88.815, 22.355], [88.815, 22.352], [88.814, 22.351], [88.813, 22.35], [88.812, 22.349], [88.812, 22.348], [88.811, 22.345], [88.811, 22.343], [88.809, 22.342], [88.809, 22.34], [88.808, 22.339], [88.807, 22.337], [88.807, 22.335], [88.806, 22.333], [88.805, 22.332], [88.804, 22.331], [88.804, 22.331], [88.803, 22.329], [88.803, 22.328], [88.804, 22.326], [88.805, 22.325], [88.81, 22.32], [88.81, 22.318], [88.81, 22.316], [88.81, 22.314], [88.809, 22.312], [88.808, 22.31], [88.807, 22.309], [88.806, 22.307], [88.806, 22.305], [88.806, 22.304], [88.805, 22.302], [88.805, 22.3], [88.804, 22.298], [88.803, 22.297], [88.803, 22.294], [88.803, 22.292], [88.803, 22.291], [88.804, 22.29], [88.804, 22.288], [88.804, 22.285], [88.804, 22.283], [88.803, 22.281], [88.801, 22.279], [88.8, 22.278], [88.798, 22.278], [88.796, 22.278], [88.794, 22.278], [88.793, 22.276], [88.793, 22.274], [88.793, 22.273], [88.792, 22.271], [88.793, 22.27], [88.793, 22.268], [88.792, 22.266], [88.792, 22.264], [88.792, 22.262], [88.791, 22.261], [88.791, 22.259], [88.789, 22.26], [88.787, 22.259], [88.784, 22.258], [88.782, 22.257], [88.781, 22.256], [88.779, 22.255], [88.777, 22.254], [88.775, 22.253], [88.773, 22.252], [88.771, 22.25], [88.771, 22.249], [88.77, 22.247], [88.769, 22.245], [88.769, 22.243], [88.767, 22.243], [88.766, 22.243], [88.764, 22.244], [88.762, 22.243], [88.761, 22.242], [88.76, 22.242], [88.759, 22.24], [88.757, 22.238], [88.756, 22.237], [88.754, 22.236], [88.753, 22.235], [88.751, 22.234], [88.749, 22.233], [88.748, 22.232], [88.746, 22.231], [88.743, 22.229], [88.743, 22.228], [88.745, 22.225], [88.746, 22.223], [88.748, 22.222], [88.749, 22.221], [88.749, 22.219], [88.748, 22.217], [88.747, 22.215], [88.746, 22.213], [88.746, 22.211], [88.745, 22.21], [88.745, 22.208], [88.746, 22.206], [88.746, 22.205], [88.746, 22.203], [88.745, 22.201], [88.744, 22.205], [88.744, 22.207], [88.744, 22.209], [88.744, 22.211], [88.743, 22.212], [88.742, 22.213], [88.741, 22.214], [88.739, 22.214], [88.739, 22.211], [88.739, 22.21], [88.741, 22.207], [88.741, 22.206], [88.741, 22.205], [88.74, 22.203], [88.743, 22.2], [88.741, 22.199], [88.74, 22.199], [88.737, 22.197], [88.736, 22.197], [88.735, 22.196], [88.732, 22.196], [88.73, 22.196], [88.729, 22.196], [88.726, 22.197], [88.723, 22.198], [88.721, 22.199], [88.719, 22.2], [88.717, 22.2], [88.716, 22.201], [88.714, 22.202], [88.711, 22.204], [88.71, 22.205], [88.708, 22.206], [88.707, 22.207], [88.705, 22.208], [88.704, 22.209], [88.702, 22.209], [88.7, 22.21], [88.698, 22.21], [88.696, 22.211], [88.694, 22.211], [88.692, 22.21], [88.69, 22.21], [88.688, 22.209], [88.685, 22.21], [88.683, 22.209], [88.681, 22.209], [88.68, 22.21], [88.678, 22.212], [88.676, 22.212], [88.674, 22.213], [88.673, 22.215], [88.671, 22.216], [88.669, 22.217], [88.667, 22.217], [88.664, 22.218], [88.661, 22.218], [88.659, 22.217], [88.657, 22.216], [88.655, 22.214], [88.654, 22.212], [88.652, 22.211], [88.65, 22.212], [88.648, 22.212], [88.646, 22.212], [88.643, 22.212], [88.641, 22.213], [88.639, 22.214], [88.637, 22.215], [88.635, 22.216], [88.635, 22.219], [88.635, 22.221], [88.636, 22.223], [88.637, 22.225], [88.638, 22.226], [88.64, 22.227], [88.643, 22.229], [88.644, 22.23], [88.645, 22.23], [88.646, 22.231], [88.647, 22.231], [88.649, 22.232], [88.651, 22.233], [88.652, 22.234], [88.655, 22.236], [88.658, 22.24], [88.659, 22.241], [88.659, 22.242], [88.66, 22.244], [88.661, 22.245], [88.661, 22.247], [88.661, 22.249], [88.661, 22.251], [88.662, 22.252], [88.662, 22.254], [88.663, 22.256], [88.664, 22.258], [88.665, 22.26], [88.665, 22.261], [88.666, 22.263], [88.667, 22.264], [88.667, 22.266], [88.668, 22.267], [88.668, 22.268], [88.669, 22.269], [88.67, 22.271], [88.671, 22.273], [88.672, 22.274], [88.673, 22.274], [88.675, 22.277], [88.676, 22.279], [88.678, 22.281], [88.679, 22.282], [88.681, 22.284], [88.682, 22.286], [88.683, 22.288], [88.683, 22.289], [88.684, 22.291], [88.684, 22.293], [88.685, 22.294], [88.685, 22.296], [88.685, 22.298], [88.684, 22.301], [88.683, 22.303], [88.683, 22.305], [88.682, 22.307], [88.681, 22.309], [88.681, 22.311], [88.681, 22.312], [88.681, 22.313], [88.681, 22.315], [88.68, 22.316], [88.68, 22.318], [88.679, 22.32], [88.68, 22.324], [88.68, 22.326], [88.682, 22.326], [88.686, 22.326], [88.688, 22.326], [88.69, 22.326], [88.691, 22.326], [88.688, 22.327], [88.686, 22.328], [88.684, 22.329], [88.681, 22.329], [88.68, 22.328], [88.679, 22.328], [88.676, 22.327], [88.675, 22.327], [88.673, 22.326], [88.672, 22.326], [88.671, 22.326], [88.67, 22.329], [88.669, 22.33], [88.669, 22.332], [88.669, 22.335], [88.668, 22.337], [88.667, 22.338], [88.667, 22.339], [88.666, 22.339], [88.667, 22.336], [88.667, 22.335], [88.667, 22.334], [88.668, 22.331], [88.668, 22.33], [88.669, 22.328], [88.669, 22.326], [88.671, 22.324], [88.673, 22.321], [88.675, 22.32], [88.675, 22.319], [88.676, 22.317], [88.676, 22.315], [88.676, 22.313], [88.677, 22.311], [88.677, 22.309], [88.677, 22.308], [88.678, 22.306], [88.678, 22.304], [88.678, 22.303], [88.678, 22.301], [88.678, 22.299], [88.678, 22.296], [88.678, 22.293], [88.678, 22.292], [88.677, 22.291], [88.676, 22.288], [88.675, 22.287], [88.674, 22.285], [88.673, 22.284], [88.671, 22.282], [88.67, 22.28], [88.669, 22.279], [88.668, 22.277], [88.667, 22.276], [88.666, 22.275], [88.664, 22.273], [88.663, 22.271], [88.662, 22.269], [88.661, 22.267], [88.66, 22.266], [88.66, 22.264], [88.658, 22.259], [88.658, 22.257], [88.658, 22.254], [88.657, 22.251], [88.656, 22.249], [88.651, 22.244], [88.65, 22.242], [88.645, 22.237], [88.644, 22.236], [88.642, 22.234], [88.641, 22.233], [88.64, 22.232], [88.639, 22.231], [88.637, 22.23], [88.635, 22.229], [88.634, 22.228], [88.633, 22.226], [88.632, 22.225], [88.631, 22.223], [88.631, 22.221], [88.631, 22.219], [88.631, 22.218], [88.631, 22.216], [88.632, 22.214], [88.633, 22.212], [88.635, 22.211], [88.637, 22.21], [88.638, 22.209], [88.64, 22.208], [88.641, 22.207], [88.643, 22.207], [88.644, 22.207], [88.646, 22.207], [88.648, 22.208], [88.65, 22.207], [88.652, 22.207], [88.653, 22.208], [88.655, 22.208], [88.658, 22.208], [88.659, 22.208], [88.661, 22.208], [88.664, 22.208], [88.666, 22.208], [88.669, 22.207], [88.67, 22.206], [88.673, 22.205], [88.673, 22.203], [88.672, 22.201], [88.672, 22.199], [88.671, 22.197], [88.67, 22.195], [88.669, 22.193], [88.668, 22.191], [88.668, 22.19], [88.666, 22.188], [88.665, 22.187], [88.665, 22.185], [88.663, 22.184], [88.661, 22.182], [88.66, 22.181], [88.659, 22.18], [88.657, 22.179], [88.655, 22.178], [88.654, 22.177], [88.653, 22.176], [88.652, 22.174], [88.651, 22.173], [88.65, 22.172], [88.648, 22.17], [88.647, 22.169], [88.646, 22.167], [88.645, 22.165], [88.643, 22.164], [88.642, 22.162], [88.642, 22.161], [88.641, 22.159], [88.64, 22.159], [88.639, 22.157], [88.639, 22.156], [88.638, 22.154], [88.639, 22.152], [88.639, 22.151], [88.64, 22.149], [88.641, 22.145], [88.64, 22.143], [88.639, 22.142], [88.637, 22.14], [88.636, 22.139], [88.634, 22.138], [88.633, 22.137], [88.632, 22.137], [88.632, 22.139], [88.631, 22.141], [88.631, 22.145], [88.63, 22.143], [88.631, 22.14], [88.631, 22.138], [88.631, 22.136], [88.63, 22.134], [88.629, 22.133], [88.628, 22.132], [88.627, 22.13], [88.626, 22.129], [88.625, 22.128], [88.625, 22.126], [88.624, 22.124], [88.623, 22.123], [88.623, 22.122], [88.622, 22.12], [88.622, 22.118], [88.621, 22.116], [88.621, 22.114], [88.62, 22.112], [88.62, 22.109], [88.617, 22.109], [88.615, 22.108], [88.613, 22.108], [88.611, 22.108], [88.61, 22.109], [88.61, 22.111], [88.611, 22.113], [88.611, 22.115], [88.61, 22.117], [88.61, 22.118], [88.609, 22.119], [88.607, 22.121], [88.606, 22.123], [88.605, 22.124], [88.604, 22.125], [88.603, 22.127], [88.602, 22.128], [88.602, 22.13], [88.601, 22.131], [88.601, 22.129], [88.601, 22.128], [88.6, 22.128], [88.599, 22.129], [88.599, 22.131], [88.599, 22.135], [88.6, 22.138], [88.601, 22.14], [88.602, 22.14], [88.601, 22.138], [88.602, 22.137], [88.603, 22.139], [88.603, 22.141], [88.603, 22.144], [88.604, 22.146], [88.604, 22.148], [88.604, 22.149], [88.605, 22.151], [88.605, 22.153], [88.606, 22.155], [88.605, 22.157], [88.605, 22.159], [88.604, 22.16], [88.603, 22.162], [88.601, 22.163], [88.599, 22.164], [88.597, 22.164], [88.595, 22.164], [88.593, 22.165], [88.591, 22.165], [88.589, 22.166], [88.587, 22.167], [88.585, 22.168], [88.583, 22.169], [88.582, 22.171], [88.582, 22.173], [88.582, 22.175], [88.583, 22.177], [88.583, 22.18], [88.582, 22.181], [88.581, 22.183], [88.58, 22.184], [88.578, 22.185], [88.576, 22.186], [88.574, 22.188], [88.574, 22.19], [88.575, 22.191], [88.576, 22.193], [88.576, 22.195], [88.577, 22.196], [88.578, 22.198], [88.577, 22.198], [88.576, 22.197], [88.576, 22.195], [88.575, 22.193], [88.574, 22.191], [88.573, 22.189], [88.573, 22.187], [88.575, 22.186], [88.576, 22.185], [88.578, 22.184], [88.579, 22.183], [88.581, 22.181], [88.582, 22.179], [88.581, 22.177], [88.581, 22.175], [88.581, 22.173], [88.581, 22.171], [88.582, 22.169], [88.583, 22.167], [88.585, 22.166], [88.588, 22.164], [88.59, 22.164], [88.592, 22.163], [88.595, 22.163], [88.597, 22.162], [88.599, 22.162], [88.601, 22.161], [88.603, 22.16], [88.604, 22.157], [88.603, 22.154], [88.603, 22.152], [88.602, 22.15], [88.602, 22.147], [88.602, 22.145], [88.601, 22.143], [88.6, 22.141], [88.599, 22.14], [88.598, 22.137], [88.598, 22.135], [88.597, 22.133], [88.597, 22.131], [88.598, 22.129], [88.599, 22.128], [88.6, 22.127], [88.602, 22.126], [88.603, 22.124], [88.604, 22.123], [88.605, 22.122], [88.606, 22.12], [88.607, 22.119], [88.608, 22.118], [88.609, 22.116], [88.609, 22.114], [88.609, 22.112], [88.607, 22.11], [88.607, 22.108], [88.608, 22.107], [88.609, 22.107], [88.611, 22.106], [88.612, 22.106], [88.615, 22.106], [88.617, 22.106], [88.619, 22.106], [88.62, 22.104], [88.62, 22.101], [88.621, 22.1], [88.621, 22.098], [88.621, 22.096], [88.622, 22.094], [88.622, 22.091], [88.623, 22.089], [88.623, 22.087], [88.624, 22.085], [88.624, 22.083], [88.624, 22.081], [88.625, 22.079], [88.625, 22.077], [88.626, 22.075], [88.626, 22.073], [88.626, 22.071], [88.627, 22.069], [88.627, 22.067], [88.627, 22.064], [88.627, 22.062], [88.627, 22.059], [88.627, 22.057], [88.627, 22.056], [88.628, 22.054], [88.628, 22.053], [88.629, 22.051], [88.631, 22.05], [88.633, 22.048], [88.635, 22.047], [88.636, 22.046], [88.637, 22.045], [88.636, 22.043], [88.634, 22.041], [88.633, 22.04], [88.632, 22.039], [88.631, 22.038], [88.63, 22.036], [88.628, 22.035], [88.627, 22.034], [88.626, 22.033], [88.625, 22.031], [88.624, 22.03], [88.623, 22.029], [88.622, 22.027], [88.621, 22.025], [88.62, 22.023], [88.619, 22.022], [88.618, 22.021], [88.617, 22.021], [88.615, 22.021], [88.613, 22.022], [88.611, 22.022], [88.609, 22.022], [88.606, 22.023], [88.604, 22.023], [88.602, 22.024], [88.601, 22.026], [88.601, 22.027], [88.601, 22.029], [88.602, 22.031], [88.602, 22.033], [88.602, 22.035], [88.602, 22.037], [88.602, 22.038], [88.602, 22.04], [88.604, 22.042], [88.605, 22.043], [88.606, 22.045], [88.606, 22.046], [88.606, 22.048], [88.606, 22.05], [88.605, 22.051], [88.604, 22.053], [88.603, 22.054], [88.602, 22.056], [88.601, 22.057], [88.599, 22.059], [88.598, 22.061], [88.597, 22.062], [88.597, 22.063], [88.597, 22.065], [88.598, 22.067], [88.599, 22.068], [88.6, 22.07], [88.601, 22.071], [88.602, 22.073], [88.601, 22.073], [88.6, 22.071], [88.599, 22.07], [88.598, 22.068], [88.596, 22.067], [88.596, 22.065], [88.596, 22.063], [88.596, 22.061], [88.598, 22.059], [88.599, 22.057], [88.601, 22.055], [88.602, 22.054], [88.602, 22.053], [88.603, 22.051], [88.604, 22.05], [88.605, 22.047], [88.604, 22.045], [88.603, 22.043], [88.601, 22.041], [88.601, 22.039], [88.6, 22.037], [88.6, 22.035], [88.601, 22.033], [88.6, 22.031], [88.6, 22.03], [88.6, 22.028], [88.599, 22.026], [88.6, 22.024], [88.601, 22.023], [88.602, 22.022], [88.603, 22.021], [88.605, 22.021], [88.609, 22.021], [88.612, 22.021], [88.614, 22.019], [88.614, 22.018], [88.614, 22.016], [88.614, 22.014], [88.613, 22.012], [88.613, 22.011], [88.612, 22.01], [88.611, 22.009], [88.61, 22.006], [88.609, 22.005], [88.608, 22.004], [88.607, 22.002], [88.606, 22.0], [88.606, 21.999], [88.606, 21.998], [88.605, 21.997], [88.604, 21.995], [88.604, 21.994], [88.603, 21.992], [88.602, 21.99], [88.603, 21.989], [88.602, 21.986], [88.601, 21.984], [88.6, 21.983], [88.6, 21.982], [88.6, 21.98], [88.6, 21.979], [88.599, 21.977], [88.599, 21.975], [88.599, 21.973], [88.599, 21.971], [88.599, 21.97], [88.599, 21.968], [88.599, 21.965], [88.599, 21.964], [88.599, 21.962], [88.6, 21.962], [88.601, 21.96], [88.602, 21.958], [88.603, 21.958], [88.603, 21.956], [88.604, 21.954], [88.604, 21.953], [88.606, 21.951], [88.606, 21.95], [88.607, 21.948], [88.609, 21.944], [88.611, 21.943], [88.612, 21.941], [88.614, 21.939], [88.615, 21.937], [88.614, 21.935], [88.613, 21.933], [88.612, 21.932], [88.611, 21.932], [88.609, 21.932], [88.607, 21.934], [88.605, 21.934], [88.603, 21.935], [88.603, 21.934], [88.605, 21.932], [88.607, 21.93], [88.61, 21.927], [88.611, 21.921], [88.609, 21.918], [88.608, 21.916], [88.607, 21.914], [88.606, 21.913], [88.605, 21.911], [88.603, 21.908], [88.601, 21.906], [88.599, 21.904], [88.598, 21.904], [88.593, 21.899], [88.592, 21.899], [88.591, 21.898], [88.589, 21.897], [88.586, 21.894], [88.584, 21.893], [88.583, 21.893], [88.581, 21.891], [88.579, 21.89], [88.579, 21.889], [88.578, 21.89], [88.577, 21.892], [88.577, 21.893], [88.576, 21.894], [88.576, 21.896], [88.575, 21.899], [88.574, 21.9], [88.574, 21.901], [88.573, 21.902], [88.573, 21.905], [88.575, 21.909], [88.58, 21.914], [88.581, 21.916], [88.581, 21.918], [88.581, 21.92], [88.58, 21.921], [88.581, 21.924], [88.582, 21.925], [88.584, 21.926], [88.586, 21.927], [88.586, 21.928], [88.585, 21.928], [88.582, 21.927], [88.581, 21.926], [88.58, 21.926], [88.579, 21.923], [88.579, 21.92], [88.579, 21.919], [88.58, 21.917], [88.578, 21.914], [88.576, 21.912], [88.575, 21.91], [88.573, 21.907], [88.571, 21.908], [88.569, 21.91], [88.569, 21.911], [88.567, 21.913], [88.565, 21.914], [88.563, 21.914], [88.561, 21.916], [88.559, 21.917], [88.556, 21.918], [88.554, 21.919], [88.552, 21.92], [88.55, 21.921], [88.55, 21.922], [88.551, 21.926], [88.551, 21.929], [88.551, 21.933], [88.551, 21.935], [88.551, 21.937], [88.55, 21.939], [88.549, 21.941], [88.548, 21.943], [88.548, 21.944], [88.547, 21.946], [88.546, 21.947], [88.545, 21.949], [88.545, 21.95], [88.544, 21.951], [88.544, 21.953], [88.543, 21.955], [88.543, 21.958], [88.543, 21.968], [88.544, 21.969], [88.545, 21.972], [88.547, 21.973], [88.549, 21.973], [88.552, 21.973], [88.557, 21.973], [88.559, 21.971], [88.56, 21.969], [88.561, 21.967], [88.561, 21.966], [88.562, 21.964], [88.563, 21.962], [88.563, 21.961], [88.564, 21.96], [88.565, 21.959], [88.567, 21.958], [88.567, 21.96], [88.565, 21.961], [88.564, 21.963], [88.563, 21.965], [88.562, 21.966], [88.561, 21.968], [88.561, 21.97], [88.559, 21.972], [88.557, 21.974], [88.555, 21.974], [88.553, 21.975], [88.551, 21.974], [88.549, 21.974], [88.547, 21.974], [88.545, 21.973], [88.543, 21.972], [88.542, 21.97], [88.542, 21.968], [88.541, 21.966], [88.541, 21.964], [88.541, 21.962], [88.541, 21.959], [88.541, 21.956], [88.541, 21.954], [88.542, 21.952], [88.543, 21.951], [88.543, 21.949], [88.544, 21.947], [88.545, 21.945], [88.546, 21.944], [88.547, 21.942], [88.548, 21.941], [88.548, 21.94], [88.549, 21.938], [88.549, 21.936], [88.549, 21.933], [88.549, 21.93], [88.549, 21.927], [88.549, 21.925], [88.549, 21.923], [88.549, 21.921], [88.55, 21.92], [88.551, 21.918], [88.553, 21.917], [88.555, 21.916], [88.557, 21.915], [88.558, 21.914], [88.56, 21.914], [88.562, 21.913], [88.564, 21.912], [88.566, 21.91], [88.568, 21.909], [88.569, 21.907], [88.57, 21.905], [88.571, 21.904], [88.569, 21.902], [88.567, 21.901], [88.565, 21.899], [88.563, 21.899], [88.561, 21.899], [88.56, 21.9], [88.558, 21.9], [88.556, 21.901], [88.555, 21.902], [88.553, 21.903], [88.551, 21.904], [88.55, 21.904], [88.548, 21.905], [88.546, 21.906], [88.544, 21.906], [88.542, 21.905], [88.541, 21.904], [88.539, 21.902], [88.539, 21.9], [88.54, 21.899], [88.541, 21.897], [88.543, 21.896], [88.544, 21.894], [88.546, 21.893], [88.547, 21.891], [88.548, 21.889], [88.548, 21.886], [88.548, 21.884], [88.548, 21.882], [88.547, 21.88], [88.546, 21.879], [88.545, 21.877], [88.543, 21.876], [88.541, 21.875], [88.54, 21.873], [88.539, 21.872], [88.539, 21.87], [88.539, 21.868], [88.539, 21.864], [88.539, 21.863], [88.538, 21.858], [88.536, 21.857], [88.534, 21.856], [88.533, 21.856], [88.531, 21.855], [88.53, 21.855], [88.528, 21.853], [88.527, 21.854], [88.525, 21.854], [88.523, 21.855], [88.521, 21.856], [88.52, 21.858], [88.518, 21.86], [88.517, 21.861], [88.515, 21.862], [88.512, 21.864], [88.51, 21.866], [88.508, 21.867], [88.506, 21.869], [88.504, 21.87], [88.503, 21.871], [88.501, 21.872], [88.499, 21.873], [88.498, 21.874], [88.497, 21.875], [88.496, 21.877], [88.495, 21.878], [88.494, 21.88], [88.494, 21.882], [88.495, 21.884], [88.495, 21.886], [88.496, 21.887], [88.498, 21.888], [88.499, 21.89], [88.499, 21.891], [88.501, 21.893], [88.502, 21.894], [88.503, 21.895], [88.504, 21.896], [88.505, 21.898], [88.506, 21.899], [88.506, 21.901], [88.507, 21.903], [88.508, 21.905], [88.51, 21.906], [88.512, 21.907], [88.514, 21.909], [88.516, 21.909], [88.518, 21.91], [88.52, 21.911], [88.521, 21.913], [88.522, 21.915], [88.523, 21.917], [88.524, 21.918], [88.524, 21.921], [88.524, 21.923], [88.525, 21.925], [88.525, 21.927], [88.526, 21.93], [88.525, 21.933], [88.525, 21.935], [88.524, 21.936], [88.524, 21.938], [88.523, 21.94], [88.522, 21.942], [88.521, 21.944], [88.518, 21.946], [88.517, 21.947], [88.516, 21.947], [88.514, 21.948], [88.512, 21.95], [88.51, 21.951], [88.509, 21.951], [88.507, 21.952], [88.505, 21.953], [88.504, 21.954], [88.501, 21.954], [88.499, 21.955], [88.497, 21.956], [88.495, 21.958], [88.494, 21.959], [88.493, 21.961], [88.493, 21.964], [88.493, 21.966], [88.494, 21.967], [88.494, 21.968], [88.495, 21.97], [88.496, 21.972], [88.497, 21.973], [88.498, 21.974], [88.5, 21.976], [88.501, 21.977], [88.504, 21.979], [88.506, 21.98], [88.507, 21.981], [88.509, 21.982], [88.511, 21.983], [88.512, 21.984], [88.514, 21.985], [88.515, 21.986], [88.516, 21.986], [88.518, 21.987], [88.519, 21.988], [88.522, 21.988], [88.524, 21.988], [88.526, 21.987], [88.528, 21.985], [88.529, 21.984], [88.531, 21.982], [88.533, 21.981], [88.535, 21.98], [88.536, 21.979], [88.538, 21.979], [88.54, 21.979], [88.542, 21.98], [88.543, 21.982], [88.544, 21.983], [88.545, 21.984], [88.546, 21.986], [88.547, 21.989], [88.547, 21.99], [88.548, 21.992], [88.549, 21.994], [88.55, 21.996], [88.55, 21.998], [88.551, 22.001], [88.552, 22.011], [88.556, 22.021], [88.556, 22.03], [88.555, 22.035], [88.554, 22.034], [88.555, 22.031], [88.556, 22.028], [88.555, 22.026], [88.555, 22.022], [88.554, 22.018], [88.552, 22.015], [88.551, 22.013], [88.55, 22.01], [88.549, 22.006], [88.549, 21.999], [88.549, 21.997], [88.548, 21.995], [88.547, 21.993], [88.546, 21.991], [88.545, 21.989], [88.545, 21.987], [88.544, 21.986], [88.543, 21.984], [88.542, 21.983], [88.541, 21.981], [88.54, 21.98], [88.538, 21.98], [88.536, 21.98], [88.534, 21.981], [88.533, 21.982], [88.531, 21.984], [88.53, 21.985], [88.528, 21.987], [88.526, 21.989], [88.524, 21.989], [88.521, 21.989], [88.519, 21.989], [88.518, 21.989], [88.516, 21.988], [88.514, 21.987], [88.512, 21.986], [88.51, 21.985], [88.509, 21.984], [88.507, 21.983], [88.505, 21.982], [88.502, 21.98], [88.5, 21.979], [88.498, 21.976], [88.497, 21.975], [88.495, 21.973], [88.494, 21.972], [88.493, 21.97], [88.492, 21.968], [88.491, 21.966], [88.491, 21.963], [88.491, 21.961], [88.492, 21.959], [88.493, 21.957], [88.495, 21.956], [88.496, 21.954], [88.498, 21.953], [88.5, 21.953], [88.502, 21.952], [88.503, 21.951], [88.505, 21.95], [88.507, 21.95], [88.509, 21.949], [88.51, 21.948], [88.512, 21.947], [88.513, 21.947], [88.515, 21.946], [88.517, 21.944], [88.519, 21.943], [88.521, 21.941], [88.521, 21.939], [88.522, 21.938], [88.522, 21.937], [88.523, 21.935], [88.523, 21.933], [88.523, 21.931], [88.523, 21.93], [88.522, 21.928], [88.522, 21.926], [88.522, 21.924], [88.522, 21.922], [88.522, 21.92], [88.522, 21.918], [88.521, 21.915], [88.519, 21.914], [88.517, 21.913], [88.516, 21.913], [88.514, 21.914], [88.512, 21.914], [88.51, 21.914], [88.508, 21.914], [88.506, 21.915], [88.501, 21.914], [88.499, 21.914], [88.498, 21.914], [88.497, 21.914], [88.495, 21.913], [88.493, 21.913], [88.491, 21.912], [88.489, 21.912], [88.487, 21.912], [88.486, 21.911], [88.484, 21.91], [88.482, 21.909], [88.48, 21.908], [88.479, 21.906], [88.477, 21.904], [88.476, 21.902], [88.475, 21.899], [88.476, 21.898], [88.475, 21.896], [88.474, 21.896], [88.472, 21.896], [88.47, 21.896], [88.468, 21.896], [88.466, 21.896], [88.464, 21.896], [88.462, 21.897], [88.46, 21.897], [88.459, 21.898], [88.457, 21.899], [88.456, 21.9], [88.456, 21.902], [88.456, 21.904], [88.456, 21.905], [88.457, 21.907], [88.458, 21.909], [88.459, 21.911], [88.46, 21.912], [88.46, 21.914], [88.461, 21.915], [88.461, 21.917], [88.462, 21.918], [88.462, 21.92], [88.462, 21.922], [88.462, 21.923], [88.462, 21.924], [88.46, 21.926], [88.459, 21.928], [88.459, 21.929], [88.457, 21.931], [88.455, 21.933], [88.455, 21.934], [88.454, 21.935], [88.454, 21.936], [88.453, 21.937], [88.453, 21.94], [88.453, 21.941], [88.454, 21.943], [88.456, 21.945], [88.458, 21.947], [88.46, 21.948], [88.461, 21.949], [88.463, 21.95], [88.465, 21.951], [88.467, 21.952], [88.469, 21.954], [88.47, 21.955], [88.471, 21.957], [88.47, 21.959], [88.469, 21.961], [88.467, 21.962], [88.465, 21.963], [88.464, 21.964], [88.461, 21.963], [88.46, 21.964], [88.457, 21.964], [88.454, 21.964], [88.451, 21.964], [88.449, 21.964], [88.447, 21.965], [88.446, 21.967], [88.446, 21.968], [88.447, 21.97], [88.448, 21.972], [88.448, 21.974], [88.449, 21.976], [88.449, 21.979], [88.449, 21.981], [88.449, 21.983], [88.449, 21.985], [88.448, 21.987], [88.446, 21.989], [88.444, 21.989], [88.443, 21.991], [88.445, 21.993], [88.446, 21.994], [88.448, 21.995], [88.449, 21.996], [88.45, 21.999], [88.451, 22.001], [88.451, 22.006], [88.453, 22.009], [88.456, 22.009], [88.46, 22.01], [88.461, 22.011], [88.461, 22.011], [88.458, 22.01], [88.452, 22.01], [88.45, 22.008], [88.449, 22.006], [88.449, 22.001], [88.449, 21.998], [88.447, 21.997], [88.446, 21.995], [88.444, 21.994], [88.443, 21.993], [88.442, 21.991], [88.442, 21.99], [88.443, 21.989], [88.444, 21.988], [88.445, 21.988], [88.447, 21.987], [88.448, 21.985], [88.448, 21.983], [88.448, 21.98], [88.448, 21.978], [88.447, 21.976], [88.446, 21.973], [88.446, 21.971], [88.445, 21.969], [88.445, 21.968], [88.445, 21.966], [88.446, 21.964], [88.447, 21.963], [88.449, 21.962], [88.451, 21.962], [88.453, 21.962], [88.455, 21.962], [88.457, 21.962], [88.459, 21.962], [88.462, 21.963], [88.464, 21.962], [88.466, 21.961], [88.468, 21.96], [88.469, 21.959], [88.469, 21.956], [88.468, 21.954], [88.466, 21.954], [88.465, 21.953], [88.463, 21.952], [88.461, 21.951], [88.459, 21.95], [88.457, 21.948], [88.455, 21.947], [88.454, 21.946], [88.452, 21.944], [88.451, 21.941], [88.451, 21.939], [88.451, 21.938], [88.451, 21.935], [88.454, 21.93], [88.456, 21.927], [88.459, 21.923], [88.459, 21.92], [88.458, 21.919], [88.457, 21.917], [88.456, 21.916], [88.454, 21.915], [88.452, 21.914], [88.449, 21.913], [88.447, 21.912], [88.445, 21.912], [88.444, 21.912], [88.442, 21.911], [88.44, 21.91], [88.439, 21.909], [88.437, 21.907], [88.436, 21.905], [88.434, 21.904], [88.433, 21.903], [88.431, 21.903], [88.43, 21.904], [88.429, 21.905], [88.426, 21.907], [88.423, 21.908], [88.421, 21.907], [88.42, 21.907], [88.419, 21.906], [88.418, 21.905], [88.417, 21.903], [88.416, 21.902], [88.416, 21.9], [88.416, 21.898], [88.416, 21.895], [88.415, 21.893], [88.415, 21.891], [88.414, 21.89], [88.413, 21.888], [88.411, 21.886], [88.409, 21.885], [88.407, 21.885], [88.403, 21.885], [88.402, 21.885], [88.401, 21.887], [88.401, 21.888], [88.4, 21.89], [88.398, 21.891], [88.396, 21.892], [88.394, 21.892], [88.392, 21.893], [88.39, 21.894], [88.389, 21.895], [88.387, 21.896], [88.386, 21.897], [88.385, 21.899], [88.385, 21.901], [88.386, 21.903], [88.387, 21.905], [88.389, 21.907], [88.392, 21.908], [88.393, 21.909], [88.395, 21.91], [88.397, 21.91], [88.399, 21.911], [88.401, 21.912], [88.402, 21.912], [88.404, 21.913], [88.405, 21.915], [88.407, 21.916], [88.407, 21.918], [88.408, 21.92], [88.408, 21.922], [88.407, 21.924], [88.405, 21.926], [88.404, 21.927], [88.402, 21.929], [88.401, 21.93], [88.399, 21.932], [88.398, 21.933], [88.396, 21.935], [88.394, 21.936], [88.394, 21.938], [88.395, 21.94], [88.396, 21.942], [88.396, 21.944], [88.397, 21.945], [88.398, 21.947], [88.399, 21.949], [88.399, 21.951], [88.398, 21.954], [88.397, 21.955], [88.395, 21.956], [88.393, 21.956], [88.392, 21.956], [88.39, 21.957], [88.388, 21.957], [88.386, 21.958], [88.385, 21.959], [88.384, 21.959], [88.382, 21.96], [88.381, 21.961], [88.38, 21.961], [88.379, 21.962], [88.377, 21.963], [88.376, 21.964], [88.374, 21.964], [88.375, 21.968], [88.376, 21.969], [88.378, 21.969], [88.38, 21.969], [88.382, 21.97], [88.384, 21.97], [88.386, 21.97], [88.388, 21.97], [88.389, 21.97], [88.392, 21.97], [88.394, 21.971], [88.391, 21.971], [88.388, 21.971], [88.386, 21.971], [88.383, 21.971], [88.382, 21.971], [88.38, 21.971], [88.376, 21.97], [88.373, 21.965], [88.373, 21.964], [88.375, 21.962], [88.377, 21.961], [88.379, 21.96], [88.381, 21.959], [88.382, 21.959], [88.384, 21.958], [88.385, 21.957], [88.387, 21.956], [88.389, 21.955], [88.391, 21.955], [88.392, 21.954], [88.394, 21.954], [88.396, 21.954], [88.397, 21.953], [88.398, 21.952], [88.397, 21.95], [88.397, 21.948], [88.395, 21.946], [88.395, 21.945], [88.394, 21.942], [88.393, 21.94], [88.393, 21.939], [88.393, 21.936], [88.394, 21.934], [88.395, 21.932], [88.396, 21.931], [88.398, 21.929], [88.4, 21.928], [88.401, 21.927], [88.403, 21.925], [88.405, 21.924], [88.406, 21.922], [88.406, 21.921], [88.406, 21.919], [88.406, 21.918], [88.404, 21.916], [88.402, 21.915], [88.4, 21.914], [88.398, 21.913], [88.396, 21.913], [88.395, 21.912], [88.393, 21.911], [88.39, 21.91], [88.388, 21.908], [88.387, 21.907], [88.385, 21.906], [88.384, 21.904], [88.383, 21.902], [88.383, 21.9], [88.383, 21.898], [88.384, 21.896], [88.385, 21.895], [88.387, 21.893], [88.39, 21.89], [88.393, 21.889], [88.397, 21.886], [88.397, 21.884], [88.396, 21.881], [88.395, 21.879], [88.394, 21.875], [88.394, 21.869], [88.394, 21.863], [88.394, 21.86], [88.394, 21.852], [88.393, 21.85], [88.392, 21.849], [88.391, 21.848], [88.39, 21.846], [88.386, 21.839], [88.387, 21.827], [88.388, 21.824], [88.389, 21.823], [88.389, 21.822], [88.39, 21.821], [88.39, 21.819], [88.391, 21.818], [88.391, 21.816], [88.392, 21.814], [88.392, 21.812], [88.393, 21.81], [88.393, 21.807], [88.392, 21.806], [88.392, 21.804], [88.392, 21.802], [88.39, 21.798], [88.389, 21.797], [88.388, 21.796], [88.386, 21.794], [88.385, 21.793], [88.384, 21.792], [88.382, 21.792], [88.38, 21.792], [88.378, 21.793], [88.377, 21.794], [88.374, 21.796], [88.372, 21.796], [88.369, 21.796], [88.366, 21.797], [88.364, 21.798], [88.364, 21.799], [88.363, 21.8], [88.364, 21.802], [88.364, 21.803], [88.363, 21.805], [88.364, 21.808], [88.363, 21.81], [88.362, 21.812], [88.36, 21.813], [88.359, 21.815], [88.359, 21.816], [88.358, 21.817], [88.357, 21.818], [88.356, 21.819], [88.356, 21.821], [88.355, 21.823], [88.354, 21.828], [88.355, 21.833], [88.356, 21.837], [88.356, 21.839], [88.356, 21.842], [88.356, 21.844], [88.356, 21.845], [88.356, 21.847], [88.356, 21.85], [88.356, 21.852], [88.355, 21.854], [88.355, 21.856], [88.356, 21.858], [88.358, 21.859], [88.358, 21.86], [88.359, 21.861], [88.36, 21.862], [88.361, 21.865], [88.362, 21.866], [88.363, 21.867], [88.364, 21.868], [88.364, 21.87], [88.365, 21.872], [88.366, 21.873], [88.366, 21.874], [88.367, 21.876], [88.367, 21.878], [88.368, 21.88], [88.368, 21.882], [88.368, 21.885], [88.369, 21.886], [88.369, 21.888], [88.369, 21.891], [88.37, 21.892], [88.37, 21.895], [88.371, 21.897], [88.371, 21.898], [88.37, 21.901], [88.369, 21.903], [88.369, 21.904], [88.368, 21.906], [88.368, 21.907], [88.367, 21.908], [88.366, 21.91], [88.365, 21.912], [88.364, 21.914], [88.363, 21.916], [88.362, 21.918], [88.361, 21.92], [88.36, 21.921], [88.358, 21.923], [88.356, 21.924], [88.355, 21.926], [88.353, 21.926], [88.351, 21.927], [88.35, 21.927], [88.352, 21.926], [88.354, 21.925], [88.356, 21.924], [88.357, 21.922], [88.359, 21.92], [88.36, 21.918], [88.362, 21.916], [88.363, 21.914], [88.363, 21.913], [88.364, 21.911], [88.365, 21.91], [88.366, 21.908], [88.367, 21.906], [88.367, 21.905], [88.368, 21.904], [88.368, 21.902], [88.369, 21.9], [88.369, 21.898], [88.369, 21.895], [88.369, 21.893], [88.368, 21.892], [88.368, 21.89], [88.367, 21.887], [88.367, 21.885], [88.367, 21.883], [88.366, 21.881], [88.366, 21.879], [88.366, 21.878], [88.365, 21.877], [88.365, 21.875], [88.364, 21.874], [88.364, 21.871], [88.363, 21.87], [88.362, 21.868], [88.361, 21.867], [88.359, 21.865], [88.358, 21.864], [88.358, 21.862], [88.356, 21.861], [88.355, 21.86], [88.354, 21.858], [88.353, 21.857], [88.351, 21.857], [88.349, 21.857], [88.347, 21.857], [88.345, 21.857], [88.344, 21.858], [88.342, 21.859], [88.341, 21.859], [88.34, 21.861], [88.338, 21.861], [88.335, 21.862], [88.333, 21.862], [88.33, 21.862], [88.328, 21.862], [88.325, 21.862], [88.323, 21.862], [88.321, 21.861], [88.319, 21.86], [88.318, 21.86], [88.316, 21.859], [88.314, 21.858], [88.312, 21.857], [88.311, 21.856], [88.309, 21.856], [88.308, 21.857], [88.306, 21.859], [88.304, 21.859], [88.302, 21.861], [88.301, 21.861], [88.303, 21.863], [88.304, 21.865], [88.306, 21.866], [88.307, 21.868], [88.308, 21.87], [88.308, 21.872], [88.309, 21.874], [88.309, 21.875], [88.31, 21.876], [88.31, 21.878], [88.309, 21.876], [88.308, 21.875], [88.307, 21.872], [88.307, 21.87], [88.306, 21.868], [88.306, 21.867], [88.304, 21.866], [88.303, 21.865], [88.301, 21.863], [88.3, 21.861], [88.298, 21.861], [88.295, 21.861], [88.293, 21.861], [88.291, 21.86], [88.289, 21.86], [88.286, 21.859], [88.283, 21.858], [88.281, 21.858], [88.279, 21.857], [88.278, 21.857], [88.275, 21.857], [88.272, 21.857], [88.27, 21.858], [88.268, 21.858], [88.266, 21.858], [88.264, 21.858], [88.262, 21.859], [88.261, 21.859], [88.259, 21.86], [88.258, 21.862], [88.257, 21.863], [88.257, 21.865], [88.257, 21.867], [88.256, 21.869], [88.256, 21.87], [88.257, 21.872], [88.258, 21.874], [88.26, 21.876], [88.262, 21.877], [88.263, 21.879], [88.265, 21.881], [88.267, 21.882], [88.268, 21.883], [88.27, 21.884], [88.27, 21.885], [88.268, 21.884], [88.266, 21.884], [88.264, 21.882], [88.263, 21.88], [88.262, 21.879], [88.26, 21.877], [88.258, 21.875], [88.256, 21.873], [88.255, 21.872], [88.255, 21.869], [88.255, 21.867], [88.255, 21.866], [88.256, 21.864], [88.256, 21.862], [88.257, 21.861], [88.258, 21.859], [88.26, 21.858], [88.262, 21.858], [88.264, 21.857], [88.267, 21.856], [88.269, 21.856], [88.271, 21.856], [88.272, 21.856], [88.274, 21.856], [88.276, 21.856], [88.278, 21.856], [88.28, 21.856], [88.281, 21.856], [88.283, 21.856], [88.285, 21.857], [88.287, 21.857], [88.288, 21.858], [88.29, 21.858], [88.292, 21.859], [88.294, 21.859], [88.296, 21.859], [88.299, 21.859], [88.301, 21.859], [88.303, 21.858], [88.304, 21.856], [88.305, 21.855], [88.307, 21.854], [88.308, 21.854], [88.31, 21.853], [88.312, 21.851], [88.313, 21.85], [88.313, 21.849], [88.314, 21.847], [88.314, 21.845], [88.313, 21.843], [88.312, 21.841], [88.311, 21.839], [88.31, 21.837], [88.309, 21.836], [88.309, 21.834], [88.308, 21.833], [88.307, 21.831], [88.305, 21.83], [88.303, 21.829], [88.302, 21.828], [88.3, 21.827], [88.298, 21.827], [88.296, 21.826], [88.294, 21.826], [88.292, 21.826], [88.29, 21.825], [88.287, 21.825], [88.285, 21.824], [88.283, 21.824], [88.281, 21.823], [88.28, 21.823], [88.278, 21.822], [88.276, 21.821], [88.274, 21.82], [88.272, 21.819], [88.271, 21.819], [88.269, 21.818], [88.267, 21.816], [88.265, 21.815], [88.263, 21.813], [88.262, 21.812], [88.261, 21.811], [88.26, 21.81], [88.259, 21.808], [88.259, 21.807], [88.258, 21.805], [88.258, 21.803], [88.259, 21.8], [88.259, 21.798], [88.26, 21.796], [88.261, 21.794], [88.262, 21.792], [88.263, 21.791], [88.263, 21.789], [88.264, 21.787], [88.264, 21.786], [88.265, 21.785], [88.266, 21.784], [88.267, 21.782], [88.268, 21.781], [88.269, 21.779], [88.27, 21.778], [88.271, 21.777], [88.272, 21.775], [88.274, 21.774], [88.276, 21.772], [88.277, 21.771], [88.279, 21.769], [88.28, 21.768], [88.281, 21.766], [88.282, 21.764], [88.283, 21.762], [88.282, 21.761], [88.28, 21.762], [88.278, 21.763], [88.276, 21.764], [88.274, 21.765], [88.272, 21.766], [88.27, 21.767], [88.269, 21.769], [88.267, 21.771], [88.267, 21.772], [88.266, 21.773], [88.265, 21.775], [88.264, 21.776], [88.262, 21.777], [88.261, 21.779], [88.26, 21.78], [88.258, 21.781], [88.257, 21.782], [88.256, 21.784], [88.255, 21.785], [88.255, 21.787], [88.255, 21.789], [88.254, 21.791], [88.254, 21.794], [88.254, 21.796], [88.253, 21.798], [88.253, 21.8], [88.253, 21.802], [88.252, 21.802], [88.252, 21.798], [88.253, 21.796], [88.253, 21.793], [88.253, 21.791], [88.254, 21.789], [88.254, 21.787], [88.254, 21.785], [88.254, 21.783], [88.256, 21.782], [88.257, 21.781], [88.259, 21.779], [88.261, 21.777], [88.263, 21.775], [88.264, 21.773], [88.266, 21.771], [88.267, 21.77], [88.267, 21.768], [88.269, 21.767], [88.27, 21.765], [88.272, 21.764], [88.274, 21.763], [88.276, 21.763], [88.278, 21.762], [88.28, 21.761], [88.282, 21.759], [88.283, 21.757], [88.282, 21.755], [88.282, 21.753], [88.281, 21.752], [88.279, 21.75], [88.278, 21.748], [88.276, 21.745], [88.275, 21.743], [88.274, 21.742], [88.274, 21.74], [88.273, 21.738], [88.274, 21.737], [88.273, 21.734], [88.273, 21.732], [88.272, 21.73], [88.27, 21.73], [88.269, 21.73], [88.267, 21.73], [88.265, 21.73], [88.263, 21.731], [88.263, 21.733], [88.264, 21.734], [88.266, 21.736], [88.267, 21.737], [88.268, 21.739], [88.269, 21.74], [88.27, 21.742], [88.271, 21.744], [88.272, 21.746], [88.272, 21.747], [88.273, 21.749], [88.274, 21.751], [88.274, 21.754], [88.273, 21.755], [88.271, 21.757], [88.269, 21.757], [88.266, 21.757], [88.264, 21.757], [88.262, 21.757], [88.259, 21.757], [88.257, 21.757], [88.254, 21.758], [88.252, 21.758], [88.25, 21.758], [88.248, 21.759], [88.246, 21.759], [88.244, 21.759], [88.242, 21.76], [88.24, 21.76], [88.238, 21.76], [88.236, 21.76], [88.235, 21.761], [88.233, 21.762], [88.231, 21.763], [88.229, 21.763], [88.227, 21.763], [88.224, 21.764], [88.222, 21.763], [88.219, 21.763], [88.218, 21.764], [88.217, 21.767], [88.218, 21.771], [88.218, 21.773], [88.218, 21.777], [88.217, 21.78], [88.216, 21.782], [88.216, 21.783], [88.215, 21.785], [88.214, 21.787], [88.213, 21.788], [88.212, 21.79], [88.212, 21.792], [88.211, 21.793], [88.211, 21.795], [88.211, 21.797], [88.21, 21.798], [88.21, 21.8], [88.209, 21.802], [88.208, 21.803], [88.208, 21.804], [88.207, 21.806], [88.205, 21.808], [88.204, 21.81], [88.204, 21.811], [88.203, 21.812], [88.203, 21.814], [88.202, 21.815], [88.202, 21.817], [88.201, 21.819], [88.2, 21.82], [88.199, 21.822], [88.198, 21.824], [88.198, 21.825], [88.197, 21.826], [88.195, 21.828], [88.194, 21.83], [88.193, 21.832], [88.192, 21.833], [88.19, 21.836], [88.186, 21.841], [88.181, 21.845], [88.18, 21.846], [88.179, 21.848], [88.178, 21.849], [88.177, 21.851], [88.177, 21.852], [88.176, 21.853], [88.176, 21.855], [88.174, 21.857], [88.174, 21.859], [88.173, 21.861], [88.172, 21.862], [88.171, 21.863], [88.171, 21.865], [88.17, 21.866], [88.169, 21.867], [88.169, 21.869], [88.168, 21.871], [88.168, 21.873], [88.167, 21.875], [88.166, 21.878], [88.163, 21.879], [88.164, 21.881], [88.163, 21.883], [88.164, 21.884], [88.164, 21.886], [88.165, 21.889], [88.165, 21.891], [88.166, 21.892], [88.167, 21.893], [88.167, 21.895], [88.168, 21.897], [88.169, 21.899], [88.17, 21.901], [88.17, 21.903], [88.171, 21.905], [88.171, 21.906], [88.172, 21.907], [88.173, 21.91], [88.174, 21.913], [88.174, 21.915], [88.175, 21.917], [88.176, 21.919], [88.176, 21.921], [88.177, 21.924], [88.177, 21.927], [88.176, 21.929], [88.176, 21.931], [88.175, 21.932], [88.174, 21.934], [88.173, 21.935], [88.172, 21.936], [88.17, 21.938], [88.168, 21.939], [88.167, 21.94], [88.165, 21.942], [88.163, 21.943], [88.162, 21.944], [88.161, 21.945], [88.16, 21.947], [88.159, 21.948], [88.158, 21.95], [88.157, 21.951], [88.157, 21.952], [88.156, 21.954], [88.155, 21.955], [88.153, 21.957], [88.154, 21.959], [88.155, 21.961], [88.156, 21.962], [88.157, 21.963], [88.158, 21.964], [88.159, 21.966], [88.16, 21.967], [88.162, 21.969], [88.163, 21.97], [88.164, 21.971], [88.166, 21.972], [88.168, 21.973], [88.17, 21.974], [88.172, 21.975], [88.173, 21.977], [88.175, 21.978], [88.177, 21.98], [88.178, 21.982], [88.179, 21.983], [88.18, 21.984], [88.181, 21.985], [88.182, 21.987], [88.183, 21.988], [88.185, 21.99], [88.186, 21.992], [88.187, 21.993], [88.188, 21.995], [88.189, 21.997], [88.191, 21.999], [88.193, 22.001], [88.196, 22.004], [88.197, 22.006], [88.198, 22.008], [88.199, 22.008], [88.199, 22.01], [88.2, 22.011], [88.201, 22.012], [88.201, 22.013], [88.201, 22.014], [88.202, 22.014], [88.204, 22.017], [88.206, 22.019], [88.206, 22.02], [88.207, 22.021], [88.208, 22.023], [88.209, 22.024], [88.209, 22.025], [88.21, 22.026], [88.211, 22.028], [88.211, 22.029], [88.213, 22.032], [88.213, 22.033], [88.214, 22.034], [88.214, 22.037], [88.215, 22.039], [88.215, 22.041], [88.216, 22.043], [88.216, 22.046], [88.216, 22.051], [88.217, 22.054], [88.217, 22.055], [88.218, 22.056], [88.219, 22.059], [88.219, 22.06], [88.22, 22.062], [88.221, 22.063], [88.221, 22.065], [88.222, 22.066], [88.223, 22.069], [88.223, 22.072], [88.224, 22.074], [88.224, 22.077], [88.224, 22.083], [88.224, 22.085], [88.224, 22.087], [88.224, 22.09], [88.224, 22.091], [88.224, 22.093], [88.223, 22.095], [88.223, 22.098], [88.222, 22.1], [88.222, 22.101], [88.222, 22.103], [88.221, 22.105], [88.219, 22.109], [88.218, 22.11], [88.218, 22.111], [88.217, 22.114], [88.216, 22.116], [88.216, 22.117], [88.216, 22.12], [88.215, 22.122], [88.214, 22.124], [88.214, 22.125], [88.212, 22.127], [88.212, 22.129], [88.211, 22.131], [88.211, 22.134], [88.211, 22.136], [88.211, 22.141], [88.211, 22.143], [88.211, 22.146], [88.21, 22.15], [88.21, 22.151], [88.209, 22.153], [88.209, 22.154], [88.208, 22.156], [88.208, 22.158], [88.207, 22.159], [88.206, 22.16], [88.206, 22.162], [88.205, 22.163], [88.204, 22.164], [88.204, 22.165], [88.203, 22.166], [88.201, 22.17], [88.198, 22.173], [88.197, 22.175], [88.195, 22.177], [88.192, 22.181], [88.19, 22.184], [88.189, 22.185], [88.188, 22.187], [88.186, 22.188], [88.184, 22.189], [88.182, 22.191], [88.18, 22.192], [88.178, 22.193], [88.177, 22.193], [88.176, 22.194], [88.173, 22.195], [88.172, 22.195], [88.17, 22.196], [88.168, 22.197], [88.166, 22.197], [88.165, 22.198], [88.164, 22.198], [88.161, 22.199], [88.16, 22.199], [88.155, 22.199], [88.152, 22.199], [88.151, 22.199], [88.148, 22.2], [88.146, 22.2], [88.145, 22.201], [88.144, 22.201], [88.14, 22.202], [88.137, 22.202], [88.134, 22.202], [88.132, 22.202], [88.129, 22.203], [88.128, 22.204], [88.127, 22.205], [88.124, 22.206], [88.123, 22.206], [88.122, 22.207], [88.119, 22.208], [88.117, 22.209], [88.113, 22.209], [88.11, 22.209], [88.107, 22.209], [88.101, 22.209], [88.099, 22.209], [88.093, 22.209], [88.089, 22.208], [88.086, 22.209], [88.084, 22.209], [88.081, 22.209], [88.077, 22.21], [88.072, 22.211], [88.071, 22.211], [88.07, 22.215], [88.071, 22.218], [88.075, 22.222], [88.076, 22.224], [88.079, 22.227], [88.08, 22.229], [88.083, 22.231], [88.083, 22.233], [88.084, 22.234], [88.085, 22.235], [88.085, 22.236], [88.086, 22.237], [88.086, 22.24], [88.086, 22.241], [88.087, 22.243], [88.088, 22.246], [88.088, 22.247], [88.088, 22.252], [88.088, 22.253], [88.088, 22.254], [88.087, 22.255], [88.088, 22.257], [88.089, 22.263], [88.09, 22.265], [88.09, 22.267], [88.091, 22.268], [88.092, 22.27], [88.093, 22.272], [88.094, 22.274], [88.095, 22.276], [88.096, 22.278], [88.1, 22.282], [88.1, 22.283], [88.101, 22.284], [88.101, 22.286], [88.102, 22.287], [88.103, 22.289], [88.104, 22.291], [88.104, 22.294], [88.105, 22.296], [88.105, 22.298], [88.105, 22.301], [88.105, 22.304], [88.103, 22.304], [88.092, 22.302], [88.088, 22.301], [88.087, 22.299], [88.086, 22.298], [88.086, 22.296], [88.084, 22.293], [88.083, 22.292], [88.082, 22.29], [88.081, 22.288], [88.079, 22.286], [88.079, 22.283], [88.079, 22.282], [88.078, 22.279], [88.077, 22.277], [88.077, 22.275], [88.076, 22.272], [88.076, 22.269], [88.076, 22.268], [88.076, 22.263], [88.076, 22.262], [88.076, 22.261], [88.075, 22.259], [88.075, 22.257], [88.074, 22.254], [88.075, 22.253], [88.075, 22.252], [88.074, 22.251], [88.074, 22.249], [88.073, 22.248], [88.072, 22.246], [88.071, 22.245], [88.069, 22.242], [88.067, 22.241], [88.066, 22.238], [88.065, 22.236], [88.062, 22.233], [88.061, 22.232], [88.052, 22.224], [88.051, 22.222], [88.049, 22.22], [88.046, 22.22], [88.045, 22.221], [88.044, 22.221], [88.041, 22.222], [88.037, 22.221], [88.034, 22.222], [88.033, 22.222], [88.028, 22.222], [88.026, 22.223], [88.022, 22.226], [88.02, 22.227], [88.018, 22.227], [88.017, 22.228], [88.015, 22.228], [88.014, 22.229], [88.012, 22.23], [88.011, 22.23], [88.01, 22.231], [88.008, 22.232], [88.007, 22.232], [88.006, 22.233], [88.004, 22.234], [88.003, 22.234], [88.001, 22.235], [87.996, 22.238], [87.993, 22.24], [87.991, 22.241], [87.99, 22.241], [87.989, 22.243], [87.987, 22.244], [87.986, 22.245], [87.984, 22.246], [87.983, 22.248], [87.98, 22.251], [87.979, 22.253], [87.978, 22.254], [87.977, 22.256], [87.976, 22.257], [87.975, 22.258], [87.974, 22.26], [87.974, 22.261], [87.972, 22.264], [87.97, 22.266], [87.969, 22.267], [87.968, 22.269], [87.967, 22.271], [87.966, 22.272], [87.965, 22.274], [87.964, 22.276], [87.962, 22.277], [87.961, 22.279], [87.96, 22.28], [87.96, 22.281], [87.959, 22.283], [87.959, 22.285], [87.959, 22.287], [87.959, 22.289], [87.96, 22.291], [87.96, 22.294], [87.96, 22.295], [87.96, 22.297], [87.96, 22.299], [87.96, 22.301], [87.961, 22.303], [87.961, 22.304], [87.96, 22.306], [87.96, 22.307], [87.959, 22.309], [87.959, 22.311], [87.958, 22.313], [87.958, 22.314], [87.957, 22.316], [87.957, 22.318], [87.958, 22.32], [87.958, 22.322], [87.958, 22.324], [87.957, 22.325], [87.958, 22.327], [87.957, 22.329], [87.957, 22.33], [87.957, 22.332], [87.958, 22.334], [87.958, 22.336], [87.958, 22.338], [87.958, 22.341], [87.958, 22.343], [87.958, 22.344], [87.958, 22.346], [87.958, 22.348], [87.958, 22.349], [87.958, 22.351], [87.958, 22.353], [87.958, 22.354], [87.957, 22.356], [87.957, 22.358], [87.957, 22.359], [87.957, 22.361], [87.956, 22.363], [87.956, 22.365], [87.956, 22.367], [87.956, 22.368], [87.955, 22.37], [87.955, 22.372], [87.954, 22.374], [87.953, 22.376], [87.953, 22.377], [87.952, 22.379], [87.951, 22.381], [87.95, 22.383], [87.95, 22.384], [87.95, 22.386], [87.949, 22.388], [87.949, 22.389], [87.949, 22.391], [87.949, 22.395], [87.949, 22.396], [87.948, 22.4], [87.947, 22.402], [87.947, 22.404], [87.947, 22.405], [87.946, 22.406], [87.945, 22.407], [87.942, 22.408], [87.941, 22.409], [87.94, 22.409], [87.937, 22.412], [87.934, 22.414], [87.933, 22.415], [87.931, 22.418], [87.927, 22.421], [87.927, 22.422], [87.927, 22.426], [87.927, 22.428], [87.927, 22.429], [87.926, 22.431], [87.926, 22.432], [87.925, 22.433], [87.922, 22.435], [87.92, 22.435], [87.916, 22.435], [87.914, 22.435], [87.912, 22.435], [87.91, 22.435], [87.909, 22.435], [87.907, 22.435], [87.905, 22.436], [87.904, 22.435], [87.902, 22.435], [87.9, 22.435], [87.897, 22.435], [87.896, 22.434], [87.894, 22.435], [87.893, 22.435], [87.891, 22.436], [87.89, 22.437], [87.888, 22.438], [87.884, 22.441], [87.882, 22.44], [87.881, 22.438], [87.886, 22.433], [87.887, 22.432], [87.888, 22.43], [87.89, 22.428], [87.895, 22.424], [87.896, 22.423], [87.898, 22.422], [87.9, 22.421], [87.908, 22.422], [87.91, 22.422], [87.912, 22.422], [87.914, 22.42], [87.915, 22.419], [87.917, 22.416], [87.918, 22.415], [87.921, 22.413], [87.923, 22.41], [87.925, 22.408], [87.926, 22.407], [87.928, 22.405], [87.93, 22.403], [87.931, 22.401], [87.931, 22.4], [87.932, 22.397], [87.932, 22.396], [87.932, 22.394], [87.933, 22.391], [87.934, 22.389], [87.934, 22.388], [87.934, 22.386], [87.935, 22.386], [87.936, 22.383], [87.937, 22.382], [87.938, 22.38], [87.938, 22.378], [87.939, 22.376], [87.939, 22.373], [87.94, 22.372], [87.94, 22.371], [87.941, 22.369], [87.941, 22.368], [87.942, 22.367], [87.942, 22.366], [87.942, 22.365], [87.943, 22.364], [87.942, 22.361], [87.94, 22.362], [87.94, 22.36], [87.942, 22.358], [87.942, 22.357], [87.944, 22.357], [87.944, 22.355], [87.941, 22.354], [87.94, 22.355], [87.939, 22.356], [87.937, 22.356], [87.939, 22.354], [87.94, 22.353], [87.942, 22.353], [87.944, 22.352], [87.945, 22.351], [87.947, 22.35], [87.945, 22.349], [87.944, 22.349], [87.944, 22.348], [87.946, 22.346], [87.947, 22.346], [87.946, 22.343], [87.946, 22.341], [87.947, 22.34], [87.947, 22.338], [87.947, 22.336], [87.947, 22.334], [87.947, 22.332], [87.946, 22.331], [87.946, 22.328], [87.945, 22.327], [87.944, 22.325], [87.942, 22.323], [87.939, 22.321], [87.937, 22.317], [87.936, 22.317], [87.936, 22.319], [87.938, 22.321], [87.938, 22.324], [87.939, 22.326], [87.939, 22.329], [87.939, 22.331], [87.938, 22.33], [87.935, 22.331], [87.935, 22.334], [87.934, 22.335], [87.932, 22.334], [87.934, 22.33], [87.934, 22.329], [87.936, 22.326], [87.936, 22.325], [87.936, 22.322], [87.935, 22.321], [87.935, 22.319], [87.934, 22.318], [87.934, 22.315], [87.933, 22.314], [87.933, 22.31], [87.934, 22.308], [87.934, 22.307], [87.935, 22.304], [87.935, 22.302], [87.935, 22.301], [87.936, 22.3], [87.936, 22.297], [87.936, 22.294], [87.936, 22.291], [87.936, 22.289], [87.936, 22.287], [87.936, 22.285], [87.936, 22.283], [87.935, 22.281], [87.936, 22.279], [87.936, 22.278], [87.936, 22.274], [87.937, 22.272], [87.937, 22.269], [87.937, 22.266], [87.938, 22.264], [87.939, 22.263], [87.94, 22.261], [87.941, 22.259], [87.944, 22.257], [87.947, 22.255], [87.949, 22.253], [87.951, 22.252], [87.952, 22.251], [87.953, 22.25], [87.955, 22.248], [87.956, 22.247], [87.957, 22.246], [87.959, 22.244], [87.96, 22.244], [87.962, 22.243], [87.964, 22.242], [87.965, 22.242], [87.967, 22.241], [87.969, 22.239], [87.97, 22.238], [87.971, 22.237], [87.972, 22.235], [87.973, 22.234], [87.973, 22.232], [87.974, 22.23], [87.974, 22.228], [87.975, 22.226], [87.975, 22.224], [87.976, 22.222], [87.977, 22.22], [87.979, 22.219], [87.98, 22.218], [87.981, 22.216], [87.982, 22.215], [87.984, 22.214], [87.985, 22.213], [87.987, 22.212], [87.989, 22.211], [87.99, 22.209], [87.992, 22.209], [87.994, 22.208], [88.0, 22.206], [88.001, 22.206], [88.003, 22.205], [88.004, 22.205], [88.005, 22.204], [88.009, 22.201], [88.009, 22.201], [88.013, 22.201], [88.015, 22.2], [88.016, 22.2], [88.018, 22.2], [88.019, 22.199], [88.021, 22.199], [88.023, 22.199], [88.024, 22.2], [88.025, 22.2], [88.026, 22.201], [88.028, 22.203], [88.028, 22.205], [88.029, 22.207], [88.03, 22.208], [88.031, 22.209], [88.033, 22.209], [88.037, 22.208], [88.039, 22.208], [88.043, 22.207], [88.045, 22.206], [88.047, 22.206], [88.048, 22.205], [88.052, 22.203], [88.053, 22.202], [88.054, 22.2], [88.059, 22.195], [88.061, 22.194], [88.063, 22.193], [88.064, 22.191], [88.066, 22.19], [88.067, 22.189], [88.069, 22.188], [88.071, 22.188], [88.073, 22.188], [88.075, 22.187], [88.077, 22.187], [88.078, 22.187], [88.082, 22.187], [88.084, 22.187], [88.086, 22.187], [88.088, 22.186], [88.089, 22.186], [88.09, 22.186], [88.091, 22.187], [88.092, 22.188], [88.093, 22.19], [88.094, 22.19], [88.096, 22.191], [88.098, 22.191], [88.101, 22.191], [88.102, 22.192], [88.103, 22.192], [88.105, 22.192], [88.107, 22.191], [88.109, 22.191], [88.112, 22.19], [88.115, 22.189], [88.117, 22.188], [88.12, 22.188], [88.122, 22.188], [88.124, 22.187], [88.126, 22.187], [88.129, 22.186], [88.134, 22.186], [88.135, 22.185], [88.139, 22.181], [88.139, 22.18], [88.14, 22.179], [88.142, 22.177], [88.143, 22.175], [88.143, 22.174], [88.144, 22.173], [88.144, 22.171], [88.146, 22.169], [88.146, 22.168], [88.147, 22.167], [88.152, 22.161], [88.152, 22.16], [88.153, 22.159], [88.158, 22.153], [88.16, 22.151], [88.168, 22.144], [88.169, 22.142], [88.17, 22.14], [88.171, 22.138], [88.172, 22.137], [88.174, 22.134], [88.177, 22.131], [88.181, 22.127], [88.184, 22.124], [88.186, 22.121], [88.188, 22.118], [88.191, 22.116], [88.192, 22.114], [88.194, 22.111], [88.193, 22.109], [88.192, 22.108], [88.191, 22.105], [88.191, 22.103], [88.19, 22.101], [88.189, 22.1], [88.188, 22.098], [88.188, 22.097], [88.186, 22.095], [88.182, 22.089], [88.179, 22.086], [88.174, 22.081], [88.169, 22.076], [88.164, 22.071], [88.161, 22.069], [88.159, 22.067], [88.158, 22.066], [88.156, 22.065], [88.153, 22.063], [88.151, 22.062], [88.151, 22.061], [88.149, 22.061], [88.147, 22.059], [88.146, 22.059], [88.144, 22.058], [88.143, 22.058], [88.141, 22.057], [88.14, 22.056], [88.139, 22.056], [88.137, 22.055], [88.136, 22.054], [88.135, 22.054], [88.134, 22.054], [88.132, 22.053], [88.131, 22.052], [88.13, 22.051], [88.128, 22.051], [88.127, 22.05], [88.126, 22.049], [88.124, 22.048], [88.123, 22.048], [88.121, 22.046], [88.119, 22.046], [88.118, 22.044], [88.116, 22.044], [88.114, 22.043], [88.113, 22.042], [88.111, 22.04], [88.109, 22.039], [88.105, 22.036], [88.104, 22.035], [88.101, 22.033], [88.1, 22.032], [88.097, 22.031], [88.095, 22.029], [88.093, 22.028], [88.092, 22.027], [88.091, 22.026], [88.09, 22.026], [88.088, 22.024], [88.086, 22.023], [88.084, 22.022], [88.082, 22.021], [88.078, 22.02], [88.077, 22.019], [88.075, 22.019], [88.073, 22.018], [88.071, 22.017], [88.069, 22.015], [88.067, 22.015], [88.066, 22.015], [88.065, 22.014], [88.062, 22.013], [88.061, 22.015], [88.06, 22.016], [88.059, 22.017], [88.054, 22.021], [88.052, 22.022], [88.045, 22.029], [88.043, 22.03], [88.039, 22.034], [88.038, 22.035], [88.034, 22.039], [88.033, 22.04], [88.032, 22.042], [88.03, 22.045], [88.029, 22.046], [88.027, 22.047], [88.027, 22.049], [88.027, 22.05], [88.028, 22.052], [88.029, 22.054], [88.03, 22.055], [88.031, 22.056], [88.034, 22.058], [88.034, 22.06], [88.033, 22.062], [88.032, 22.063], [88.03, 22.066], [88.028, 22.068], [88.027, 22.069], [88.024, 22.072], [88.022, 22.073], [88.018, 22.077], [88.016, 22.079], [88.014, 22.08], [88.013, 22.081], [88.01, 22.082], [88.008, 22.084], [88.007, 22.084], [88.006, 22.085], [88.004, 22.086], [88.002, 22.087], [88.001, 22.088], [87.999, 22.089], [87.997, 22.091], [87.996, 22.093], [87.996, 22.094], [87.995, 22.096], [87.994, 22.099], [87.991, 22.103], [87.984, 22.105], [87.983, 22.104], [87.981, 22.104], [87.979, 22.105], [87.978, 22.105], [87.976, 22.105], [87.975, 22.105], [87.973, 22.104], [87.964, 22.104], [87.963, 22.103], [87.962, 22.102], [87.959, 22.098], [87.963, 22.095], [87.964, 22.095], [87.968, 22.094], [87.97, 22.094], [87.972, 22.095], [87.975, 22.096], [87.976, 22.096], [87.978, 22.097], [87.98, 22.098], [87.981, 22.099], [87.982, 22.098], [87.983, 22.097], [87.983, 22.096], [87.984, 22.094], [87.986, 22.092], [87.99, 22.088], [87.992, 22.086], [87.993, 22.085], [87.994, 22.084], [87.996, 22.083], [88.001, 22.078], [88.004, 22.076], [88.005, 22.075], [88.006, 22.075], [88.008, 22.074], [88.01, 22.071], [88.012, 22.067], [88.013, 22.066], [88.014, 22.064], [88.014, 22.06], [88.015, 22.056], [88.015, 22.055], [88.016, 22.053], [88.017, 22.049], [88.016, 22.047], [88.017, 22.043], [88.018, 22.041], [88.018, 22.04], [88.021, 22.037], [88.023, 22.035], [88.025, 22.032], [88.033, 22.025], [88.035, 22.024], [88.036, 22.023], [88.039, 22.021], [88.04, 22.021], [88.042, 22.02], [88.043, 22.019], [88.045, 22.019], [88.046, 22.018], [88.047, 22.017], [88.049, 22.017], [88.051, 22.016], [88.052, 22.015], [88.052, 22.014], [88.053, 22.01], [88.052, 22.009], [88.052, 22.007], [88.049, 22.004], [88.047, 22.002], [88.046, 21.999], [88.045, 21.998], [88.044, 21.997], [88.044, 21.995], [88.043, 21.994], [88.043, 21.992], [88.041, 21.99], [88.041, 21.989], [88.04, 21.988], [88.039, 21.986], [88.038, 21.984], [88.037, 21.983], [88.036, 21.982], [88.036, 21.981], [88.036, 21.979], [88.035, 21.978], [88.035, 21.976], [88.034, 21.975], [88.033, 21.973], [88.032, 21.971], [88.032, 21.969], [88.03, 21.967], [88.029, 21.966], [88.029, 21.964], [88.028, 21.962], [88.027, 21.96], [88.027, 21.959], [88.026, 21.958], [88.025, 21.956], [88.024, 21.955], [88.022, 21.952], [88.022, 21.951], [88.021, 21.948], [88.02, 21.946], [88.02, 21.945], [88.019, 21.942], [88.018, 21.941], [88.017, 21.94], [88.017, 21.938], [88.016, 21.937], [88.015, 21.935], [88.015, 21.933], [88.014, 21.931], [88.013, 21.93], [88.012, 21.928], [88.012, 21.926], [88.011, 21.924], [88.011, 21.922], [88.011, 21.92], [88.01, 21.918], [88.01, 21.917], [88.008, 21.916], [88.008, 21.914], [88.006, 21.91], [88.006, 21.909], [88.004, 21.907], [88.004, 21.906], [88.004, 21.904], [88.0, 21.899], [87.999, 21.898], [87.999, 21.897], [87.998, 21.895], [87.997, 21.893], [87.996, 21.892], [87.995, 21.89], [87.994, 21.889], [87.993, 21.887], [87.992, 21.885], [87.991, 21.883], [87.99, 21.882], [87.99, 21.88], [87.989, 21.879], [87.988, 21.876], [87.987, 21.875], [87.986, 21.873], [87.986, 21.872], [87.985, 21.87], [87.984, 21.868], [87.983, 21.866], [87.982, 21.864], [87.981, 21.862], [87.981, 21.861], [87.98, 21.859], [87.98, 21.858], [87.979, 21.856], [87.977, 21.854], [87.976, 21.852], [87.975, 21.85], [87.974, 21.851], [87.973, 21.851], [87.971, 21.849], [87.968, 21.846], [87.965, 21.844], [87.962, 21.84], [87.958, 21.837], [87.956, 21.835], [87.954, 21.833], [87.952, 21.831], [87.95, 21.829], [87.949, 21.828], [87.947, 21.827], [87.944, 21.824], [87.943, 21.822], [87.941, 21.821], [87.94, 21.821], [87.939, 21.818], [87.938, 21.817], [87.937, 21.816], [87.935, 21.813], [87.934, 21.812], [87.933, 21.81], [87.932, 21.807], [87.931, 21.804], [87.93, 21.802], [87.929, 21.801], [87.928, 21.8], [87.927, 21.8], [87.925, 21.802], [87.924, 21.802], [87.922, 21.802], [87.92, 21.8], [87.918, 21.799], [87.917, 21.799], [87.916, 21.798], [87.914, 21.798], [87.911, 21.797], [87.909, 21.796], [87.906, 21.796], [87.903, 21.795], [87.901, 21.794], [87.899, 21.795], [87.898, 21.794], [87.899, 21.791], [87.899, 21.79], [87.899, 21.789], [87.898, 21.79], [87.896, 21.79], [87.895, 21.791], [87.893, 21.792], [87.892, 21.793], [87.891, 21.793], [87.889, 21.793], [87.889, 21.791], [87.89, 21.789], [87.891, 21.788], [87.893, 21.787], [87.894, 21.785], [87.894, 21.783], [87.893, 21.78], [87.891, 21.778], [87.89, 21.778], [87.887, 21.777], [87.885, 21.776], [87.883, 21.773], [87.882, 21.77], [87.881, 21.769], [87.879, 21.767], [87.879, 21.766], [87.876, 21.763], [87.874, 21.761], [87.871, 21.76], [87.872, 21.763], [87.874, 21.764], [87.875, 21.765], [87.876, 21.767], [87.877, 21.767], [87.878, 21.769], [87.879, 21.77], [87.879, 21.771], [87.884, 21.776], [87.884, 21.777], [87.885, 21.779], [87.884, 21.779], [87.881, 21.777], [87.88, 21.776], [87.88, 21.774], [87.877, 21.772], [87.876, 21.769], [87.874, 21.767], [87.873, 21.767], [87.871, 21.765], [87.87, 21.764], [87.869, 21.764], [87.865, 21.761], [87.864, 21.759], [87.861, 21.757], [87.859, 21.756], [87.857, 21.754], [87.855, 21.752], [87.851, 21.749], [87.85, 21.749], [87.848, 21.748], [87.844, 21.744], [87.843, 21.743], [87.84, 21.74], [87.836, 21.738], [87.833, 21.736], [87.831, 21.734], [87.829, 21.732], [87.828, 21.731], [87.821, 21.724], [87.82, 21.723], [87.82, 21.722], [87.821, 21.723], [87.824, 21.725], [87.825, 21.724], [87.824, 21.723], [87.822, 21.72], [87.819, 21.717], [87.818, 21.715], [87.817, 21.714], [87.815, 21.711], [87.81, 21.706], [87.807, 21.704], [87.804, 21.702], [87.802, 21.701], [87.8, 21.701], [87.798, 21.699], [87.796, 21.698], [87.794, 21.697], [87.793, 21.697], [87.792, 21.696], [87.791, 21.696], [87.79, 21.695], [87.788, 21.695], [87.786, 21.695], [87.784, 21.695], [87.783, 21.694], [87.782, 21.694], [87.779, 21.694], [87.777, 21.694], [87.775, 21.694], [87.772, 21.694], [87.771, 21.695], [87.767, 21.696], [87.765, 21.696], [87.764, 21.697], [87.762, 21.698], [87.761, 21.697], [87.759, 21.699], [87.757, 21.7], [87.756, 21.7], [87.755, 21.699], [87.753, 21.7], [87.75, 21.696], [87.751, 21.696], [87.753, 21.698], [87.754, 21.697], [87.754, 21.696], [87.754, 21.694], [87.752, 21.694], [87.751, 21.694], [87.75, 21.693], [87.749, 21.691], [87.75, 21.69], [87.75, 21.689], [87.75, 21.687], [87.748, 21.684], [87.746, 21.684], [87.745, 21.683], [87.744, 21.683], [87.743, 21.681], [87.741, 21.679], [87.74, 21.678], [87.738, 21.678], [87.737, 21.677], [87.736, 21.676], [87.734, 21.675], [87.731, 21.674], [87.73, 21.673], [87.729, 21.673], [87.727, 21.672], [87.726, 21.671], [87.725, 21.671], [87.724, 21.671], [87.722, 21.67], [87.721, 21.669], [87.72, 21.669], [87.719, 21.668], [87.717, 21.668], [87.716, 21.667], [87.715, 21.667], [87.713, 21.666], [87.712, 21.666], [87.711, 21.665], [87.709, 21.665], [87.708, 21.664], [87.706, 21.663], [87.704, 21.663], [87.703, 21.662], [87.7, 21.662], [87.699, 21.661], [87.698, 21.661], [87.696, 21.66], [87.694, 21.659], [87.693, 21.659], [87.691, 21.658], [87.69, 21.658], [87.687, 21.657], [87.686, 21.656], [87.684, 21.656], [87.682, 21.655], [87.68, 21.655], [87.679, 21.654], [87.676, 21.654], [87.675, 21.653], [87.673, 21.653], [87.67, 21.652], [87.667, 21.651], [87.663, 21.651], [87.661, 21.651], [87.658, 21.65], [87.657, 21.649], [87.654, 21.649], [87.65, 21.649], [87.647, 21.649], [87.646, 21.65], [87.644, 21.65], [87.642, 21.653], [87.642, 21.655], [87.642, 21.656], [87.643, 21.657], [87.645, 21.659], [87.643, 21.659], [87.641, 21.658], [87.639, 21.657], [87.638, 21.656], [87.636, 21.654], [87.636, 21.652], [87.635, 21.651], [87.634, 21.649], [87.632, 21.648], [87.631, 21.647], [87.629, 21.646], [87.626, 21.646], [87.623, 21.645], [87.621, 21.645], [87.618, 21.644], [87.615, 21.644], [87.612, 21.643], [87.609, 21.643], [87.606, 21.642], [87.604, 21.642], [87.602, 21.641], [87.6, 21.641], [87.598, 21.641], [87.595, 21.64], [87.593, 21.64], [87.591, 21.639], [87.589, 21.639], [87.587, 21.639], [87.586, 21.638], [87.584, 21.638], [87.582, 21.637], [87.58, 21.637], [87.578, 21.636], [87.576, 21.636], [87.574, 21.636], [87.572, 21.635], [87.571, 21.635], [87.569, 21.634], [87.568, 21.634], [87.566, 21.634], [87.565, 21.634], [87.563, 21.633], [87.56, 21.633], [87.558, 21.634], [87.556, 21.636], [87.552, 21.635], [87.549, 21.634], [87.548, 21.631], [87.547, 21.631], [87.546, 21.63], [87.545, 21.629], [87.544, 21.629], [87.541, 21.628], [87.539, 21.628], [87.535, 21.627], [87.534, 21.626], [87.531, 21.624], [87.529, 21.624], [87.528, 21.623], [87.526, 21.622], [87.523, 21.622], [87.521, 21.621], [87.519, 21.621], [87.517, 21.621], [87.515, 21.62], [87.512, 21.619], [87.511, 21.619], [87.509, 21.618], [87.507, 21.618], [87.505, 21.617], [87.503, 21.617], [87.502, 21.616], [87.499, 21.616], [87.497, 21.615], [87.496, 21.614], [87.493, 21.614], [87.49, 21.612], [87.488, 21.611], [87.486, 21.611], [87.483, 21.61], [87.482, 21.609], [87.482, 21.626], [87.468, 21.646], [87.465, 21.659], [87.468, 21.677], [87.469, 21.698], [87.462, 21.722], [87.463, 21.726], [87.451, 21.732], [87.442, 21.755], [87.425, 21.766], [87.4, 21.763], [87.39, 21.767], [87.375, 21.768], [87.37, 21.76], [87.357, 21.777], [87.34, 21.784], [87.336, 21.781], [87.326, 21.786], [87.317, 21.789], [87.306, 21.794], [87.295, 21.804], [87.274, 21.802], [87.273, 21.806], [87.262, 21.814], [87.263, 21.825], [87.259, 21.835], [87.245, 21.856], [87.235, 21.896], [87.252, 21.918], [87.232, 21.946], [87.226, 21.957], [87.21, 21.957], [87.175, 21.966], [87.161, 21.962], [87.158, 21.931], [87.141, 21.92], [87.116, 21.921], [87.108, 21.917], [87.094, 21.908], [87.089, 21.892], [87.093, 21.874], [87.054, 21.861], [87.017, 21.887], [86.998, 21.908], [87.004, 21.935], [87.031, 21.979], [87.028, 21.998], [87.026, 22.029], [87.005, 22.043], [86.988, 22.055], [86.957, 22.083], [86.929, 22.085], [86.846, 22.095], [86.825, 22.109], [86.812, 22.114], [86.807, 22.125], [86.8, 22.128], [86.79, 22.154], [86.772, 22.147], [86.732, 22.145], [86.717, 22.164], [86.717, 22.186], [86.723, 22.215], [86.748, 22.208], [86.775, 22.215], [86.776, 22.232], [86.791, 22.22], [86.779, 22.212], [86.8, 22.214], [86.8, 22.235], [86.791, 22.253], [86.798, 22.245], [86.802, 22.242], [86.809, 22.246], [86.812, 22.264], [86.819, 22.254], [86.834, 22.26], [86.851, 22.26], [86.869, 22.255], [86.886, 22.263], [86.888, 22.281], [86.881, 22.296], [86.863, 22.304], [86.829, 22.325], [86.836, 22.361], [86.844, 22.388], [86.831, 22.406], [86.779, 22.421], [86.758, 22.436], [86.749, 22.46], [86.753, 22.48], [86.783, 22.477], [86.798, 22.484], [86.791, 22.494], [86.792, 22.513], [86.785, 22.529], [86.784, 22.544], [86.771, 22.548], [86.767, 22.561], [86.728, 22.575], [86.673, 22.572], [86.649, 22.582], [86.634, 22.597], [86.637, 22.631], [86.622, 22.666], [86.597, 22.685], [86.555, 22.708], [86.534, 22.717], [86.508, 22.708], [86.497, 22.715], [86.479, 22.722], [86.454, 22.76], [86.422, 22.774], [86.422, 22.809], [86.431, 22.846], [86.447, 22.869], [86.463, 22.897], [86.431, 22.92], [86.458, 22.933], [86.47, 22.949], [86.484, 22.938], [86.492, 22.944], [86.497, 22.948], [86.518, 22.944], [86.532, 22.962], [86.54, 22.987], [86.519, 22.968], [86.504, 22.978], [86.475, 22.986], [86.448, 22.987], [86.432, 22.99], [86.397, 22.978], [86.381, 22.984], [86.36, 22.997], [86.341, 22.993], [86.315, 22.996], [86.306, 23.002], [86.301, 23.01], [86.296, 23.01], [86.292, 23.01], [86.274, 23.007], [86.264, 22.998], [86.239, 22.995], [86.217, 22.992], [86.2, 23.01], [86.178, 23.012], [86.162, 23.034], [86.148, 23.053], [86.134, 23.07], [86.127, 23.089], [86.105, 23.089], [86.083, 23.101], [86.048, 23.109], [86.048, 23.129], [86.028, 23.146], [86.01, 23.145], [85.99, 23.146], [85.956, 23.139], [85.944, 23.129], [85.921, 23.126], [85.912, 23.134], [85.886, 23.153], [85.877, 23.173], [85.844, 23.194], [85.834, 23.202], [85.832, 23.218], [85.839, 23.282], [85.858, 23.301], [85.875, 23.321], [85.872, 23.33], [85.867, 23.361], [85.893, 23.37], [85.891, 23.381], [85.877, 23.4], [85.874, 23.411], [85.86, 23.442], [85.866, 23.47], [85.891, 23.476], [85.938, 23.455], [85.957, 23.462], [85.995, 23.476], [86.015, 23.485], [86.036, 23.49], [86.051, 23.502], [86.032, 23.521], [86.021, 23.545], [86.025, 23.572], [86.047, 23.584], [86.073, 23.568], [86.098, 23.571], [86.119, 23.574], [86.139, 23.57], [86.146, 23.559], [86.15, 23.541], [86.153, 23.51], [86.143, 23.481], [86.168, 23.476], [86.181, 23.467], [86.2, 23.464], [86.224, 23.457], [86.239, 23.47], [86.225, 23.436], [86.24, 23.423], [86.253, 23.425], [86.252, 23.437], [86.267, 23.44], [86.281, 23.435], [86.313, 23.426], [86.31, 23.438], [86.306, 23.448], [86.326, 23.458], [86.34, 23.452], [86.352, 23.464], [86.364, 23.482], [86.372, 23.486], [86.354, 23.496], [86.367, 23.519], [86.36, 23.531], [86.36, 23.546], [86.368, 23.559], [86.383, 23.572], [86.387, 23.585], [86.41, 23.598], [86.427, 23.61], [86.44, 23.617], [86.445, 23.632], [86.502, 23.632], [86.537, 23.635], [86.591, 23.662], [86.616, 23.672], [86.669, 23.686], [86.732, 23.694], [86.759, 23.678], [86.793, 23.695], [86.805, 23.74], [86.819, 23.752], [86.798, 23.798], [86.793, 23.831], [86.806, 23.828], [86.814, 23.812], [86.844, 23.822], [86.871, 23.844], [86.877, 23.813], [86.887, 23.827], [86.882, 23.857], [86.885, 23.873], [86.907, 23.88], [86.936, 23.845], [86.958, 23.859], [86.972, 23.863], [87.013, 23.847], [87.064, 23.813], [87.088, 23.808], [87.108, 23.802], [87.115, 23.8], [87.134, 23.796], [87.154, 23.798], [87.159, 23.828], [87.13, 23.851], [87.131, 23.867], [87.148, 23.863], [87.169, 23.858], [87.184, 23.853], [87.189, 23.846], [87.199, 23.848], [87.217, 23.851], [87.235, 23.848], [87.222, 23.835], [87.234, 23.825], [87.255, 23.839], [87.246, 23.857], [87.245, 23.881], [87.248, 23.907], [87.26, 23.902], [87.262, 23.878], [87.281, 23.884], [87.295, 23.899], [87.292, 23.939], [87.278, 23.958], [87.26, 23.97], [87.267, 23.988], [87.257, 24.0], [87.256, 23.998], [87.254, 23.996], [87.252, 23.996], [87.25, 23.996], [87.248, 23.996], [87.246, 23.998], [87.241, 24.006], [87.233, 24.025], [87.244, 24.042], [87.264, 24.035], [87.283, 24.027], [87.304, 24.029], [87.326, 24.03], [87.332, 24.018], [87.321, 24.009], [87.318, 24.002], [87.337, 23.995], [87.353, 24.002], [87.365, 24.007], [87.39, 24.002], [87.415, 23.991], [87.427, 23.988], [87.437, 23.979], [87.454, 23.983], [87.455, 23.997], [87.443, 24.001], [87.446, 24.007], [87.438, 24.009], [87.437, 24.011], [87.449, 24.016], [87.459, 24.013], [87.469, 24.012], [87.479, 24.014], [87.491, 24.023], [87.501, 24.026], [87.509, 24.035], [87.504, 24.046], [87.492, 24.056], [87.491, 24.067], [87.497, 24.074], [87.504, 24.078], [87.498, 24.084], [87.49, 24.09], [87.496, 24.097], [87.494, 24.108], [87.5, 24.115], [87.514, 24.111], [87.521, 24.104], [87.531, 24.099], [87.544, 24.087], [87.56, 24.083], [87.573, 24.086], [87.571, 24.095], [87.575, 24.109], [87.582, 24.123], [87.605, 24.127], [87.598, 24.138], [87.581, 24.15], [87.577, 24.159], [87.596, 24.16], [87.616, 24.165], [87.636, 24.157], [87.657, 24.156], [87.68, 24.148], [87.694, 24.159], [87.697, 24.175], [87.689, 24.185], [87.674, 24.2], [87.653, 24.206], [87.642, 24.22], [87.637, 24.238], [87.647, 24.249], [87.654, 24.237], [87.662, 24.245], [87.674, 24.247], [87.685, 24.253], [87.703, 24.26], [87.705, 24.275], [87.71, 24.287], [87.724, 24.287], [87.736, 24.289], [87.746, 24.3], [87.758, 24.308], [87.762, 24.321], [87.761, 24.333], [87.773, 24.349], [87.785, 24.368], [87.798, 24.382], [87.795, 24.392], [87.798, 24.4], [87.81, 24.407], [87.805, 24.418], [87.788, 24.412], [87.792, 24.424], [87.79, 24.435], [87.797, 24.442], [87.803, 24.45], [87.815, 24.454], [87.817, 24.465], [87.811, 24.475], [87.817, 24.486], [87.822, 24.492], [87.82, 24.493], [87.81, 24.492], [87.81, 24.502], [87.807, 24.511], [87.803, 24.502], [87.795, 24.491], [87.798, 24.502], [87.8, 24.512], [87.798, 24.525], [87.8, 24.541], [87.805, 24.549], [87.792, 24.566], [87.768, 24.572], [87.785, 24.582], [87.802, 24.578], [87.814, 24.573], [87.824, 24.563], [87.841, 24.554], [87.849, 24.557], [87.86, 24.555], [87.869, 24.561], [87.89, 24.572], [87.897, 24.582], [87.907, 24.587], [87.908, 24.599], [87.899, 24.608], [87.886, 24.605], [87.875, 24.61], [87.875, 24.616], [87.886, 24.612], [87.896, 24.612], [87.901, 24.62], [87.895, 24.624], [87.887, 24.629], [87.9, 24.629], [87.908, 24.637], [87.91, 24.655], [87.903, 24.667], [87.887, 24.674], [87.897, 24.691], [87.898, 24.706], [87.903, 24.712], [87.896, 24.723], [87.884, 24.733], [87.871, 24.73], [87.84, 24.738], [87.814, 24.753], [87.826, 24.769], [87.834, 24.788], [87.837, 24.777], [87.835, 24.763], [87.85, 24.761], [87.865, 24.774], [87.868, 24.787], [87.875, 24.79], [87.876, 24.803], [87.87, 24.815], [87.869, 24.823], [87.891, 24.823], [87.894, 24.829], [87.898, 24.843], [87.897, 24.854], [87.936, 24.87], [87.967, 24.881], [87.972, 24.903], [87.966, 24.93], [87.946, 24.949], [87.919, 24.973], [87.902, 24.999], [87.877, 25.028], [87.835, 25.057], [87.78, 25.087], [87.769, 25.127], [87.779, 25.177], [87.788, 25.22], [87.83, 25.204], [87.834, 25.213], [87.832, 25.245], [87.847, 25.252], [87.85, 25.267], [87.856, 25.283], [87.85, 25.297], [87.82, 25.313], [87.791, 25.322], [87.787, 25.355], [87.766, 25.378], [87.766, 25.404], [87.762, 25.412], [87.771, 25.412], [87.77, 25.429], [87.787, 25.449], [87.807, 25.435], [87.822, 25.443], [87.826, 25.458], [87.85, 25.465], [87.864, 25.47], [87.869, 25.497], [87.879, 25.516], [87.896, 25.505], [87.903, 25.511], [87.914, 25.524], [87.92, 25.531], [87.938, 25.535], [87.964, 25.533], [87.988, 25.524], [87.985, 25.508], [88.004, 25.494], [88.012, 25.508], [88.02, 25.495], [88.035, 25.493], [88.046, 25.483], [88.056, 25.484], [88.068, 25.49], [88.071, 25.505], [88.069, 25.513], [88.056, 25.53], [88.042, 25.532], [88.03, 25.55], [88.033, 25.561], [88.028, 25.566], [88.021, 25.587], [88.039, 25.595], [88.03, 25.6], [88.04, 25.61], [88.039, 25.627], [88.043, 25.632], [88.04, 25.642], [88.046, 25.644], [88.044, 25.653], [88.043, 25.674], [88.049, 25.691], [88.035, 25.694], [88.022, 25.692], [88.018, 25.702], [87.997, 25.712], [87.982, 25.722], [87.962, 25.73], [87.944, 25.744], [87.942, 25.756], [87.929, 25.772], [87.901, 25.769], [87.898, 25.799], [87.902, 25.804], [87.899, 25.812], [87.903, 25.814], [87.904, 25.819], [87.896, 25.829], [87.883, 25.829], [87.895, 25.833], [87.905, 25.853], [87.881, 25.858], [87.868, 25.864], [87.843, 25.869], [87.818, 25.881], [87.818, 25.888], [87.814, 25.9], [87.812, 25.913], [87.804, 25.914], [87.806, 25.928], [87.827, 25.932], [87.825, 25.944], [87.825, 25.959], [87.826, 25.984], [87.833, 26.001], [87.841, 26.041], [87.875, 26.056], [87.888, 26.072], [87.913, 26.091], [87.923, 26.072], [87.937, 26.08], [87.96, 26.084], [87.97, 26.087], [87.958, 26.097], [87.958, 26.109], [87.959, 26.126], [87.969, 26.139], [87.97, 26.154], [87.996, 26.142], [88.015, 26.143], [88.027, 26.163], [88.037, 26.178], [88.052, 26.172], [88.07, 26.176], [88.082, 26.192], [88.094, 26.207], [88.108, 26.217], [88.12, 26.228], [88.136, 26.228], [88.141, 26.246], [88.163, 26.258], [88.189, 26.275], [88.214, 26.282], [88.225, 26.289], [88.234, 26.307], [88.248, 26.327], [88.261, 26.338], [88.272, 26.331], [88.279, 26.346], [88.29, 26.357], [88.268, 26.381], [88.245, 26.376], [88.229, 26.39], [88.263, 26.415], [88.263, 26.428], [88.243, 26.449], [88.225, 26.456], [88.226, 26.476], [88.215, 26.47], [88.183, 26.488], [88.194, 26.508], [88.219, 26.524], [88.231, 26.552], [88.219, 26.549], [88.21, 26.541], [88.207, 26.535], [88.199, 26.539], [88.186, 26.544], [88.179, 26.531], [88.166, 26.534], [88.151, 26.517], [88.138, 26.514], [88.11, 26.53], [88.105, 26.536], [88.109, 26.541], [88.109, 26.55], [88.11, 26.56], [88.116, 26.559], [88.117, 26.566], [88.115, 26.566], [88.117, 26.571], [88.123, 26.575], [88.126, 26.576], [88.128, 26.577], [88.132, 26.579], [88.132, 26.586], [88.134, 26.598], [88.138, 26.606], [88.147, 26.627], [88.157, 26.63], [88.162, 26.636], [88.168, 26.67], [88.17, 26.699], [88.185, 26.727], [88.189, 26.738], [88.189, 26.757], [88.18, 26.803], [88.174, 26.829], [88.171, 26.842], [88.17, 26.848], [88.176, 26.855], [88.174, 26.86], [88.169, 26.87], [88.16, 26.884], [88.15, 26.888], [88.144, 26.894], [88.139, 26.899], [88.147, 26.916], [88.148, 26.921], [88.135, 26.938], [88.126, 26.96], [88.133, 26.98], [88.127, 26.987], [88.118, 26.988], [88.107, 26.997], [88.091, 27.015], [88.08, 27.035], [88.07, 27.031], [88.061, 27.031], [88.043, 27.036], [88.036, 27.044], [88.025, 27.063], [88.023, 27.082], [88.015, 27.093], [88.005, 27.103], [87.998, 27.103], [87.99, 27.119], [87.994, 27.131], [88.01, 27.143], [88.014, 27.159], [88.022, 27.171], [88.02, 27.173], [88.019, 27.193], [88.018, 27.211], [88.024, 27.221], [88.062, 27.211], [88.075, 27.199], [88.072, 27.179], [88.084, 27.161], [88.089, 27.139], [88.127, 27.123]]]]}}]}